crd,linkedin_url,query,engine
1395828,,Jay Wamsley linkedin,
1395557,,ANTONIO DA CUNHA linkedin,
1395222,https://linkedin.com/in/terrytsteele,Terry Steele MERRILL linkedin,brave
1395842,https://linkedin.com/in/nicholas-hauser-646478206,NICHOLAS HAUSER LPL linkedin,brave
1395786,https://linkedin.com/in/paul-morris-b8024543,ANN MORRIS MERRILL linkedin,startpage
1395210,https://linkedin.com/in/paigepierce,PAIGE PIERCE BLEY linkedin,startpage
1395076,https://linkedin.com/in/robert-beck-cfa-8b5694116,ROBERT BECK PRINCIPAL linkedin,startpage
1395473,https://linkedin.com/in/cody-nelson-66957a63,CHARLES NELSON &PARTNERS linkedin,startpage
1395725,https://linkedin.com/in/teresa-lynn-friend-5b850b13,LYNN FRIEND linkedin,startpage
1395965,https://linkedin.com/in/stephendicarlojr,Stephen DiCarlo RBC linkedin,startpage
1395819,https://linkedin.com/in/richardglaser,RICHARD GLASER MERRILL linkedin,startpage
1396270,,CATHY MARCHESANI linkedin,
1395645,https://linkedin.com/in/james-fernandez-32435051,JAMES FERNANDEZ MORGAN linkedin,startpage
1396130,https://linkedin.com/in/adam-trimmer-8498bab5,MARK TRIMMER RAYMOND linkedin,startpage
1395726,https://linkedin.com/in/catherineljoyce,CATHERINE JOYCE linkedin,startpage
1395246,https://linkedin.com/in/tony-kemper-496a3911,ANTOINE KEMPER BUTLER linkedin,startpage
1396288,https://linkedin.com/in/jrpenn,JAMES PENN PFS linkedin,startpage
1395769,https://linkedin.com/in/edward-colley-fca-90b79866,EDWARD COLLEY linkedin,startpage
1395727,https://linkedin.com/in/richard-wilson-a6b651154,CAROLYN WILSON LPL linkedin,startpage
1396223,https://linkedin.com/in/charlie-cole-93685a25,CHARLES COLE CAMBRIDGE linkedin,startpage
1396282,,PAUL SINOFSKY linkedin,
1396294,https://linkedin.com/in/bjornmeyer,JAMES MEYER PFS linkedin,startpage
1396284,https://linkedin.com/in/andrewbrazie,DREW BRAZIE linkedin,startpage
1396176,https://linkedin.com/in/barbara-fox-96580730b,BARBARA FOX MORGAN linkedin,startpage
1396132,https://linkedin.com/in/richard-treta-cfp,Richard Treta linkedin,startpage
1395757,https://linkedin.com/in/deborahmillsscofield,DEBORAH MILLS linkedin,startpage
1396302,https://linkedin.com/in/duane-shoop-842ab029,DUANE SHOOP KCD linkedin,startpage
1396273,,AMY ALVAREZ linkedin,
1396305,https://linkedin.com/in/scott-lang-68331718,SCOTT LANG linkedin,startpage
1396511,https://linkedin.com/in/paul-o-brien-37a828b6,PAUL O'BRIEN WELLS linkedin,startpage
1395675,,Elbert Bledsoe linkedin,
1396262,https://linkedin.com/in/joseph-cristadoro-92317b7b,JOSEPH CRISTADORO LPL linkedin,startpage
1395551,https://linkedin.com/in/robert-denzer-96269337b,ROBERT DENZER linkedin,startpage
1395977,,SCOTT LOMES linkedin,
1396472,,RUSSELL DAY linkedin,
1395848,https://linkedin.com/in/tom-widener-945b694,THOMAS WIDENER linkedin,startpage
1396480,,KEVIN ZIRK linkedin,
1396249,https://linkedin.com/in/john-s-bauer,JOHN BAUER linkedin,startpage
1396322,,CAROL KEATHLEY linkedin,
1396818,https://linkedin.com/in/amanda-pelliccioni-a399761b,LOUIS PELLICCIONI LPL linkedin,startpage
1396932,https://linkedin.com/in/nicole-crowson,SUSAN CROWSON linkedin,startpage
1396631,https://linkedin.com/in/mattkabot,MATTHEW KABOT MORGAN linkedin,startpage
1396295,https://linkedin.com/in/fred-miller-87967b1,FREDERICK MILLER linkedin,startpage
1396333,https://linkedin.com/in/luis-canales-836b3723b,LUIS CANALES linkedin,startpage
1396531,https://linkedin.com/in/gretchen-sholty-54b8a4218,RICHARD SHOLTY linkedin,startpage
1396981,https://linkedin.com/in/wil-carter-078bb6a,WILFRED CARTER PROSPERA linkedin,startpage
1396822,https://linkedin.com/in/john-t-w-pace-jr-cfa-6500b781,JOHN PACE RAYMOND linkedin,startpage
1396259,https://linkedin.com/in/daniel-detore-886ba4b0,DANIEL DETORE linkedin,startpage
1396787,https://linkedin.com/in/mike-d-hont-21264441,DONNA D'HONT linkedin,startpage
1396349,https://linkedin.com/in/kriscroucher,ROSS CROUCHER CAMBRIDGE linkedin,startpage
1396510,https://linkedin.com/in/sharon-barker-1a149131,SHARI BARKER MORGAN linkedin,startpage
1396418,https://linkedin.com/in/jill-kasen-15744a133,JILL KASEN linkedin,startpage
1397008,,DUANE RAANES linkedin,
1396550,,Henry Glasheen linkedin,
1396732,https://linkedin.com/in/josh-nickel-08b21575,LEIGH NICKEL linkedin,startpage
1397007,https://linkedin.com/in/simon-dercks-30a426137,Dennis Dercks linkedin,startpage
1397090,https://linkedin.com/in/edward-hecker-00765112,EDWARD HECKER linkedin,startpage
1397470,,JUDI UNDERWOOD linkedin,
1396315,,STANISLAW BIS linkedin,
1396567,,CLINTON COLEMAN linkedin,
1396858,https://linkedin.com/in/frankmcaleer,FRANCIS MCALEER linkedin,startpage
1397099,https://linkedin.com/in/bill-wiegand-680086118,William Wiegand UBS linkedin,startpage
1397292,https://linkedin.com/in/gayle-terry-0231385,GAYLE TERRY linkedin,startpage
1397402,https://linkedin.com/in/joseph-j-castro,JOSEPH CASTRO HSBC linkedin,startpage
1397367,https://linkedin.com/in/charles-p-gilbride,CHARLES GILBRIDE CAMBRIDGE linkedin,startpage
1397291,https://linkedin.com/in/hinklemichael,MICHAEL HINKLE linkedin,startpage
1396789,https://linkedin.com/in/michaelvesuvio,MICHAEL VESUVIO MML linkedin,startpage
1397478,https://linkedin.com/in/robert-renn-24529a72,ROBERT RENN CASTLEOAK linkedin,startpage
1397578,https://linkedin.com/in/sonya-king-cornell,Sonya King linkedin,startpage
1397348,https://linkedin.com/in/gary-stanco-22191947,GARY STANCO SEAPORT linkedin,startpage
1397664,https://linkedin.com/in/josephcordi,JOSEPH CORDI AEGIS linkedin,startpage
1397648,,RICHARD BEBO linkedin,
1397885,,MAYRA CRUZ linkedin,
1397890,,THOMAS KELLY linkedin,
1398008,,PATRICIA REILLY linkedin,
1397926,,KURT VONDERLINDEN linkedin,
1397898,,COLEMAN CONLEY linkedin,
1397867,,JEANINE TONEY linkedin,
1398025,,DOUGLAS TENNY linkedin,
1398087,,SCOTT BUTLER linkedin,
1397577,,VINOD PALLI linkedin,
1398113,,Steven Finkle linkedin,
1397908,,JOHN PALMA linkedin,
1397097,,JACALYN MURRAY linkedin,
1398187,,DIANE COSTELLO linkedin,
1398080,,Phillip Perkins linkedin,
1398216,,DOUGLAS COLEMAN linkedin,
1398164,,DANIEL RIPP linkedin,
1398183,,KEVIN ROTH linkedin,
1398035,,DONALD FOX linkedin,
1397016,,WILLIAM CLOSE linkedin,
1398003,,Lisa Lettieri linkedin,
1398476,,Charles Brittan linkedin,
1397104,,BARBARA YEE linkedin,
1398262,,DANIEL KOLB linkedin,
1398029,,VESTANA AHLEN linkedin,
1397411,,Philip Korot linkedin,
1398320,,ROBERT PODOLSKY linkedin,
1397076,,GREGG SOMERVILLE linkedin,
1397000,,PETER MOORE linkedin,
1398739,,RICHARD NELSON linkedin,
1398353,,SCOTT SAMSON linkedin,
1398357,,HOWARD HOFFER linkedin,
1398450,,GARY WARGO linkedin,
1398304,,LISA WESTMORELAND linkedin,
1398818,,KENNETH CUNNINGHAM linkedin,
1398850,,WILLARD FOLEY linkedin,
1399007,,ERIC PEPPER linkedin,
1398568,,GEORGE MCLINEY linkedin,
1398331,,BRIAN HETHERINGTON linkedin,
1399063,,TROY PITTOCK linkedin,
1396707,,Robert Oakes linkedin,
1398624,,SEDRICK THOMAS linkedin,
1397575,,MARK SANTIA linkedin,
1399120,,FLORENCE GRIESS linkedin,
1398190,,DOMINGOS NOYA linkedin,
1399340,,DANIEL KEMPKER linkedin,
1399363,,Todd Tidball linkedin,
1398501,,KENNETH BUCHSBAUM linkedin,
1398823,,CHARLES RIVERS linkedin,
1397316,,PHILIP WOSOTOWSKY linkedin,
1399450,,RANDOLPH BROWN linkedin,
1399528,,JOSEPH BALBI linkedin,
1398641,,ARETHA JORDAN-SEREAL linkedin,
1399133,,Margaret Corcillo linkedin,
1399220,,DANIEL GINDI linkedin,
1399264,,JUDITH BELSHE linkedin,
1399665,,MARGARET SUITE-ARNOLD linkedin,
1397843,,THEODORE DUNHAM linkedin,
1399466,,DANNIE ARCHIE linkedin,
1399203,,KAREN TURNER linkedin,
1399596,,STEVEN SHERMAN linkedin,
1399607,,JAMES HACK linkedin,
1399232,,AUGUST HURT linkedin,
1397676,,James McHale linkedin,
1399324,,ROBERT VEST linkedin,
1399730,,GREGREY BAKER linkedin,
1398740,,MICHAEL MUNCK linkedin,
1399374,,BRENT MARKLEY linkedin,
1399020,,DAVID OLSEN linkedin,
1399052,,STEVEN SHERMAN linkedin,
1399481,,MICHAEL WATERS linkedin,
1399836,,ALAN PRANSKY linkedin,
1400015,,PETER KNOWLTON linkedin,
1398662,,GARY PEREIRA linkedin,
1399640,,DANIEL CROONQUIST linkedin,
1399243,,Lynn Tramontano linkedin,
1399250,,THOMAS FEENEY linkedin,
1399852,,CRAIG MCCUNE linkedin,
1400166,,MARY ZAMBONI linkedin,
1400223,,David Waltz linkedin,
1400269,,JEFFREY GREEN linkedin,
1400026,,BRYAN KORMAN linkedin,
1400019,,PAUL DEMARK linkedin,
1399625,,RANDY GODSEY linkedin,
1400144,,BRIAN MOLDT linkedin,
1400235,,DONALD TALERICO linkedin,
1399858,,John Seitz linkedin,
1399796,,JONATHAN WILT linkedin,
1400624,,ROBERT LONG linkedin,
1399987,,KYLE ZOELLNER linkedin,
1400371,,JONATHAN FOUTS linkedin,
1400736,,DENISE STOVER linkedin,
1399748,,TRAVIS HUGHES linkedin,
1399885,,ROBERT LAW linkedin,
1400848,,JAMES SIMPSON linkedin,
1399826,,RICHARD STEINMAN linkedin,
1399902,,NANCY BECK linkedin,
1400944,,JOSEPH VERRIA linkedin,
1401146,,SYLVIA RAITH linkedin,
1400090,,M COLLINS linkedin,
1401086,,TERRY HILL linkedin,
1401147,,JEFFREY JONES linkedin,
1401331,,THOMAS ALTEN linkedin,
1399892,,GREGORY HAYES linkedin,
1400286,,PAUL CURTIS linkedin,
1400308,,MARSHAL SALANT linkedin,
1400714,,Henry Kaplan linkedin,
1400006,,PAUL DRANOVE linkedin,
1400937,,STEVEN LAJKA linkedin,
1401462,,ANDREA GOLIS linkedin,
1401015,,DEBORAH CRISCI linkedin,
1401543,,R SMITH linkedin,
1400087,,MARK KELLY linkedin,
1400591,,DEBORAH FIELD linkedin,
1400981,,ALBERTO RAFULS linkedin,
1401445,,DAVID TRAGESER linkedin,
1400920,,DAVID DUFF linkedin,
1400933,,GEORGE BAUER linkedin,
1400401,,ROGER F. VIERRA linkedin,
1401779,,JOHN PARISE linkedin,
1401004,,ANDREW SEMJEN linkedin,
1401848,,JEFFERSON FEAGANES linkedin,
1401631,,STEVEN BISCHOFF linkedin,
1401857,,SAMUEL MARCO GUGLIEMINI linkedin,
1401358,,BRADLEY MANN linkedin,
1401423,,Jane Donnelly linkedin,
1401287,,REBECCA BOWN linkedin,
1401637,,WINTHROP HARVEY linkedin,
1401949,,TARA HARRIS JOSEPHS linkedin,
1401941,,MICHAEL WEBER linkedin,
1400942,,MICHAEL BURNS linkedin,
1400533,,JAMES PONDER linkedin,
1401644,,Craig Wiener linkedin,
1401784,,WILLIAM LAHETA linkedin,
1401724,,MICHAEL GALLO linkedin,
1402342,,FRANK DOYLE linkedin,
1401425,,MODESTO RUGGIERO linkedin,
1402344,,PARK DOUGHERTY linkedin,
1402363,,Laura Troyer linkedin,
1402386,,DAVID WEISS linkedin,
1401501,,MICHAEL SINCLAIR linkedin,
1401991,,MICHAEL RICCI linkedin,
1401598,,JOSEPH ROBINSON linkedin,
1402577,,ALFRED LAMMON linkedin,
1402671,,ALEXANDER PARIS linkedin,
1401745,,FOREST MOSES linkedin,
1401939,,JOHN RIZZO linkedin,
1402695,,Douglas Sellers linkedin,
1401967,,JON WEIR linkedin,
1402739,,CURTIS MILLER linkedin,
1401474,,RICHARD ZORENA linkedin,
1402662,,DAVID HOMA linkedin,
1402829,,MARY COUTURE linkedin,
1402337,,CAROLYN LEITH linkedin,
1401983,,MARK DUCK linkedin,
1402711,,CHANG CHUN linkedin,
1401961,,DAVID MCGAUGHEY linkedin,
1402466,,WILLIAM COFER linkedin,
1402408,,DENNIS LAIRD linkedin,
1402594,,ROBERT RICHARDSON linkedin,
1402584,,EDWARD SHARKEY linkedin,
1402830,,LINDA DAVIS linkedin,
1401788,,VANCE NEAL linkedin,
1402129,,JASON WINEMILLER linkedin,
1402340,,BRUCE GENTILELLA linkedin,
1402855,,STEPHEN FOUGEROUSSE linkedin,
1403071,,Kathleen Walsh linkedin,
1401920,,KATHY DALY linkedin,
1402736,,DAVID GALBRAITH linkedin,
1403163,,CRAIG HACKER linkedin,
1402916,,JAMES RICE linkedin,
1402801,,CYNTHIA THOMPSON linkedin,
1403179,,RICHARD D. ROGERS linkedin,
1402934,,MICHAEL SALMON linkedin,
1402904,,Peter Shelp linkedin,
1403191,,LISA WORKMAN linkedin,
1403213,,DUANE THOMAS linkedin,
1402935,,BRIAN KELLY linkedin,
1403327,,NOLAN CALDWELL linkedin,
1403352,,RONALD GELOK linkedin,
1402702,,Mark SHUSTER linkedin,
1403003,,LORA CARLON linkedin,
1403460,,DAVID ROOT linkedin,
1402285,,THOMAS CURTIS linkedin,
1403462,,GERARD WALSH linkedin,
1402846,,JOHN HILLMAN linkedin,
1402867,,JAMES STAHL linkedin,
1402870,,CAROLYN FRENCH linkedin,
1402738,,JOHN WELLS linkedin,
1403619,,WILLIAM WOLBRECHT linkedin,
1403319,,JOHN IARUSSI linkedin,
1403316,,JIMMY WONG linkedin,
1403498,,KEITH BOWERS linkedin,
1403519,,TERRI DAVIS linkedin,
1403565,,RICHARD COX linkedin,
1402965,,JONATHAN ROTH linkedin,
1403591,,KEVIN ODELL linkedin,
1403856,,MARCIE FASSLER linkedin,
1403628,,JOHN RICKELTON linkedin,
1403153,,DAVID NORIEGA linkedin,
1403455,,RANDY STARK linkedin,
1403713,,VICKI SMITH linkedin,
1403836,,MARY GODINO linkedin,
1404040,,Anthony Cravitz linkedin,
1403859,,JOHN BORRIS linkedin,
1403448,,William Barry linkedin,
1403149,,GERALD GRAHAM linkedin,
1404169,,DENISE JAQUES linkedin,
1403651,,DEAN COOK linkedin,
1403692,,DENNIS TARRANT linkedin,
1403439,,KELLY TREVETHAN linkedin,
1403955,,M CUEVAS linkedin,
1404050,,WILLIAM NIXON linkedin,
1403838,,MARK DALTON linkedin,
1403599,,MARK NEUENSWANDER linkedin,
1403544,,RANDALL GIORGI linkedin,
1404106,,IVY FREDERICKS linkedin,
1404127,,DAVID LOSITO linkedin,
1403914,,VITO GARFI linkedin,
1403968,,ALFRED BOZZO linkedin,
1404607,,Sherry Snodgrass linkedin,
1403954,,SHERIDAN LAKE linkedin,
1404657,,CHARLES WOODBURY linkedin,
1404261,,KIMBERLI KIEFER linkedin,
1404095,,FREDERICK WALTER linkedin,
1404167,,Robert Holland linkedin,
1404378,,VERONICA MARCH linkedin,
1404858,,Stephen Balogh linkedin,
1403791,,JOSEPH BARTOLOTTA linkedin,
1403457,,GEORGE TEMEL linkedin,
1404984,,THOMAS OCCHIOGROSSO linkedin,
1404934,,STEPHEN MARTINY linkedin,
1404533,,ENRICO ALBANO linkedin,
1404546,,JOHN KEENAN linkedin,
1404537,,NOREEN GALLAGHER linkedin,
1404669,,JOHN HARCAR linkedin,
1404996,,TERRY KNOTT linkedin,
1404260,,ERIC RISLEY linkedin,
1404686,,Thomas Laporta linkedin,
1405103,,GEORGE BURDICK linkedin,
1404813,,GARY WEISNER linkedin,
1404200,,Cameron Athy linkedin,
1403688,,ALISON SMITH linkedin,
1404978,,GERALD CASTELLANO linkedin,
1405373,,MARK WESTON linkedin,
1404389,,Roberto Fernandez linkedin,
1404876,,DANIEL PALMER linkedin,
1405302,,STEVEN KENNEDY linkedin,
1405435,,William Jones linkedin,
1405039,,JAMES GIBBS linkedin,
1405639,,William Feingold linkedin,
1405150,,JAMES GEARIN linkedin,
1405548,,BENJAMIN GRIFFITH linkedin,
1404710,,OWEN MAY linkedin,
1405583,,DANIEL VILLARREAL linkedin,
1405477,,CHARLES DENNIS linkedin,
1404402,,GINA MONTANA linkedin,
1404930,,Ronald White linkedin,
1405626,,CHRISTOPHER CAMPO linkedin,
1405784,,CARRIE HALL linkedin,
1405796,,Christopher Garrity linkedin,
1404927,,RASIK SHAH linkedin,
1405052,,MICHAEL MUTTI linkedin,
1405817,,NORMAN STUART linkedin,
1405328,,NICHOLAS KLOPSIS linkedin,
1405403,,KEVIN DRAGGOO linkedin,
1405110,,CARLTON GUSHIKEN linkedin,
1405173,,PATRICK GORMAN linkedin,
1405212,,EDWARD ROBINSON linkedin,
1405843,,LANCE DRUCKER linkedin,
1405801,,SETH KAPLAN linkedin,
1406036,,Solomon Becker linkedin,
1405987,,STEVEN GREEN linkedin,
1406278,,MICHAEL MILLER linkedin,
1406284,,JOHN LIPAJ linkedin,
1405452,,ROBERT ELLIOTT linkedin,
1405469,,ROBERT WOLFF linkedin,
1404454,,MARK POND linkedin,
1406115,,CRAIG LONG linkedin,
1406429,,JOHN WEST linkedin,
1406290,,MICHAEL LEMKIN linkedin,
1406383,,DAVID YONKS linkedin,
1405800,,DONALD SAVINO linkedin,
1406497,,ARTHUR HIATT linkedin,
1406460,,EDITH WENNICK linkedin,
1406506,,GREGG KOUTOUVIDIS linkedin,
1406432,,MARK LOHRMAN linkedin,
1405683,,THEODORE ANIBAL linkedin,
1406523,,EDWARD ROUQUETTE linkedin,
1406503,,KRISS KLAUS linkedin,
1405940,,RUSSELL BRODA linkedin,
1405828,,TODD STOUT linkedin,
1406597,,MARK SANTAS linkedin,
1406613,,TIMOTHY JUNE linkedin,
1406525,,NATHAN LOW linkedin,
1406584,,JOSHUA GULLY linkedin,
1405998,,JILL SUH linkedin,
1406628,,BARBARA HALE linkedin,
1406283,,MAX LARSEN linkedin,
1406020,,CHARLES ROSS linkedin,
1406134,,IRENE EUROPA linkedin,
1406003,,MARK FALER linkedin,
1406313,,WILLIAM FRASER linkedin,
1406722,,LELAND SOFFEL linkedin,
1406762,,THOMAS WALSH linkedin,
1406865,,STEVEN MILLER linkedin,
1406452,,JEFFRY ROSEN linkedin,
1406849,,ROBERT BECKER linkedin,
1406979,,Michael Hebner linkedin,
1406454,,RAYMOND RUTLAND linkedin,
1406829,,THOMAS RUSSELL linkedin,
1407092,,STEVEN LOVEJOY linkedin,
1407291,,DIRK RABENOLD linkedin,
1407290,,Nicholas Matulich linkedin,
1407337,,ALFRED VALLANO linkedin,
1406591,,RON LISSAK linkedin,
1407010,,ELMER NAKAO linkedin,
1407427,,ANDREA KEAN linkedin,
1407476,,BRUCE PEARSON linkedin,
1407495,,PATRICIA TER HEUN linkedin,
1405884,,FRED CROZIER linkedin,
1407347,,JAMES DONOFRIO linkedin,
1406683,,JOHN SATTERFIELD linkedin,
1407554,,TINA FOSTER linkedin,
1406677,,RENE TURNER linkedin,
1407500,,PAUL CARR linkedin,
1407939,,ROBERT WOOLWAY linkedin,
1406821,,CHRISTIAN DAVID linkedin,
1407798,,Kevin Malone linkedin,
1406315,,CARLOS ORTIZ linkedin,
1406393,,RICHARD TARSITANO linkedin,
1408077,,MARTIN MARINO linkedin,
1406731,,Blair Thompson linkedin,
1408040,,DAVID POITRAS linkedin,
1406424,,BARTON COUCH linkedin,
1406921,,MARY FEDUSKA linkedin,
1408207,,KENT PORTER linkedin,
1408080,,FREMONT UTTER linkedin,
1408159,,J DOUGLAS RIVA linkedin,
1408273,,RICHARD KORENGOLD linkedin,
1408322,,MAURY SHAPIRO linkedin,
1408547,,PATRICK DOWNES linkedin,
1406943,,BETH GOLDEN linkedin,
1408649,,GAYLE STARR linkedin,
1407028,,THOMAS ENDERSBE linkedin,
1408478,,BARBARA BAUER linkedin,
1408565,,LOY GOTHAM linkedin,
1408597,,MURRAY SEGAL linkedin,
1408774,,ALLEN HEFFLER linkedin,
1408752,,HOMI MODI linkedin,
1407110,,THOMAS SMITH linkedin,
1406973,,ALAN KONN linkedin,
1408843,,GREGORY COLLIER linkedin,
1408918,,FRANK BRAND linkedin,
1408932,,STEPHEN MCKEE linkedin,
1409091,,XUAN NGUYEN linkedin,
1407760,,LANNY STOUT linkedin,
1406664,,GREGORY CROSBY linkedin,
1407528,,DAVID CASTELLAW linkedin,
1409164,,JOSEPH TABET linkedin,
1409209,,WAYNE HORIKAMI linkedin,
1407984,,LYNNE BLODGETT linkedin,
1407750,,John Corello linkedin,
1409284,,Jerry Tanner linkedin,
1408199,,Stephen Widner linkedin,
1409319,,FRANK LORIA linkedin,
1408444,,Craig Wong linkedin,
1407763,,MARY KAY HERMANN linkedin,
1409429,,DELIA TIO linkedin,
1408285,,JEFFREY SHARP linkedin,
1408614,,CHARLES NADDAFF linkedin,
1409544,,Ali Azeez linkedin,
1408761,,DOREDDA GROSSMAN linkedin,
1408742,,ROBERT KOSTY linkedin,
1409692,,CHRISTINE PROCTOR linkedin,
1408793,,KENNETH HARPE linkedin,
1409500,,BRUCE CAULK linkedin,
1409795,,MARTIN REID linkedin,
1407274,,RON TILLES linkedin,
1410003,,ROBIN RUDOLPH linkedin,
1409926,,ELIZABETH CALAMAN linkedin,
1410025,,KATHLEEN HOLTAN linkedin,
1408965,,JEFFREY BECK linkedin,
1408978,,JOSEPH SELLITTO linkedin,
1410141,,DAVID WOLFE linkedin,
1410092,,JOSEPH VIEIRA linkedin,
1409078,,DOUGLAS ANDERSON linkedin,
1410302,,LAWRENCE PROZAN linkedin,
1410219,,BRUCE RATAY linkedin,
1409082,,DANIEL DEYMONAZ linkedin,
1410273,,JOHN BURGRAFF linkedin,
1410342,,MARK COHEN linkedin,
1410344,,LARRY MELTON linkedin,
1410352,,GEOFFREY HUNTER linkedin,
1410327,,ATTILIO FOSCHINI linkedin,
1410458,,FREDERIC LEONARD linkedin,
1410467,,KEVIN VELLUZZI linkedin,
1409180,,CARLA JIMENEZ linkedin,
1410510,,WILLIAM ROCHE linkedin,
1410601,,ROBERT GANNON linkedin,
1410692,,NOREEN MCKILLOP linkedin,
1410648,,JOHN ROONEY linkedin,
1410665,,CRAIG BELZ linkedin,
1410645,,John Doherty linkedin,
1410614,,GARY SIRMAN linkedin,
1410791,,MICHAEL RICCIARDI linkedin,
1410773,,RITA RANA linkedin,
1410812,,MICHAEL TIEDEMANN linkedin,
1410895,,Joseph Monitto linkedin,
1410875,,EUGENE BOZZI linkedin,
1411000,,KATHRYN FITZGERALD linkedin,
1411085,,WINNIE MOU linkedin,
1411172,,J Murphy linkedin,
1409249,,JOHN GALLAGHER linkedin,
1411152,,KURTIS KIMURA linkedin,
1411186,,KRIS WELBORN linkedin,
1411219,,WILLIAM HORAN linkedin,
1411230,,MEI-LYN NELSON linkedin,
1411335,,RENEE MILLER linkedin,
1409334,,JAMES AGRAWAL linkedin,
1411345,,MARK FISLER linkedin,
1409521,,DAVID YOUNG linkedin,
1411361,,BRADLEY HAHN linkedin,
1409944,,ANTHONY WIGGAN linkedin,
1411420,,PAUL IVERSEN linkedin,
1411391,,MARK SULLIVAN linkedin,
1408777,,Norman Jordan linkedin,
1410054,,STEVEN FRANK linkedin,
1411465,,JAY STENZEL linkedin,
1410115,,PHILLIP ELLIOTT linkedin,
1411625,,KENNETH KNAPP linkedin,
1411702,,DOUGLAS DULAC linkedin,
1410421,,KENT R. DEAVER linkedin,
1411708,,Jeffrey Baker linkedin,
1409144,,SANDRA UDASCO linkedin,
1410539,,RONALD KOVAC linkedin,
1411749,,CHARLES THARNSTROM linkedin,
1411936,,LISA VILMIN linkedin,
1411948,,DANA SIMCOX linkedin,
1411950,,Robert Kennedy linkedin,
1410722,,MICHAEL MORAN linkedin,
1410799,,MARC ROWAN linkedin,
1410819,,KEVIN MEEHAN linkedin,
1412225,,JAMES KIRKPATRICK linkedin,
1412258,,RODNEY STONE linkedin,
1411308,,THOMAS MCDONALD linkedin,
1411343,,SCOTT ELLINGSON linkedin,
1410880,,JOSEPH PITCH linkedin,
1412298,,Christopher Bolle linkedin,
1410998,,PAUL SAKS linkedin,
1412383,,John Ubelhor linkedin,
1412339,,STEVEN MARTZ linkedin,
1411486,,THOMAS MILLER linkedin,
1410254,,MARK QUINTAL linkedin,
1412528,,JOSEPH JOHNSON linkedin,
1411558,,ANGEL TINEO linkedin,
1412584,,MARK DEWANE linkedin,
1412650,,RICHARD DUNN linkedin,
1411605,,SHELLEY STEIN linkedin,
1411610,,JAMES BEAR linkedin,
1412698,,KEITH BACHMAN linkedin,
1411914,,RITA SANCHEZ linkedin,
1412706,,ANTONY NACCARELLI linkedin,
1411462,,Tim Palmer linkedin,
1412716,,PATRICK KEENAN linkedin,
1412773,,CINDY LAWRIMORE linkedin,
1411833,,RODOLPH NUNN linkedin,
1411985,,GEORGE MARTONIK linkedin,
1411946,,PAULA KEY linkedin,
1412862,,CHARLES PEEBLES linkedin,
1411990,,JIMMIE KEAS linkedin,
1412880,,JOSEPH DUGAN linkedin,
1412801,,Kevin O'Fee linkedin,
1412781,,PETER EMERSON linkedin,
1412192,,SCOTT PEPER linkedin,
1413087,,SCOTT REFFETT linkedin,
1411258,,HAROLD MCMILLAN linkedin,
1412889,,Randall Sutton linkedin,
1413022,,WALTER KATZ linkedin,
1412289,,Patrick Donovan linkedin,
1412990,,MICHAEL VALDES linkedin,
1413105,,JOHN HIGGINS linkedin,
1413293,,EDWARD HIGHAM linkedin,
1413184,,JONATHAN KENNEY linkedin,
1413258,,JOHN LANZ linkedin,
1413302,,THOMAS BAIRD linkedin,
1413404,,MELISSA KINNARD linkedin,
1413534,,MATTHEW ROBEY linkedin,
1413486,,Lawrence Streb linkedin,
1413507,,Ken Fukushima linkedin,
1413513,,NANCY MOAK-MARSHALL linkedin,
1413615,,JEFFERY BELONGIA linkedin,
1413577,,LARRY FRIEDENBERG linkedin,
1413646,,TIMOTHY WELSH linkedin,
1413748,,MICHAEL MORAN linkedin,
1413720,,WILLIAM KIRBY linkedin,
1413764,,WILLIAM WESTLING linkedin,
1412514,,ROBERT ROSEN linkedin,
1413944,,James Holt linkedin,
1413943,,ROBERT LEE linkedin,
1414016,,WILLIAM COHRON linkedin,
1412544,,HENRY GREENBERG linkedin,
1412567,,DAVID KAY linkedin,
1412540,,WILLIAM NADLER linkedin,
1414076,,ROBERT BAKER linkedin,
1414104,,DAVID EPLER linkedin,
1414087,,NANCY HUGHES linkedin,
1412761,,PAUL BENDER linkedin,
1412737,,WILLIAM TEVLIN linkedin,
1414127,,JOHN PINEMAN linkedin,
1414022,,DREXEL BRANT linkedin,
1412932,,RONALD HAIR linkedin,
1414211,,SHARON NOVAK linkedin,
1412986,,GLENN STEPHENSON linkedin,
1414221,,JOHN CAMBIO linkedin,
1412242,,Miguel Castro linkedin,
1413218,,LINDA YATES linkedin,
1414325,,WILLIAM HOPPE linkedin,
1413044,,Alan Goldman linkedin,
1414352,,BRUCE DAVIS linkedin,
1414340,,THOMAS NEVITT linkedin,
1414373,,JOHN GRIER linkedin,
1414383,,DOMINICK SAGEER linkedin,
1413390,,JOSEPH REGAN linkedin,
1414491,,KENNETH HEHIR linkedin,
1414526,,SCOTT PETERS linkedin,
1413773,,CHARLES DIXON linkedin,
1413831,,KENNETH POWERS linkedin,
1414528,,Harry Press linkedin,
1414069,,DENNIS ROGINSKI linkedin,
1414672,,ADAM SHERMAN linkedin,
1414603,,RICHARD OZOLS linkedin,
1414691,,STEPHEN YOUHN linkedin,
1414037,,NAVIN SHAH linkedin,
1414081,,John Yerger linkedin,
1413678,,HOMER THORNTON linkedin,
1414106,,RANDALL VERLIN linkedin,
1414700,,NADIA DICKINSON linkedin,
1414843,,CARL MARCHITTO linkedin,
1414725,,LISA SHEVLIN linkedin,
1414863,,KENNETH RUBIN linkedin,
1414928,,STEVEN REEGLER linkedin,
1414118,,WILLIAM BURROUGH linkedin,
1415094,,JOHN MEO linkedin,
1414129,,Charles Toth linkedin,
1415101,,DAVID NEIHART linkedin,
1415163,,LARRY VOGT linkedin,
1414344,,JULIE KOENINGER linkedin,
1415069,,DENISE HOLMES linkedin,
1414320,,PAUL BEGGAN linkedin,
1415248,,SHARON PUGH linkedin,
1414333,,MADELEINE KASSIMIR linkedin,
1415164,,RITA GUALTIER linkedin,
1415348,,CAROL GERZON linkedin,
1415400,,PETER GUSTINI linkedin,
1415454,,JOHN GATTO linkedin,
1415492,,LINDA OSTREM linkedin,
1414436,,Keith May linkedin,
1413298,,WILLIAM PARUS linkedin,
1415416,,AJAY PARIKH linkedin,
1415493,,JAMES NYGREN linkedin,
1414438,,PAUL TUZINKIEWICZ linkedin,
1415562,,LISA MEHKI linkedin,
1415660,,PETER FLEMING linkedin,
1415681,,MICHAEL RUSS linkedin,
1415997,,John Dunn linkedin,
1415720,,CHARLES EISENMANN linkedin,
1415961,,MICHAEL WADE linkedin,
1416020,,David Sisemore linkedin,
1414533,,JAMES RICE linkedin,
1414564,,JOHN ANDERSON linkedin,
1416101,,LOUIS WARGO linkedin,
1416117,,ANGELA MILLER linkedin,
1416173,,PHILIP BOOLE linkedin,
1416264,,RICHARD LEET linkedin,
1416205,,PAUL LAKON linkedin,
1416304,,PREZADIS LEGRAND linkedin,
1416366,,H David Osnowitz linkedin,
1416374,,RANDOLPH PELOSI linkedin,
1414599,,JEFFREY WARNE linkedin,
1416516,,RUSSELL JONES linkedin,
1416439,,ALAN BENSON linkedin,
1416542,,GARY ZAUGG linkedin,
1416441,,SCOTT MILES linkedin,
1416591,,Jeff Worf linkedin,
1416599,,BENJAMIN FEIGENBAUM linkedin,
1414717,,Donald Ross linkedin,
1416671,,TIMOTHY STRASDAUSKAS linkedin,
1414845,,SHARI WONG linkedin,
1414734,,Paula Gandy linkedin,
1416896,,BRADLEY NEAL linkedin,
1416918,,JEFFERY HOWARD linkedin,
1416934,,LOUIS ZACHARY linkedin,
1415085,,DANIEL HAZEWSKI linkedin,
1414126,,AIXA BETANCOURT linkedin,
1416910,,PAUL FITZPATRICK linkedin,
1417116,,DAVID STARK linkedin,
1416939,,DONNA SIMMONS linkedin,
1415264,,G RUNNELS linkedin,
1417186,,LOUIS VELA linkedin,
1417272,,RONALD HELLER linkedin,
1415332,,MICHAEL SETTLE linkedin,
1417230,,BENETA REYNOSO linkedin,
1417309,,WILLIAM HUGHES linkedin,
1417382,,TODD RENDLER linkedin,
1417336,,DIANA FUSCO linkedin,
1417325,,HARRY BOOMS linkedin,
1417397,,CURT SIMONSEN linkedin,
1417511,,MATTHEW PRICE linkedin,
1417445,,JOHN MCNAMARA linkedin,
1415766,,Jeff Good linkedin,
1415505,,KIMBERLY SMETANA linkedin,
1417529,,DOUGLAS RUNTE linkedin,
1417675,,RICHARD KIRSCH linkedin,
1417677,,DANIEL LEUGERS linkedin,
1417737,,GARY LONDON linkedin,
1417818,,DAVID WEINER linkedin,
1416175,,COLLEEN RUSH linkedin,
1417810,,TERESA DEBEAU linkedin,
1416232,,CHARLES GUERRA linkedin,
1416142,,Ronald Sera linkedin,
1416138,,CHRISTOPHER NOBLE linkedin,
1416221,,RHONDA VIAPIANO linkedin,
1418270,,MARK WOODS linkedin,
1418175,,SUSAN LAHAY linkedin,
1418342,,NANCY ANDERSON linkedin,
1416650,,JIM DUNCAN linkedin,
1418399,,Adrienne McGrath linkedin,
1416660,,JOHN HIGGINS linkedin,
1416830,,GARY TASILLO linkedin,
1416675,,ROBERT LEVIN linkedin,
1418436,,KAREN GASPAR linkedin,
1418552,,PETER KING linkedin,
1418524,,DAVID JENNINGS linkedin,
1418494,,ROBERT STEGER linkedin,
1418572,,JEFFREY STEWART linkedin,
1418506,,DONALD GILLEN linkedin,
1418690,,JOSEPH FRITZ linkedin,
1418724,,ROBERT SHERRY linkedin,
1418754,,KEVIN LARSON linkedin,
1418734,,EDWARD FOLISI linkedin,
1417162,,Kimberly Garrett linkedin,
1418763,,Thomas Young linkedin,
1418827,,DAVID HEIMAN linkedin,
1417322,,William Kimlingen linkedin,
1418833,,THOMAS HILLEBRECHT linkedin,
1418870,,PATRICK PERFITT linkedin,
1418897,,William Marcus linkedin,
1417360,,SCOTT ELSAS linkedin,
1418988,,RICHARD MIHM linkedin,
1418915,,SANDRA ANDERSEN linkedin,
1415931,,Thomas Wiebe linkedin,
1418961,,THOMAS DARBY linkedin,
1417597,,SUZANNE EVANS linkedin,
1419046,,Michael Langen linkedin,
1417680,,THOMAS MARX linkedin,
1419165,,DALE BEED linkedin,
1419262,,SUZANNE KOMISAR linkedin,
1419343,,RICHARD SIMS linkedin,
1418047,,James Lamke linkedin,
1418012,,THEODORE FRANSE linkedin,
1417879,,SAMUEL PRICE linkedin,
1418328,,TERESSA CURRIER linkedin,
1418373,,TIM ENGBERG linkedin,
1418430,,WAYNE HALE linkedin,
1419509,,LEE LEONARD linkedin,
1419527,,IRIS WHITENER linkedin,
1419299,,MARIA PRAINITO linkedin,
1419205,,ALAN DEAN linkedin,
1419544,,CHARLES MEIZOSO linkedin,
1419238,,ANDREW GURLEY linkedin,
1419396,,Amy Moy linkedin,
1419415,,GARY BRUNO linkedin,
1419660,,ERIC GERSTEIN linkedin,
1419419,,ROBERT KEYES linkedin,
1419920,,JAMES VOLIN linkedin,
1419827,,SCOTT RAMSAY linkedin,
1420077,,CHARLES FRATT linkedin,
1420104,,JAMES BETHEA linkedin,
1419840,,Steven Norman linkedin,
1420176,,BRIAN TRAINER linkedin,
1420080,,BRETT MACHTIG linkedin,
1419954,,THOMAS MACK linkedin,
1420138,,RAYMOND GAULT linkedin,
1418445,,ADAM POPPER linkedin,
1420389,,BRENDA DUGGAN linkedin,
1420206,,HENRY STOCKMAN linkedin,
1420362,,DEAN GIELLA linkedin,
1420379,,SUSAN GALATI linkedin,
1420444,,WILLIAM NEAL linkedin,
1420425,,SATORU ASATO linkedin,
1420447,,EDWARD HANLON linkedin,
1418608,,RANDALL LINDE linkedin,
1420490,,ELIZABETH COOKE linkedin,
1420586,,RICHARD HIGGS linkedin,
1420462,,Suzanne Klusner linkedin,
1420473,,JAMES GIBSON linkedin,
1420515,,PAUL JACOBSON linkedin,
1418774,,STEPHEN HAKIM linkedin,
1420701,,JAMES CARLE linkedin,
1420601,,STEPHEN PUTORTE linkedin,
1420644,,SUE BADGLEY linkedin,
1420697,,DEBORAH HERMERDING linkedin,
1418813,,William Lafond linkedin,
1420721,,Steven Perry linkedin,
1420990,,GERARD NIZICH linkedin,
1420885,,Alphonso Brown linkedin,
1420779,,WILLIAM CANALE linkedin,
1421090,,STEPHANIE GEAR linkedin,
1421199,,Kenneth Davis linkedin,
1421164,,KENT ENGELKE linkedin,
1421245,,PHILIP SUMMERS linkedin,
1421224,,Eric Medina linkedin,
1421269,,Stephen Parry linkedin,
1421276,,JOSEPH ST. PEDRO linkedin,
1419335,,ALBERT FABER linkedin,
1421362,,MARK ADKINS linkedin,
1421448,,HARRY HELMY linkedin,
1421516,,BARBARA NOVAK linkedin,
1421557,,JUSTIN KING linkedin,
1419354,,WAYNE LAMPLEY linkedin,
1419018,,Lynne Metzger linkedin,
1421604,,DIANE GALVIN linkedin,
1421673,,JOSEPH RICE linkedin,
1420408,,THOMAS TRAVERS linkedin,
1421684,,JAYNE MILLS linkedin,
1420073,,KAREN SWIGART linkedin,
1419536,,JEFFREY NEUWIRTH linkedin,
1420419,,Elise Leszczynski linkedin,
1421765,,SUZANNE LOPORTO linkedin,
1421953,,JAMES ROYAL linkedin,
1420593,,J OTTERBEIN linkedin,
1421835,,MARIO MILELLI linkedin,
1420135,,ROBERT ROSS linkedin,
1421636,,RICHARD TANNER linkedin,
1421736,,MARK OGREN linkedin,
1420729,,LISA GUZEK MONTAGNE linkedin,
1422098,,MICHAEL BAER linkedin,
1420456,,Michael Birch linkedin,
1422047,,GARY LEN linkedin,
1422147,,MICHAEL ZOLEZZI linkedin,
1421989,,DAN DAVIS linkedin,
1420967,,DIANNE GEORGE linkedin,
1419113,,PHILLIP MEYER linkedin,
1422275,,PAUL WOBBE linkedin,
1421124,,CONEY BRYAN linkedin,
1422156,,MALCOLM DOUGLAS linkedin,
1422241,,FLORENCE SIMEON linkedin,
1421414,,MARYLINDA PANASKO linkedin,
1422296,,DAVID NILES linkedin,
1419203,,Jeffrey Barber linkedin,
1421377,,TERRY JOHNSON linkedin,
1422336,,Alfonso Cobb linkedin,
1422328,,JAMES HOTCHKISS linkedin,
1422351,,GUY TUGGLE linkedin,
1422301,,JAMES WOODS linkedin,
1422394,,MARIE CONWAY linkedin,
1422474,,ANDREW WIEGAND linkedin,
1421579,,Diane Parmele linkedin,
1422409,,SANDRA TOKUUKE linkedin,
1422468,,Barnard Montgomery linkedin,
1422414,,ANITA HAWKS linkedin,
1422587,,VIJAI VERMA linkedin,
1422535,,KEVIN POULSEN linkedin,
1422720,,MICHAEL SIMON linkedin,
1422604,,JAMES WOLFE linkedin,
1422494,,Jeffrey Moore linkedin,
1422826,,JANET SAMPSON linkedin,
1422911,,WAYNE CARON linkedin,
1421661,,PATRICK YATES linkedin,
1423044,,JOHN MADSEN linkedin,
1422855,,Susan Lockwood linkedin,
1422948,,ANDREW ROUSSIS linkedin,
1423141,,FRANCINE RUBINSTEIN linkedin,
1421774,,JULIUS ROBINSON linkedin,
1423193,,GARRY PAYNE linkedin,
1422891,,THEODORE ROUSSIS linkedin,
1422934,,Anne Gordon linkedin,
1421768,,Anne Driscoll linkedin,
1423055,,LAWRENCE MCNEILL linkedin,
1421874,,Michael Wibrew linkedin,
1423311,,DEBRA LAHLOU linkedin,
1423498,,JAMES MOLL linkedin,
1422007,,JOHN WILTON linkedin,
1423614,,FERRELL DASTE linkedin,
1423348,,KEVIN JONES linkedin,
1423479,,CHARLES MERDICH linkedin,
1423714,,STEVEN VIOLETTE linkedin,
1423737,,CATHERINE HILLEBRAND linkedin,
1423651,,STEVEN LITNER linkedin,
1423769,,ABTIN ZARRABI linkedin,
1423751,,SCOTT BLAIR linkedin,
1422253,,Leonard Tallerico linkedin,
1423763,,MATTHEW YONALLY linkedin,
1422180,,LYNNELL HAHN linkedin,
1423914,,DOROTHY WOZNY linkedin,
1423849,,NORINE STRAZZA linkedin,
1423966,,JOSEPH FORSTER linkedin,
1423990,,PATRICK REILLY linkedin,
1423937,,EDWARD MEINEN linkedin,
1423833,,MONTE ROBINSON linkedin,
1424004,,Michael Dupuis linkedin,
1424000,,THOMAS DALY linkedin,
1424146,,Eduardo Fernandez linkedin,
1424202,,Andrew Gusho linkedin,
1422508,,J Craig McILROY linkedin,
1424328,,MICHAEL SMITH linkedin,
1424167,,ROY BASS linkedin,
1424208,,STEPHEN FRANK linkedin,
1424055,,NINA ABELMAN linkedin,
1423001,,Bernard King linkedin,
1422992,,DANIEL RICHARD linkedin,
1424366,,HARRY MCNAIR linkedin,
1424343,,JOHN LUY linkedin,
1424624,,WILLIAM FENDLEY linkedin,
1424510,,STEPHEN MOORE linkedin,
1424421,,MARLENE BADAI linkedin,
1423072,,Debrah Oelke linkedin,
1423196,,TODD STONE linkedin,
1423436,,GREGORY KENZIK linkedin,
1424578,,FRANKLIN MCINTYRE linkedin,
1424463,,BRENT KIMBALL linkedin,
1424704,,BEVERLY SUCHOBOKY WENDT linkedin,
1424666,,GREGORY CANNON linkedin,
1423685,,CHRISTOPHER WILLIS linkedin,
1424637,,DAVID BONNER linkedin,
1424689,,MALCOLM KEERS linkedin,
1424660,,Keo Sourisack linkedin,
1424656,,SUSANNE ZITO linkedin,
1424706,,ROBERT FILIPPI linkedin,
1424719,,KENNETH TARATUS linkedin,
1424891,,Neal O'Brien linkedin,
1424898,,Ryan Garrett linkedin,
1424952,,Laura Hopson linkedin,
1424905,,EARL STEWART linkedin,
1424977,,James Tucker linkedin,
1425002,,JEREMIAH MC NAMARA linkedin,
1424797,,Christopher DeDea linkedin,
1425019,,SUZANNE DEAN linkedin,
1425097,,Hemant Ranadive linkedin,
1425143,,ANDREW GIFT linkedin,
1425189,,ROBERT IADEROSA linkedin,
1425173,,MICHAEL WARD linkedin,
1425153,,FREDERICK MCNAIR linkedin,
1423727,,Linda Mead linkedin,
1425354,,TIMOTHY ENGELBERT linkedin,
1423747,,ROBERT CULLY linkedin,
1425364,,JULIAN GONZALES linkedin,
1425367,,THOMAS POWERS linkedin,
1425476,,GEORGE BOYER linkedin,
1425557,,ELLEN BOCINA linkedin,
1425529,,ROBERT FORSYTH linkedin,
1423821,,FRANK MCCONVILLE linkedin,
1425602,,KENNETH FISHER linkedin,
1425706,,WILLIAM BELL linkedin,
1425749,,CRAIG ZELLER linkedin,
1425776,,JEFFREY EAGLE linkedin,
1424209,,ANN FITZGERALD SALAZAR linkedin,
1425773,,GERALD PERA linkedin,
1424229,,JAMES DICKMAN linkedin,
1424322,,BRIAN ROTH linkedin,
1425782,,Lawrence Najvar linkedin,
1425805,,DEBRA CURTIS-PETTIES linkedin,
1426193,,KEVIN PRUS linkedin,
1426091,,BRIAN REILLY linkedin,
1425981,,Ronald Rovner linkedin,
1426069,,CRAIG CRAWLEY linkedin,
1426195,,Joseph Thoele linkedin,
1426116,,CRAIG LARAIA linkedin,
1426336,,STEPHEN ONEIL linkedin,
1426311,,DONALD ROY linkedin,
1426342,,TIMOTHY FRASER linkedin,
1424636,,BONNIE GIBBS linkedin,
1426363,,TIMOTHY STACK linkedin,
1424669,,MELANIE POLVOGT linkedin,
1424729,,MICHAEL WEISSMAN linkedin,
1425319,,Michael Cashel linkedin,
1426369,,ROBERT OVERBY linkedin,
1424777,,Charles Roloson linkedin,
1426445,,SALLY MCCRAY linkedin,
1424975,,GEORGE HICKS linkedin,
1426460,,Robert Rowe linkedin,
1426388,,JOSEPH ADAMCHAK linkedin,
1426451,,WILFRED CORTEZ linkedin,
1426484,,DAVID HOPE linkedin,
1426470,,SANDRA THOMPKINS linkedin,
1425553,,DAVID TAKAGI linkedin,
1425205,,JAMES FOLEY linkedin,
1425641,,JERRY POSITERI linkedin,
1426585,,JOSEPH HARLAN linkedin,
1425381,,JOHN REEDER linkedin,
1426659,,DENIS HARTMAN linkedin,
1426497,,George Kenney linkedin,
1425693,,SEYED RAZAVI linkedin,
1426609,,ROBERT WILLIS linkedin,
1426713,,ROBERT HOPPER linkedin,
1426739,,NANCY VONHOF linkedin,
1425710,,ANGELINE NEWMAN linkedin,
1426717,,JEFFREY BEAR linkedin,
1427093,,KEITH VAN ETTEN linkedin,
1427052,,WILLIAM GRECO linkedin,
1426946,,VALERIE CUTAIA linkedin,
1427084,,DONALD SHICK linkedin,
1426948,,FREDERIC KLIETZ linkedin,
1425835,,DAWN PYC linkedin,
1424390,,ROBERT SANDER linkedin,
1427180,,TERRY SCHNARE linkedin,
1427130,,JAMES LEACH linkedin,
1427189,,Jane Lee linkedin,
1427138,,KEVIN RAHILL linkedin,
1427139,,NICHOLAS RADOSTA linkedin,
1427183,,TROY SMITH linkedin,
1427252,,JOHN ERDMANN linkedin,
1427243,,SHARON MULLINS linkedin,
1427327,,ELIZABETH ALVAREZ linkedin,
1427270,,Steven Chandler linkedin,
1427469,,MICHAEL BIGLEY linkedin,
1426361,,THOMAS DOOLEY linkedin,
1427613,,John Nelson linkedin,
1426290,,ERNESTINE HARRELL linkedin,
1427493,,GERALD MARQUEZ linkedin,
1427545,,Brent Welch linkedin,
1427514,,BEVERLY TAYLOR linkedin,
1427652,,JAMES CURRAN linkedin,
1427664,,Mark Turner linkedin,
1427682,,JOHN RUGGIERO linkedin,
1427917,,JAMES MOORE linkedin,
1427668,,CHARLES PATTON linkedin,
1427975,,MICHAEL MARTIN linkedin,
1427753,,DAVID TUPPER linkedin,
1428116,,MICHAEL MULLEN linkedin,
1428032,,MARY WILSON linkedin,
1426564,,KATHY THOMPSON linkedin,
1427946,,William Kuch linkedin,
1428151,,SUZANNE BENNETT linkedin,
1427909,,TRACY MCCLURG linkedin,
1428283,,LIANNE SUSSMAN linkedin,
1427041,,SANDRA LAZAR linkedin,
1427097,,STEVEN WITHEY linkedin,
1428285,,DANELLE HEAL linkedin,
1428309,,Stephen James linkedin,
1428448,,James Below linkedin,
1427031,,LYNNE GILBERT linkedin,
1427172,,DAVID TABOR linkedin,
1428458,,Paul Emata linkedin,
1428196,,JOANNE DORRIS linkedin,
1428441,,KEITH BUCHANAN linkedin,
1428480,,LISA BAIRD linkedin,
1428479,,MICHAEL MOONEY linkedin,
1428519,,Anna Paradiso-Rufalo linkedin,
1428594,,Roger Curylo linkedin,
1428558,,DIANE RADEMACHER linkedin,
1428498,,DONNA ALEXANDER linkedin,
1428637,,STEVEN ROSEN linkedin,
1428565,,ALBERT PIGNATELLO linkedin,
1428649,,LORETTA BEARDEAUX-PROULX linkedin,
1427259,,Blane Tierney linkedin,
1428684,,PATRICIA MARUSARZ linkedin,
1427337,,DONALD JOHNSON linkedin,
1428632,,Margaret Sanchez linkedin,
1428861,,ILLONA VITALI linkedin,
1427658,,DIANE SUTTER linkedin,
1428826,,JON HOGEN linkedin,
1428562,,RAYMOND IANNI linkedin,
1428792,,JOYCE HUGGINS linkedin,
1428815,,TJ SETRO linkedin,
1428851,,KENNETH SAVIO linkedin,
1429139,,ANGELA OCURRAN linkedin,
1427659,,ELEANOR SMALL linkedin,
1428884,,DEBORAH FREY linkedin,
1428900,,ELISSA WINTER linkedin,
1429186,,JOHN COLCOLOUGH linkedin,
1429147,,MELISSA GARCIA linkedin,
1429184,,ANTHONY GUZZETTA linkedin,
1429144,,THOMAS KAHLE linkedin,
1428844,,JOLENE DUPLAIN linkedin,
1429318,,LAURA ATTARDI linkedin,
1428152,,WILLIAM FRANKEL linkedin,
1429442,,Grace Artz-Neufeld linkedin,
1429407,,ALECU POPOVICI linkedin,
1426735,,Steve Hamilton linkedin,
1429371,,LAWRENCE GRILL linkedin,
1429666,,JAMES RODD linkedin,
1429800,,ROBERT ONEAL linkedin,
1429646,,ALLEN CANETE linkedin,
1429663,,JOSEPH GIL linkedin,
1428299,,KATHLEEN RICHARDSON linkedin,
1429664,,FREDERICK HENRY linkedin,
1428354,,JANE SIEFERT linkedin,
1429632,,PATRICIA WILDS linkedin,
1429945,,NEIL KITCHIE linkedin,
1430016,,KARIN WOLD linkedin,
1429987,,JOHN STRANG linkedin,
1430042,,ELIZABETH CHAN linkedin,
1430124,,JOHN QUINLAN linkedin,
1430642,,CHARLES GAVIT linkedin,
1430161,,WILLIAM WILSON linkedin,
1430144,,TINA DEARCE linkedin,
1430325,,Michael Forstl linkedin,
1431100,,JANICE BONINE linkedin,
1430484,,GLEN FRANCIS linkedin,
1430782,,MICHAEL RUSSO linkedin,
1430786,,MYRON JUCHA linkedin,
1430734,,MICHAEL FINK linkedin,
1431175,,KILTY MAHONEY linkedin,
1430893,,COLUMBUS POLLARD linkedin,
1430891,,Edmund Bosse linkedin,
1431233,,RAYMOND HOLDEN linkedin,
1431285,,RONALD CHURCH linkedin,
1431143,,BRENT ANDERSON linkedin,
1431244,,SCOTT BERENS linkedin,
1431352,,BRUCE ISRAEL linkedin,
1431245,,PAULA AVAKIAN linkedin,
1431288,,GERALD KIRBY linkedin,
1431382,,WILLIAM ANDERSEN linkedin,
1431397,,GERARD SIMONELLI linkedin,
1431343,,DEBBIE YOUNG linkedin,
1431360,,MARY WILLIAMS linkedin,
1431466,,TIMOTHY CASSIDY linkedin,
1431363,,JAMES WOLF linkedin,
1431465,,H MCLAUGHLIN linkedin,
1431387,,EDWARD MAHER linkedin,
1431402,,JANE HAFF linkedin,
1431524,,JOHN DUFFIN linkedin,
1431535,,VICKI STOVALL linkedin,
1431534,,JULIE SCHNEIDER linkedin,
1431440,,HENRY MCINTIRE linkedin,
1429643,,JULIA DURAN linkedin,
1431746,,LAWRENCE FIELDS linkedin,
1431542,,JOHN JENKINS linkedin,
1431762,,BRIAN CLARK linkedin,
1431561,,Constance Shinn linkedin,
1431890,,WIMBERLY MCCOY linkedin,
1431787,,Debra Elgen linkedin,
1432022,,SCOTT ENGELL linkedin,
1431750,,Christopher Sherer linkedin,
1432205,,JENNIFER FLANARY linkedin,
1431999,,VENETIA ABULABAN linkedin,
1432242,,Tracey Schusterman linkedin,
1432081,,John Gardner linkedin,
1431851,,ENRICO INDELICATO linkedin,
1431987,,EDUARDO LAFOSSE linkedin,
1432345,,VINCENT HYMAN linkedin,
1432479,,DAVID MILLS linkedin,
1432412,,WILLIAM STROYNE linkedin,
1432510,,DAVID BUSHARD linkedin,
1432664,,LORI EARLEY linkedin,
1432309,,BRIAN WALSH linkedin,
1432249,,RICHARD TRIBOLET linkedin,
1432535,,STEPHEN SEIBER linkedin,
1432707,,ALLAN LINKE linkedin,
1432682,,TINA LAZAR linkedin,
1432783,,MARK GREENBLATT linkedin,
1432802,,STEVEN EADDY linkedin,
1432751,,TIMOTHY ANDRES linkedin,
1432753,,ALTA BOAN linkedin,
1432842,,PETER STROUD linkedin,
1432810,,THOMAS ODDO linkedin,
1432845,,MATTHEW GEHERIN linkedin,
1432950,,ALISON GEORGE linkedin,
1433186,,ERIC COOPER linkedin,
1432984,,JOSEPH FERRON linkedin,
1433203,,WILLIAM STITT linkedin,
1433208,,HAROLD WEIGHT linkedin,
1433352,,JAMES HAASS linkedin,
1433353,,GEORGE FOWLER linkedin,
1433361,,MARK WEAVER linkedin,
1433436,,JAMES GENTILE linkedin,
1433441,,CLARK DORMAN linkedin,
1430504,,GEORGE ANASTASAKIS linkedin,
1433513,,Robert Bolber linkedin,
1430795,,CONSTANTINE LEONIDA linkedin,
1433569,,JAMES THOMAS linkedin,
1433448,,DANIEL SHANNON linkedin,
1433575,,NORMAN MORGAN linkedin,
1433549,,Jesse Miller linkedin,
1433578,,THOMAS DUFFNER linkedin,
1430937,,JAN SCHER linkedin,
1433589,,John Bentubo linkedin,
1431197,,JANE REEDE linkedin,
1433680,,Sharon Jacquet linkedin,
1433624,,JAY COHEN linkedin,
1433732,,MITCHELL SIVERTSON linkedin,
1433810,,JOHN DROW linkedin,
1433735,,THOMAS KANE linkedin,
1433823,,Jeffrey Bryan linkedin,
1433820,,PATRICIA CRAWFORD linkedin,
1433659,,TIMOTHY HOLMES linkedin,
1433652,,Larry Graham linkedin,
1433860,,Anthony Goodavish linkedin,
1434108,,ROBERT TILLER linkedin,
1434080,,WAYMON TIPTON linkedin,
1433907,,ELIZABETH WOLF linkedin,
1434172,,RENEE SIEGEL linkedin,
1429292,,IDELMA HERVIS linkedin,
1434196,,MICHAEL REILLY linkedin,
1434330,,ANTHONY CARINI linkedin,
1434379,,JONATHAN WOLFE linkedin,
1434259,,BRIAN SCHULTZ linkedin,
1432558,,MARK WILDEN linkedin,
1434289,,MICHAEL HORDY linkedin,
1434453,,BARRY HICKEY linkedin,
1432179,,RALPH ROTH linkedin,
1431893,,TERRI GREENFIELD linkedin,
1433235,,David King linkedin,
1434460,,JAMES KOCHER linkedin,
1433346,,CRAIG KILMER linkedin,
1432613,,SHARI WINKELMAN linkedin,
1434508,,ALMA SANTOS linkedin,
1433435,,DONALD MECCIA linkedin,
1432856,,CHARLES KAPP linkedin,
1434753,,GIOVANNI GALLO linkedin,
1434832,,David Chang linkedin,
1434791,,ELIZABETH NOLAN linkedin,
1434744,,DEBRA LANDSMAN-YAROS linkedin,
1434909,,IRENE NAKASHIMA linkedin,
1435056,,ANDREW KROSNOWSKI linkedin,
1434783,,FREDDIE CRANDALL linkedin,
1434918,,JAY GOLDBERG linkedin,
1435049,,GEORGE HIRAI linkedin,
1435065,,GREGG VILLANY linkedin,
1435191,,ED MCMANUS linkedin,
1433609,,ROBERT PABST linkedin,
1435275,,DIANA COLBERT linkedin,
1433798,,MARYANN ERDMAN linkedin,
1433854,,JAMES TAIT linkedin,
1435370,,Joaquin Iglesias linkedin,
1435375,,DIETER THUROW linkedin,
1435228,,Patrick Crowley linkedin,
1435265,,JOHNNY BANE linkedin,
1435353,,Robert Basham linkedin,
1435417,,ANN KINDER linkedin,
1435552,,JAMES NIX linkedin,
1435391,,GONZALO VILLENA linkedin,
1435597,,RICHARD BARCA linkedin,
1435649,,JOSE VARGAS linkedin,
1435443,,RONALD HISE linkedin,
1435733,,MARION CRAINE linkedin,
1435681,,CODY SIEBERT linkedin,
1435688,,DAVID GILLETTE linkedin,
1435797,,DAVID STJEAN linkedin,
1434325,,Ronald Cole linkedin,
1435919,,THOMAS KELLY linkedin,
1435786,,JANEL HUSTON linkedin,
1435810,,Frank Napolitano linkedin,
1435950,,LINDA WESSELS linkedin,
1436002,,NOEL EDWARDS SR linkedin,
1436008,,James Summers linkedin,
1434551,,EDWARD MERCIER linkedin,
1436040,,DAVID FRANKEN linkedin,
1436009,,DANIEL FELLERS linkedin,
1436146,,LAWRENCE KATZ linkedin,
1436012,,TRACY SCAHILL linkedin,
1436455,,Jeffrey Canakes linkedin,
1436273,,PAMELA MILLER linkedin,
1436464,,LAURE MEYER linkedin,
1434878,,VERA BRASWELL linkedin,
1436486,,KAREN WEHNER linkedin,
1436770,,Peter Wilson linkedin,
1434956,,THOMAS DANIELS linkedin,
1436695,,JAMES BAKER linkedin,
1435179,,THOMAS SAVONE linkedin,
1436787,,STACY JANNEY linkedin,
1435264,,ROBERTA SIMPSON linkedin,
1436960,,TIMOTHY HERBERT linkedin,
1436788,,DIANE RABEN linkedin,
1435326,,IRA CHERNICK linkedin,
1437001,,MICKEY OWENS linkedin,
1437139,,VINCENT CORSI linkedin,
1437052,,Stephanie Anzivino linkedin,
1437092,,STANLEY TOBIN linkedin,
1437152,,KENT WELLEY linkedin,
1437182,,PHILIP ESCALDI linkedin,
1437439,,WILLIAM WEIMER linkedin,
1437443,,MONTE FITCH linkedin,
14373,,RICHARD BASLER linkedin,
1437446,,PHILIP FINCH linkedin,
1437477,,DAVID KENNY linkedin,
1437512,,BARBARA INGENITO linkedin,
1435592,,THERESA KING linkedin,
1437523,,EDWARD FOLEY linkedin,
1437525,,RICHARD HEAGEN linkedin,
1437550,,TODD LEONE linkedin,
1437630,,EVAN FISHMAN linkedin,
1437595,,NANCY POWERS linkedin,
1437635,,RAYMOND HOUSTEAU linkedin,
1437720,,BARBARA THACKER linkedin,
1437834,,DAVID MITAL linkedin,
1437689,,SCOTT GERDE linkedin,
1437775,,ROBERT PORTER linkedin,
1436424,,CHARLES MAHER linkedin,
1436051,,JULIUS IANNIELLO linkedin,
1437919,,Anthony Sarra linkedin,
1436060,,WILLIAM RECTOR linkedin,
1437910,,EDWINA REYES-DEL PILAR linkedin,
1437959,,MARK PITTLEMAN linkedin,
1438029,,LAURIE ENDLAR LEE linkedin,
1438027,,HUNG TRAN linkedin,
1438003,,JOHN CAPUTO linkedin,
1438091,,SHAWNA WAGERS linkedin,
1438051,,ARNOLD BENDER linkedin,
1438207,,ROBERT IANDOLI linkedin,
1436524,,ROBERT PATTEN linkedin,
1436708,,JASON SCHWARTZ linkedin,
1438167,,LAURENCE PODOBINSKI linkedin,
1438190,,JENNIFER WEBSTER linkedin,
1436998,,LARRY BLUNT linkedin,
1438619,,Rosmari Trump linkedin,
1436892,,KEVIN REYNOLDS linkedin,
1437007,,RICHARD HICKS linkedin,
1437088,,SHARON HIDAKA linkedin,
1438709,,JAMES PERIORD linkedin,
1438764,,RANDY FOWLER linkedin,
1438687,,DONNA HICKO linkedin,
1438937,,MICHAEL KINSTLER linkedin,
1437315,,MICHAEL MORGAN linkedin,
1438791,,ANNIE CASTRO linkedin,
1438858,,MAURICE GRANT linkedin,
1439053,,Brian Miner linkedin,
1438965,,JOHN BOTTIGLIA linkedin,
1439064,,EILEEN MOULY linkedin,
1439121,,MARK MILLAR linkedin,
1439110,,RONALD POMPEI linkedin,
1439154,,NORMAN NICOLSON linkedin,
1439107,,THAYER POTTER linkedin,
1439074,,DOUGLAS SUTTON linkedin,
1439175,,JAMES POOLE linkedin,
1439122,,THOMAS ZAK linkedin,
1439235,,Donald Carter linkedin,
1439203,,STUART RAIDER linkedin,
1439307,,JOHN MAJOR linkedin,
1439417,,JOYCE CURTIS linkedin,
1439386,,DENNIS MCMILLIN linkedin,
1439360,,DAVID MOORE linkedin,
1439240,,Brian Sixt linkedin,
1439439,,RICHARD POTASHNER linkedin,
1439460,,MARY O'MALLEY linkedin,
1439478,,EARL THOMPSON linkedin,
1439596,,JOHN TANNER linkedin,
1439540,,STUART GOLLOMP linkedin,
1439479,,EDWARD STIKE linkedin,
1439567,,HARDINGS PORRI linkedin,
1439509,,RITA GIBSON linkedin,
1439622,,TERRY TOLBERT linkedin,
1437557,,DELILAH MAHL linkedin,
1439731,,ROBERT LOEB linkedin,
1439884,,STEPHEN DOLAN linkedin,
1439847,,RUBEN FERNANDEZ linkedin,
1439933,,BRET ANDRUS linkedin,
1439935,,GREGORY SIMAKAS linkedin,
1439992,,LAURA O'DONNELL linkedin,
1439997,,HARRIS KAGAN linkedin,
1438351,,CHARLES HEMMER linkedin,
1440007,,STEVEN THEISING linkedin,
1438117,,ELIZABETH BRUNO linkedin,
1440013,,PERRY SMITH linkedin,
1440019,,DOMINICK RIOLO linkedin,
1440001,,Priscilla Williams linkedin,
1440033,,CHARLES FEATH linkedin,
1438645,,PAUL GOTTSHALL linkedin,
1438410,,JENNY LIND linkedin,
1438681,,JOHN CREAMER linkedin,
1440034,,GREGORY GRECO linkedin,
1438707,,Heriberto Tirado linkedin,
1438668,,ANDREW FISCHER linkedin,
1440101,,Dennis Serio linkedin,
1440110,,JAY IRVING linkedin,
1440085,,BRENDA CASTELLANO linkedin,
1440045,,EDWARD KELLY linkedin,
1440056,,JAMES HICKEY linkedin,
1440212,,CHERIE BEASLEY linkedin,
1440166,,JAMES SHANNON linkedin,
1440214,,THOMAS CONWAY linkedin,
1440234,,TAMMY CIPOLLONE linkedin,
1438955,,WILLIAM ALTMAN linkedin,
1440447,,CAMILLE FIORE linkedin,
1440267,,ANDREW HOWARD linkedin,
1438825,,JEFFREY KITZBERGER linkedin,
1440415,,Jacques Simpson linkedin,
1439047,,GREGORY NICHOLS linkedin,
1440386,,DONALD REINO linkedin,
1440487,,KATHERINE TARR linkedin,
1440503,,MICHAEL BROWN linkedin,
1440551,,STEVEN JUNG linkedin,
1440529,,J JENNINGS linkedin,
1440533,,Neil Gargiulo linkedin,
1440566,,CALVIN ONEAL linkedin,
1440652,,TYRONE TAYLOR linkedin,
1440657,,WALTER FLETCHER linkedin,
1440719,,DAVID ZACHRICH linkedin,
1440737,,BENJAMIN GARCIA linkedin,
1439318,,MICHAEL SUSINI linkedin,
1440810,,RICHARD WEBB linkedin,
1440883,,LETIA CRUSON linkedin,
1441068,,JOHN TRENTOR linkedin,
1440821,,GREGORY DAVIDSON linkedin,
1439921,,OZGUR KARAOSMANOGLU linkedin,
1440773,,ALLEN ZEOLLA linkedin,
1440863,,CATHERINE NICHOLAS linkedin,
1440891,,JUDITH STEELE linkedin,
1440827,,JOSEPH LOHRER linkedin,
1439916,,MARK SIMPSON linkedin,
1441091,,ELIZABETH CAREY linkedin,
1439919,,MARGARET YOUCH linkedin,
1439686,,BART LIA linkedin,
1441229,,DEBORAH VECCHIO linkedin,
1441478,,RICHARD RUCKART linkedin,
1441162,,WILLIAM MOODY linkedin,
1441413,,GILBERT GONSALVES linkedin,
1441452,,JAMES ELLER linkedin,
1441596,,THOMAS KICAK linkedin,
1441430,,JASJEET SOOD linkedin,
1441624,,Jeffrey Vap linkedin,
1441821,,Blake Smith linkedin,
1441729,,HANY FARAG linkedin,
1441892,,ANTHONY MAURO linkedin,
1441891,,LAINIE SMALL linkedin,
1441995,,DAVID DRURY linkedin,
1442112,,MICHAEL GUESS linkedin,
1441962,,MICHAEL GORDON linkedin,
1442264,,MARISA GARCIA linkedin,
14422,,MARK BASS linkedin,
1440135,,ALFRED HOLMAN linkedin,
1440224,,NORMAN SPEIGHT linkedin,
1442271,,WILLIAM ESCAMILLA linkedin,
1442275,,CHRISTINE MANIA linkedin,
1440454,,MADELEINE ANTEKELIAN linkedin,
1440522,,WILLIAM FRANKLIN linkedin,
1442284,,MELISSA FIERMAN linkedin,
1442335,,TIMOTHY STRAIT linkedin,
1442282,,NEIL COOPER linkedin,
1442504,,Kenneth Phillips linkedin,
1442452,,JAY WENGER linkedin,
1442370,,CHARLOTTE MCGHEE linkedin,
1441013,,RUDOLPH TILOTTA linkedin,
1442570,,ALEXANDER GUESS linkedin,
1442560,,KEVIN GARRY linkedin,
1441069,,GEOFFREY RINGSTAD linkedin,
1442533,,JOHN PRICE linkedin,
1441279,,JOSEPH ZAWISTOWSKI linkedin,
1442700,,DARREN MASON linkedin,
1441235,,KAREN HOLT linkedin,
1441559,,GERALD PUCCI linkedin,
1442917,,DONALD GUNN linkedin,
1442847,,ELIZABETH LEE linkedin,
1442736,,DAVID DAVIS linkedin,
1442946,,GENE LEVENGOOD linkedin,
1441558,,Lizbeth Lindley linkedin,
1442727,,VALERIE MURRAY linkedin,
1441763,,CURTIS SMITH linkedin,
1443029,,SANDY SIFF linkedin,
1443047,,RONALD AKERS linkedin,
1441862,,JOE HAYWOOD linkedin,
1443079,,KENNETH FARLEY linkedin,
1443201,,DAVID PATTERSON linkedin,
1443254,,MICHAEL GALLINA linkedin,
1443073,,DORA RICHMOND linkedin,
1443174,,David Webster linkedin,
1443235,,JOHN REYNOLDS linkedin,
1443309,,RICH KELLY linkedin,
1442201,,PHILLIP HICKS linkedin,
1443279,,George von Zedlitz linkedin,
1443313,,WILLIAM FORRESTER linkedin,
1443333,,DONALD DESPAIN linkedin,
1442268,,ADAM BIRNBAUM linkedin,
1443367,,CHRISTOPHER LORE linkedin,
1443551,,CARY RUBMAN linkedin,
1443426,,LELAND SHAW linkedin,
1443461,,JAMES DOSTER linkedin,
1443648,,NATHANIEL BIER linkedin,
1443540,,TIMOTHY CIRAULO linkedin,
1443629,,Vicki Arnold linkedin,
1443531,,SCOTT GOODKIND linkedin,
1443604,,GREGORY NELSON linkedin,
1443631,,CHARLES SOUTHARD linkedin,
1443726,,DAVID ZOFNESS linkedin,
1443655,,KIMBERLY WESTON linkedin,
1443711,,JEROME GENDRON linkedin,
1442316,,THOMAS MAXEY linkedin,
1442341,,LAWRENCE ADAMS linkedin,
1443813,,James Shulman linkedin,
1444025,,CATHERINE MAZZA linkedin,
1444017,,Melanie Farmer linkedin,
1444044,,ROBIN BARRY linkedin,
1443966,,CATHERINE MITCHELL linkedin,
1443768,,SCOTT REIFER linkedin,
1442672,,JAMES NAKAMINE linkedin,
1443843,,PETER CUNNION linkedin,
1444168,,Frederick Woolley linkedin,
1444058,,THOMAS DOMINKO linkedin,
1444223,,LEO RELJAC linkedin,
1444186,,JACKIER HURTADO linkedin,
1444370,,CURTIS HARRIS linkedin,
1444222,,JOHN BOUKAMP linkedin,
1444221,,ERIC FISCHER linkedin,
1443090,,JAMES DURHAM linkedin,
1444500,,MARK TUCKER linkedin,
1444525,,JEFFREY KINNESTON linkedin,
1441957,,Jason Goetze linkedin,
1444391,,Jordan Gelb linkedin,
1444518,,JOHN MCDANIELS linkedin,
1444253,,RUTH DAVIS linkedin,
1444477,,ATUL SHAH linkedin,
1443069,,SAMMIE CONGER linkedin,
1444535,,MICHAEL KAHLER linkedin,
1444547,,ANNAMALAI PALANI linkedin,
1444576,,BYRON RAYBURN linkedin,
1444946,,DANIEL KOTOVSKY linkedin,
1444924,,DANA TROSKE linkedin,
1444702,,JOHN KEYSER linkedin,
1444893,,DANIEL MANNION linkedin,
1444927,,LONNIE VOLLRATH linkedin,
1444889,,BRUCE HUGGINS linkedin,
1444801,,DONALD O'TOOLE linkedin,
1444931,,DONALD HALL linkedin,
1444962,,KATHY SOWL CHELINI linkedin,
1444963,,MONA ANDRIKIAN linkedin,
1445046,,ROSSANNA HAYEK linkedin,
1445075,,PAUL RATTERMAN linkedin,
1445205,,CATHERINE MARSHALL linkedin,
1445004,,Tommy Tranum linkedin,
1445358,,KATHRYN SEALEY linkedin,
1445036,,GREGORY BOWAR linkedin,
1445374,,PHILIP CAMPBELL linkedin,
1445412,,RICHARD CUTLER linkedin,
1445496,,MARK MARCHESANI linkedin,
1445537,,DANA VUTERA linkedin,
1445509,,PHILIP PUCCI linkedin,
1445541,,MARILYN LALOR linkedin,
1445595,,THEODORE KOTSAKIS linkedin,
1445576,,DENISE WALSH linkedin,
1445704,,KEVIN NICELEY linkedin,
1445680,,ALAN WOOLEVER linkedin,
1445715,,Christian Ekberg linkedin,
1443678,,DONNA YOUNG linkedin,
1445768,,TIMOTHY MCCAHAN linkedin,
1445754,,RHONDA MILLS linkedin,
1445793,,CHRISTINE FISHER linkedin,
1445803,,TERRY SHERMAN linkedin,
1445805,,MARK HOGUE linkedin,
1445871,,MARTHA RUSSELL linkedin,
1444054,,VINCENT LUCCHESI linkedin,
1444006,,DEBORA MCKENZIE-JAKUSHAK linkedin,
1445848,,GERALD STEFANELLI linkedin,
1445875,,ROBERT HITCHCOCK linkedin,
1445885,,KEVIN CROWLEY linkedin,
1444089,,ANNE CARR linkedin,
1444065,,MICHELLE KEATES linkedin,
1442939,,JULIE GITHENS linkedin,
1445916,,ALBERT CODINO linkedin,
1445964,,GUY HUGAERT linkedin,
1445968,,JOHN DOYLE linkedin,
1445976,,JAMES GIBBS linkedin,
1446125,,DAVID JONES linkedin,
1446235,,ARNOLD HONDA linkedin,
1446168,,DAVID LONG linkedin,
1446170,,LISA TUTINO linkedin,
1446322,,GREGORY POKORNEY linkedin,
1446329,,JOHN BURKE linkedin,
1446516,,JAMES PRINCE linkedin,
1446517,,ROBERT MONTGOMERY linkedin,
1446862,,Christopher Kip Thompson linkedin,
1446580,,Nicholas Houmis linkedin,
1446894,,JOHN DANDREA linkedin,
1446884,,GREGORY TUERK linkedin,
1446920,,ROBERT BOYKOFF linkedin,
1446948,,ERIC WALTERS linkedin,
1446928,,KATHY MOHN linkedin,
1446951,,MICHAEL BANKS linkedin,
1446992,,CHARLES NEDBAL linkedin,
1447053,,DAVID SHEA linkedin,
1444650,,FRANK GRETZ linkedin,
1447054,,WILLIAM BENDER linkedin,
1447056,,MICHAEL BUSH linkedin,
1447107,,Elizabeth Cunningham linkedin,
1447058,,FREDERICK WOODS linkedin,
1447115,,RICHARD SCAFA linkedin,
1445011,,ROBERT LIMMER linkedin,
1444844,,Karen Powell linkedin,
1444819,,DAVID STEVENS linkedin,
1445714,,PIERO SILVESTRI linkedin,
1447172,,WILLIAM GIRONE linkedin,
1447129,,ALEXANDER SCOLEDES linkedin,
1447305,,Peppi Talley linkedin,
1447318,,Davis Brown linkedin,
1445361,,SHERYL HALL linkedin,
1447214,,VICTORIA UTECHT linkedin,
1447173,,ANTHONY CONTI linkedin,
1445634,,MICHAEL STELTER linkedin,
1445820,,SCOTT ELGER linkedin,
1447356,,SAMUEL GINSBERG linkedin,
1445836,,THOMAS COX linkedin,
1447335,,ERIC TETSCHNER linkedin,
1447375,,STEPHEN PELL linkedin,
1447402,,DANIEL BALL linkedin,
1447385,,DONALD MOORE linkedin,
1447388,,TRAVIS SURSA linkedin,
1447574,,SYLVIA DOBBINS linkedin,
1447570,,ROBERT RAMSEY linkedin,
1447436,,WILLIAM GALIGA linkedin,
1447403,,Albert Gibbons linkedin,
1447423,,GRANT FOSTER linkedin,
1447422,,TERRY FEUCHTINGER linkedin,
1447728,,ANDREW MORTON linkedin,
1447815,,DOUGLAS LEO linkedin,
1447633,,GENA O'LAUGHLIN linkedin,
1447904,,GWENDELLYN RADLOFF linkedin,
1447695,,NANCY VEGA-SELLITRI linkedin,
1447881,,GERARD PAPETTI linkedin,
1447972,,JOAN WEST linkedin,
1446509,,KIMBERLY EMKEN linkedin,
1447976,,Doris Maule linkedin,
1448009,,LAIRD JOHNSON linkedin,
1448190,,PATRICK PIRONE linkedin,
1448014,,ROBERT CAMP linkedin,
1448237,,PAUL MEANEY linkedin,
1448208,,STEPHANIE BOSSO linkedin,
1448336,,RONALD OGAWA linkedin,
1447065,,ROGER CAHN linkedin,
1448340,,LISA FISHER linkedin,
1448191,,CONSTANCE Cook linkedin,
1448360,,MARK INGRAM linkedin,
1447096,,GRACE WONG linkedin,
1448375,,Robert Roepke linkedin,
1447123,,MARGARET BROPHY linkedin,
1448477,,CHRISTOPHER KAM linkedin,
1445709,,VERNER KHEDERIAN linkedin,
1448428,,JEFFREY COHEN linkedin,
1448546,,GALIN CRIST linkedin,
1448584,,GREGORY LEWIS linkedin,
1448812,,MICHAEL KAZMER linkedin,
1447370,,ROBERT ROBERTS linkedin,
1448682,,CHRISTOPHER BERRIS linkedin,
1448647,,Luz Maria Freire-Crespo linkedin,
1448836,,JON FOX linkedin,
1448930,,TOMA KAY linkedin,
1448853,,LARA STERNS linkedin,
1447631,,TAM VU linkedin,
1447676,,WILLIAM PHILLIPS linkedin,
1447620,,Michael Reimer linkedin,
1448987,,Scott Dennison linkedin,
1449043,,JAMES OWEN linkedin,
1448982,,DAVID CHRISTIANSON linkedin,
1447752,,Patricia Ellerby linkedin,
1447864,,BRIAN LAUX linkedin,
1449020,,ROBERT LANGAN linkedin,
1449129,,J PLUFF linkedin,
1449149,,RUSSEL BURGESS linkedin,
1449363,,TIMOTHY HAYES linkedin,
1449203,,RICHARD PAVEY linkedin,
1449370,,BRADLEY NISWONGER linkedin,
1449167,,William Milby linkedin,
1449316,,WILLIAM SZYMANSKI linkedin,
1449245,,DAVID HOLMES linkedin,
1449359,,STEVE WEERS linkedin,
1449448,,PATRICK KENNEY linkedin,
1448417,,NEAL SLAFSKY linkedin,
1449456,,VENKAT RAMAN linkedin,
1448520,,JASON TURKIN linkedin,
1449418,,SUSAN PRIEM linkedin,
1448442,,JANET FRANKLIN linkedin,
1449510,,Ronald Wilson linkedin,
1449485,,SEAN KELLY linkedin,
1449622,,THOMAS BROCKLEY linkedin,
1449632,,ROBERT BEIN linkedin,
1449482,,MICHAEL CISCHKE linkedin,
1448576,,RANDALL ANDERSEN linkedin,
1449764,,MICHAEL PE QUEEN linkedin,
1449668,,Daniel Weeks linkedin,
1447457,,MICHAEL BONGAARTS linkedin,
1448726,,Bron Urbanick linkedin,
1449704,,SCOTT STRATFORD linkedin,
1449947,,THOMAS KELLEY linkedin,
1448891,,ANDREW KAMM linkedin,
1449798,,JANET BONE linkedin,
1449017,,JAMES SPILMAN linkedin,
1449863,,James Murphy linkedin,
1450006,,Marc Linsky linkedin,
1449993,,MICHAEL BORK linkedin,
1448985,,DAVID HIBSHMAN linkedin,
1450003,,PEGGY PHILLIPS linkedin,
1450195,,WILLIAM ZIMMER linkedin,
1450031,,JOHN FOULKE linkedin,
1450008,,THOMAS STANLEY linkedin,
1450247,,MARK BIRRINGER linkedin,
1450230,,VINCENT MATTERA linkedin,
1450249,,Willa Lande linkedin,
1450293,,STEVE CAO linkedin,
1450187,,DAVID SUNDBERG linkedin,
1450409,,Thomas Gere linkedin,
1450491,,OWEN DUGAN linkedin,
1449332,,James Hart linkedin,
1450513,,Kevin Crook linkedin,
1450526,,MARILEE FERONE linkedin,
1449334,,MARY RILLORAZA linkedin,
1450575,,ALAN PIEHL linkedin,
1450295,,HELEN ROZGAY linkedin,
1450522,,STEVEN DAVIDSON linkedin,
1450699,,GLENN SCOTT linkedin,
1450500,,JAMES TAYLOR linkedin,
1450410,,ERIC STARK linkedin,
1450686,,FRANK THOMPSON linkedin,
1450529,,PAUL OAKLEY linkedin,
1450688,,MONICA TEW linkedin,
1450888,,BRAD GREEN linkedin,
1450801,,MARTIN BECK linkedin,
1450619,,JAMES LOSTY linkedin,
1450674,,JACQUELINE BENNETT DEPRIEST linkedin,
1450811,,DONALD YOHON linkedin,
1450851,,ERNEST ESCARCEGA linkedin,
1451196,,DONALD KIRK linkedin,
1451151,,THOMAS QUERCIA linkedin,
1450925,,JOHN KOVAL linkedin,
1451321,,RONALD CAMPBELL linkedin,
1451351,,LORNA LONDOT linkedin,
1451251,,ROBERT KOL linkedin,
1451258,,JERRY CATLETT linkedin,
1451333,,SHARON HILL linkedin,
1451375,,CURTIS MCKAY linkedin,
1451484,,ELLIE KARIBIAN linkedin,
1451592,,MITCHELL ROCK linkedin,
1451421,,Oren Lane linkedin,
1451689,,MARK YOUNG linkedin,
1451560,,PATRICIA ESTOPINAL linkedin,
1451610,,TIMOTHY HORTON linkedin,
1451570,,JOHN FERGUSON linkedin,
1451687,,BRUCE WOJACK linkedin,
1451758,,GWEN WEIGELT linkedin,
1451800,,LYMAN BOND linkedin,
1451790,,GERARDO CHAPA linkedin,
1451859,,DAVID BERKA linkedin,
1451806,,MARK GIOVANAZZI linkedin,
1451867,,JOHN LOZAR linkedin,
1451987,,GERALD REILLY linkedin,
1449972,,Richard Muller linkedin,
1449828,,VICKI BOWEN linkedin,
1452033,,ANEITA LAHR linkedin,
1451994,,SASHI MENON linkedin,
1449872,,MICHAEL ROSEN linkedin,
1452161,,BRUCE BROWN linkedin,
1449967,,CRAIG MAYFIELD linkedin,
1452214,,KAREN CAULFIELD linkedin,
1452050,,DANIEL HOBAN linkedin,
1452233,,MARK FRYER linkedin,
1452382,,TINA MA linkedin,
1452383,,WAYNE PITTEL linkedin,
1452425,,Geoffrey Soper linkedin,
1452433,,SEAN ALI linkedin,
1452432,,ROBERT RUECKL linkedin,
1452527,,JEFFREY MAHONEY linkedin,
1450313,,ROBERT FINE linkedin,
1452608,,BONNIE BOYCE linkedin,
1452660,,ANDREW BAKER linkedin,
1452739,,ANTHONY MEA JR. linkedin,
1452822,,Lawrence Stoehr linkedin,
1452546,,Terry Sandven linkedin,
1452744,,TERESA NOLES linkedin,
1450472,,STEPHEN FOODY linkedin,
1451359,,TERI HOUP linkedin,
1452884,,MARIA RUTTER linkedin,
1451529,,MICHAEL WARD linkedin,
1450782,,JEFFREY ANTON linkedin,
1452891,,Jean DelMonaco linkedin,
1452959,,RONALD FILANTE linkedin,
1452920,,JOSEPH GUARINO linkedin,
1452921,,STEVEN JONES linkedin,
1450984,,MARK WIELAND linkedin,
1452967,,MARY CROWLEY linkedin,
1451050,,GEORGE KONSTANTAS linkedin,
1452970,,JOHN DENAULT linkedin,
1453170,,JAMES RICHARDS linkedin,
1453097,,JONATHAN TWICHELL linkedin,
1451743,,SHANA HEYDEN linkedin,
1453232,,TRACY HAM linkedin,
1453228,,GEORGE LEE linkedin,
1453226,,MARK FOSTER linkedin,
1453273,,STEPHEN LIPKIN linkedin,
1453282,,LAWRENCE SPINOSA linkedin,
1452001,,ROBERT WILBER linkedin,
1453259,,MICHAEL IMHOFF linkedin,
1453281,,DAVID DANIEL linkedin,
1453359,,JOHN WEIBLER linkedin,
1453363,,TERENCE BARNETT linkedin,
1452213,,JOHN CORBISIERO linkedin,
1452067,,MARK MANBER linkedin,
1453479,,DEAN ANAST linkedin,
1453492,,DEBRA SENDELBACH linkedin,
1453419,,JEFFREY WOEI linkedin,
1453432,,JEFFREY JULIEN linkedin,
1453525,,JOY PREFER COHEN linkedin,
1453498,,SUZANNE CIENKUS linkedin,
1453549,,Justin Hurd linkedin,
1453557,,STEVEN KNOOP linkedin,
1453583,,TERRY FINKEL linkedin,
1453579,,JAMES NEWMAN linkedin,
1453654,,JOEL JOHNSON linkedin,
1453613,,John Gill linkedin,
1453668,,DEWEY ISOM linkedin,
1453710,,BRUCE FIEDLER linkedin,
1453643,,BARRY GELTZEILER linkedin,
1452361,,RICHARD LEE linkedin,
1452473,,DOUGLAS LAKE linkedin,
1452570,,DANIEL BYARS linkedin,
1453809,,LESTER WILLSON linkedin,
1453786,,LISA VIRELLO linkedin,
1453856,,FREDERIC GABER linkedin,
1453848,,BOBBY NORTHUP linkedin,
1453876,,CHARLES DODDS linkedin,
1453907,,KRISTA HALL linkedin,
1453981,,KEVIN KEITH linkedin,
1453998,,TERRY MAY linkedin,
1453879,,Linda Johnson linkedin,
1453951,,RICHARD GERRITY linkedin,
1453944,,Richard Taubman linkedin,
1453948,,ROBERT COON linkedin,
1452955,,JEFFREY WOODWARD linkedin,
1454065,,MICHAEL GRADY linkedin,
1450938,,BRIAN RUSH linkedin,
1454061,,ROBERT HAYES linkedin,
1454139,,Stephanie Secor linkedin,
1454202,,REMUS SHADE linkedin,
1454189,,KATHLEEN DEGEN linkedin,
1454195,,DAVID WEINER linkedin,
1454163,,ALFRED PUCCI linkedin,
1453229,,JEFFREY MCCOY linkedin,
1454224,,TERRY BETZELBERGER linkedin,
1454215,,ROBERT GILDEA linkedin,
1454297,,PATRICIA BAUM linkedin,
1454337,,KEITH HAAS linkedin,
1454288,,SUSAN OROURKE linkedin,
1453378,,SEAN FLAHERTY linkedin,
1454383,,MICHAEL WILLIAMS linkedin,
1454566,,ALEX SKORI linkedin,
1454419,,ELLEN WILLIAMS linkedin,
1454586,,JEFFREY HEINEL linkedin,
1454584,,Teresa Turner linkedin,
1454457,,STEPHEN KITTS linkedin,
1453540,,ALAN WARD linkedin,
1454652,,WAYNE ELLISON linkedin,
1454573,,DENNIS SCHLACHTER linkedin,
1455008,,Marvin Waltuch linkedin,
1454706,,TSERING NGUDU linkedin,
1455001,,RENATO REALI linkedin,
1454939,,ANNA LEVAGGI linkedin,
1455059,,Phillip Meserve linkedin,
1454567,,GEORGE SCHWARTZ linkedin,
1453772,,KENNETH NG linkedin,
1455080,,WILLIAM TAYLOR linkedin,
1455065,,HAROLD SCHRAM linkedin,
1455097,,David Lohr linkedin,
1455132,,Christopher Reber linkedin,
1453864,,THEODORE CROWLEY linkedin,
1455194,,RICHARD FELS linkedin,
1455245,,RALPH WENDELL linkedin,
1455300,,JOHN KEVER linkedin,
1455311,,SAMUEL HENDERSON linkedin,
1455202,,GARY WARREN linkedin,
1455334,,SANDRA LIOTTA linkedin,
1455489,,KENNETH ANDERSON linkedin,
1455304,,STEVEN ROSS linkedin,
1455515,,BRETT SINGER linkedin,
1455455,,SPENCER LYNCH linkedin,
1454072,,PAUL CUOMO linkedin,
1454131,,KIRK ANDERSON linkedin,
1455538,,JOHN REYNOLDS linkedin,
1455581,,ROBERT BEDENIKOVIC linkedin,
1455574,,ANASTASIA USTER linkedin,
1455601,,TERESA PALMER linkedin,
1455599,,RICHARD HUCKERIEDE linkedin,
1454231,,PETER SORENSEN linkedin,
1455681,,Gregory Ferdinand linkedin,
1455610,,JEFF MOELLENHOFF linkedin,
1455622,,GLENN STEMPLER linkedin,
1454305,,EVAN FISCHER linkedin,
1455779,,SUSAN TAYLOR linkedin,
1454270,,SIMON GILL linkedin,
1455645,,RONALD DILTZ linkedin,
1455741,,Christopher Keelin linkedin,
1456000,,FRANCIS DOLAN linkedin,
1454350,,RICHARD STUMPF linkedin,
1456135,,BARBARA BRENNAN linkedin,
1455807,,PAUL RUGGIERO linkedin,
1456282,,TERANCE HELLAND linkedin,
1456136,,MICHAEL GEE linkedin,
1456248,,ROBERT SHY linkedin,
1456435,,THEODORE LONGO linkedin,
1456393,,JAMES WALKER linkedin,
1456299,,DONALD FRIO linkedin,
1456472,,STEPHEN ENGRO linkedin,
1456352,,HENRY ROSENBLUM linkedin,
1456293,,REGINA BANKS linkedin,
1456486,,STEVEN INFANTE linkedin,
1454705,,MARK FIELDER linkedin,
1455056,,ARLINGTON SYRIE linkedin,
1456788,,JAMES KERN linkedin,
1456587,,JAMES RHODES linkedin,
1457044,,EDWARD BULLANO linkedin,
1456706,,TIMOTHY BUGGY linkedin,
1457008,,PIETRO RAZZINO linkedin,
1457013,,S DUNBAR linkedin,
1457079,,PHILIP SHER linkedin,
1456646,,ERIK OLSEN linkedin,
1457237,,ROBERT FRAKES linkedin,
1457220,,KENNETH CHASE linkedin,
1457100,,DAVID NEUBRANDER linkedin,
1457292,,JENNIFER STILES linkedin,
1457290,,JONATHON TUFT linkedin,
1457284,,DAVE HORAN linkedin,
1457351,,DANNY YOUNG linkedin,
1457327,,ROBERT ADAMS linkedin,
1457405,,RIGOBERTO DAPENA linkedin,
1457402,,TOM CRESSWELL linkedin,
1457478,,ANDREW MILLER linkedin,
1457435,,STEPHEN POTTER linkedin,
1457516,,EARL J. WENGER linkedin,
1457519,,MURRAY MCGARRY linkedin,
1457515,,CHARLES RIGGSBEE linkedin,
1457604,,BAERBEL O'HAIRE linkedin,
1457564,,DENNIS MEADORS linkedin,
1457569,,JONATHAN SILBERMAN linkedin,
1457596,,THOMAS FISHER linkedin,
1457613,,BETH ELDRIDGE linkedin,
1457620,,HONORINE WALLACK linkedin,
1457641,,JACK HEFFNER linkedin,
1457637,,MICHAEL NAKAHIRA linkedin,
1457664,,NEAL GROFF linkedin,
1455302,,Robert Dolfi linkedin,
1457645,,GARY GARSTECKI linkedin,
1457689,,GARY FOX linkedin,
1457715,,DAVID ANDERSON linkedin,
1457788,,CLYDE REASNER linkedin,
1457731,,Russ Davidson linkedin,
1457798,,LEISA NASH linkedin,
1457827,,DREW REINHARDT linkedin,
1457691,,MICHAEL HANKES linkedin,
1457878,,JEFFREY GOLSON linkedin,
1455890,,Paula Love linkedin,
1457722,,KATHLEEN KAFFENBERGER linkedin,
1457893,,CARMELA NOCERINO linkedin,
1455931,,BRUCE FRANK linkedin,
1457928,,WILLIAM JEFFERY linkedin,
1457924,,KATHLEEN POZARYCKI linkedin,
1457925,,Jacqueline Knoll linkedin,
1457936,,PAUL MCNULTY linkedin,
1457942,,STEVEN CHANG linkedin,
1458047,,JAMES PARKER linkedin,
1457956,,MYONG PARK linkedin,
1458115,,KEVIN CUSACK linkedin,
1456482,,JOSEPH GIBBS linkedin,
1456506,,KUMUD GANDHI linkedin,
1458375,,Julia Welch linkedin,
1458305,,LUIS RINALDINI linkedin,
1456596,,JAMES MIEHLS linkedin,
1458316,,MARGUERITE MASTALIR linkedin,
1458188,,CHRISTOPHER HAICH linkedin,
1458142,,STACY GRAHAM linkedin,
1456720,,MELINDA CARTER linkedin,
1456585,,DWIGHT BECK linkedin,
1456633,,JOHN HEREZA linkedin,
1458518,,ROBERT CREIGHTON linkedin,
1458637,,GEOFFREY KLOS linkedin,
1457646,,MARK DORFMAN linkedin,
1458848,,Joseph Carty linkedin,
1458750,,CHRISTOPHER PEPE linkedin,
1458822,,WILLIAM NOLAN linkedin,
1458828,,MICHAEL MARGARITES linkedin,
1457312,,TIM VORPAHL linkedin,
1458645,,Don Dumas linkedin,
1457616,,JOHN ZODROW linkedin,
1458886,,ROBERT WALKER linkedin,
1458882,,Michael Papa linkedin,
1458808,,THOMAS REEHORST linkedin,
1458219,https://linkedin.com/in/russell-rosin-44a5a44a,RUSSELL ROSIN linkedin,brave
1458530,https://linkedin.com/in/david-haase-582250150,DAVID HAASE MUTUAL linkedin,brave
1459002,,DAVID OLSON linkedin,
1459166,,JANELLA JONES linkedin,
1457534,,RICHARD STOUT linkedin,
1459062,,GARY PRYKA linkedin,
1457408,,EUGENE SMITH linkedin,
1459036,,DANNY VIOLA linkedin,
1459266,,THOMAS VOLPINI linkedin,
1459346,,WILLIAM HANAVAN linkedin,
1459133,,WILLIAM WARREN linkedin,
1459355,,MARK FINLEY linkedin,
1459351,,DREW ARMAO linkedin,
1459834,,STEPHEN GEREMIA linkedin,
1459451,,RICKEY TIEDEMANN linkedin,
1459383,,WILLIAM STACKS linkedin,
1460020,,KURT GILGE linkedin,
1459394,,CARLO RUNCA linkedin,
1459497,,WILLIAM GRIBBLE linkedin,
1460059,,JOHN WALBORN linkedin,
1457541,,CHARLES FORESTER linkedin,
1459724,,TONI ONDEK linkedin,
1460289,,MARK DUVAL linkedin,
1460076,,LISA UTASI linkedin,
1459919,,WILLIAM SUTHERLAND linkedin,
1459228,,LEONARD PENROD linkedin,
1460032,,JAMES MULLIN linkedin,
1460048,,Alex Cena linkedin,
1460326,,DANIEL DECAMBRA linkedin,
1460357,,Kirk Drickman linkedin,
1460316,,MARK PODBER linkedin,
1460414,,RAYMOND LUKAS linkedin,
1460379,,MICHELE GUERIN linkedin,
1460572,,VICKIE GRAY linkedin,
1460576,,ROBERT KIRSCHNER linkedin,
1458097,,MARK SCHROERING linkedin,
1460471,,HOMER MINSHEW linkedin,
1460468,,JAMES BURNS linkedin,
1460662,,Michael Niro linkedin,
1460608,,MARK GOFF linkedin,
1460584,,LAURIE WIETERS linkedin,
1460473,,JOSEPH PERELLA linkedin,
1460702,,Michael Medlock linkedin,
1460711,,Linda Carter linkedin,
1460893,,KARLA OLSON-BELLFI linkedin,
1461008,,STEVEN OREILLY linkedin,
1461320,,THOMAS HORKY linkedin,
1461198,,SAMUEL URTON linkedin,
1460975,,ROSEMARY RICHARD linkedin,
1460968,,JOHN DRITZ linkedin,
1461293,,Kelly Barker linkedin,
1461335,,DAVID HILDITCH linkedin,
1461328,,JOSEPH GERTIE linkedin,
1458788,,Patrick Garbinsky linkedin,
1461484,,BLASE RESTIFO linkedin,
1461555,,WILLIAM DEVINE linkedin,
1461387,,ROBERT WHEELER linkedin,
1461627,,DREW CULLUM linkedin,
1461865,,DAVID GILLIAM linkedin,
1461776,,SUSAN BENZ linkedin,
1458972,,Cecile Komplita linkedin,
1461768,,MARCY ANNIS linkedin,
1461969,,Jeffrey Stein linkedin,
1462010,,DENNIS TILLEY linkedin,
1459010,,Victor Wojtowicz linkedin,
1462060,,CHARLES ALLEN linkedin,
1462136,,CHARLES ORLEY linkedin,
1462163,,GARY DEMEE linkedin,
1462066,,JOHN HANTZ linkedin,
1459385,,DAVID WILLIAMS linkedin,
1462314,,KARI KEMNITZ linkedin,
1462594,,WILLIAM HORAK linkedin,
1462557,,JOEY PRICE linkedin,
1462668,,JILL BRANDON linkedin,
1462677,,GARY MCGOVERN linkedin,
1462774,,DAVID WRAY linkedin,
1460432,,DANIEL COOK linkedin,
1462691,,PATRICIA OCONNOR linkedin,
1462681,,KEVIN TRAINOR linkedin,
1462818,,G FRANSEN linkedin,
1462817,,GREGORY MCGINN linkedin,
1462757,,TIMOTHY NEUVILLE linkedin,
1460520,,GREGORY HELLER linkedin,
1462911,,Barbara Fukushima linkedin,
1462915,,CARLA KOREN linkedin,
1462933,,MARK KING linkedin,
1460855,,LAWRENCE FARETTA linkedin,
1463047,,DELORES BROCKINGTON linkedin,
1462926,,JAMES OWENS linkedin,
1462937,,KATHLEEN DAVENPORT linkedin,
1462924,,WILLIAM BROWN linkedin,
1463094,,RONALD DUNK linkedin,
1461255,,RONALD DUSWALT linkedin,
1463081,,EILEEN GIBILISCO linkedin,
1461200,,KAY KLUNK linkedin,
1461129,,VICTOR DEMETRIOU linkedin,
1463108,,John Misner linkedin,
1461712,,MICHAEL WEYER linkedin,
1463334,,DOUGLAS MEUTH linkedin,
1463407,,NANETTE BLISH linkedin,
1463513,,CAROLINE WISNIEWSKI linkedin,
1463278,,THOMAS DAVIS linkedin,
1463165,,MALCOLM TODD linkedin,
1463650,,BRIAN HELLNER linkedin,
1463708,,SCOTT FREEMAN linkedin,
1463326,,CARL LAURELLA linkedin,
1463719,,JAMES INGE linkedin,
1463878,,JOSEPH LINTON linkedin,
1463751,,CHRISTOPHER LAMBRECHT linkedin,
1463757,,ELLEN MIDDLETON linkedin,
1463768,,PATRICE MINOR linkedin,
1462255,,MICHAEL CASEY linkedin,
1462443,,JOHN GRECCO linkedin,
1462596,,MICHAEL HALL linkedin,
1463904,,ALFRED HAMMOND linkedin,
1463871,,GERALD DENNEY linkedin,
1463992,,JON KAY linkedin,
1462307,,SUZANNE CARSON linkedin,
1464044,,JANET S. BERRY linkedin,
1463942,,JAY HIGGENBOTHAM linkedin,
1464023,,CHRISTINE SPERRY linkedin,
14642,,GEORGE BATES linkedin,
1464274,,MARK WEAVER linkedin,
1464085,,JOHN RUGGIERO linkedin,
1464392,,THOMAS POWERS linkedin,
1464291,,FRANK KOUCKY linkedin,
1464490,,Pamela Tobbe linkedin,
1464267,,THOMAS WARD linkedin,
1464263,,SAMUEL OAKLEY linkedin,
1464525,,JODY BIDLACK linkedin,
1464681,,HOWARD LOEWENBERG linkedin,
1464872,,TIMOTHY DONOHUE linkedin,
1464854,,WILLIAM REILAND linkedin,
1464912,,ROBERT BANISTER linkedin,
1464852,,JOSEPH RANSDELL linkedin,
1464926,,PETER VELCOFSKY linkedin,
1464914,,THOMAS VORISEK linkedin,
1465037,,STEPHEN ANGELIS linkedin,
1465262,,GERHARDT KORN linkedin,
1465222,,WADE CARDON linkedin,
1465295,,Jonathan Gauntt linkedin,
1465302,,Patrick Tuttle linkedin,
1465331,,Joseph Vencil linkedin,
1465353,,JOSEPH MOORE linkedin,
1465370,,WILLIAM KELLY linkedin,
1465418,,NANCY SHORT linkedin,
1465209,,JOSEPH KOCH linkedin,
1465420,,Louis Nemeth linkedin,
1465458,,BRUCE GAGNON linkedin,
1465626,,JEREL BRAGER linkedin,
1465757,,GEORGES UGEUX linkedin,
1465755,,SUSAN HEDBERG linkedin,
1465731,,LANNY MARKS linkedin,
1465761,,DIANE BURKE linkedin,
1463126,,Dorothy Litos linkedin,
1465830,,THOMAS SAFFORD linkedin,
1465920,,DAVID REMEY linkedin,
1463158,,TERRANCE MAXWELL linkedin,
1465966,,BRUCE YOSHIDA linkedin,
1465918,,Arthur Pasternak linkedin,
1465961,,RORY WIEBUSCH linkedin,
1465972,,BRETT ZATULOVE linkedin,
1465976,,VICTOR ZIMINSKY linkedin,
1466159,,KEVIN CARTER linkedin,
1466168,,ALBERT KROHN linkedin,
1466345,,KIMBERLI VICTORINE linkedin,
1466402,,CRAIG MEYLAN linkedin,
1466014,,BRIAN FRIEDMAN linkedin,
1466353,,NICHOLAS HARLOW linkedin,
1463869,,Laurie Logan linkedin,
1466443,,ROBERT JOHNSTON linkedin,
1466462,,Nancy Washington linkedin,
1466572,,PAUL TREISTMAN linkedin,
1466512,,Mark Fenlon linkedin,
1466569,,JODI PEREZ linkedin,
1464218,,DEBBIE WINOKUR linkedin,
1466599,,RICHARD RUSKEY linkedin,
1466580,,JOSEPH RASPA linkedin,
1464482,,SYDNEY FOX linkedin,
1466630,,DOUGLAS LOEW linkedin,
1464089,,GERARD BROCK linkedin,
1466793,,THOMAS NICOLS linkedin,
1466642,,STEVEN ANUSZEWSKI linkedin,
1466824,,Timothy Anderson linkedin,
1466831,,FRANK CASLER linkedin,
1462771,,STEVEN LOWE linkedin,
1464360,,THOMAS BENT linkedin,
1466834,,LEONARD SANDER linkedin,
1466844,,ANDREW SULLIVAN linkedin,
1464732,,SHEILA JOHNSON linkedin,
1464587,,STEPHEN CONNORS linkedin,
1466949,,THOMAS COLON linkedin,
1464748,,JAMES FOREMAN linkedin,
1466937,,KEVIN FITZPATRICK linkedin,
1466941,,THOMAS HENNESSY linkedin,
1466978,,Thomas Doughty linkedin,
1467034,,DAVID ISRAEL linkedin,
1465146,,MICHAEL DEVINCENTIS linkedin,
1464899,,Robert Virgilio linkedin,
1467046,,JAMES GROSS linkedin,
1467014,,FRANKLIN KRAFT linkedin,
1467125,,FRANCIS DWYER linkedin,
1467078,,JOHN FERGUSON linkedin,
1467211,,Lisa Miller linkedin,
1467241,,JEFFREY TIEDGE linkedin,
1467198,,JOSEPH GEELAN linkedin,
1467244,,BARBARA ANDERSON linkedin,
1467247,,JAMES ROBINSON linkedin,
1465941,,JOHN THOMPSON linkedin,
1467243,,Craig Foreman linkedin,
1467347,,NOEL YAMEOGO linkedin,
1467286,,JIMMIE SUMMERS linkedin,
1467380,,BRADFORD HEARSH linkedin,
1465989,,LORI CAPRON linkedin,
1467364,,MICHAEL BURKE linkedin,
1467289,,MARCUS CHILDS linkedin,
1467299,,JOHN SHAW linkedin,
1466311,,Richard Johnson linkedin,
1467777,,DALE LEWIS linkedin,
1467502,,TROY MILLER linkedin,
1466418,,ELLEN GIBBS linkedin,
1467679,,LEWIS MEDLIN linkedin,
1467769,,Thomas Parker linkedin,
1467791,,JOHN HANLON linkedin,
1466497,,DAVID ORNE linkedin,
1467562,,PAUL FEST linkedin,
1467988,,DONNA BENTON linkedin,
1468016,,DAVID LEE linkedin,
1468071,,JAMES CLAYWELL linkedin,
1466608,,GARY GUINTA linkedin,
1466868,,RICHARD GREEN linkedin,
1468148,,GEORGIE LOWE linkedin,
1468535,,GEOFFREY DENNEHY linkedin,
1468307,,BARBARA MANGANO linkedin,
1468654,,CHRISTIAN TRENT linkedin,
1468657,,DEBRA RYDER linkedin,
1468194,,ROBERT SALLES linkedin,
1468480,,RICHARD BELL linkedin,
1466848,,JOANNE REILLY linkedin,
1468554,,CHRISTY GARRETT linkedin,
1468603,,WILLIAM JEFFREY linkedin,
1467186,,Bruce Goldman linkedin,
1467200,,PHILIP FERBUYT linkedin,
1468894,,JEFFREY CHERRY linkedin,
1468817,,ALICE WINDSOR linkedin,
1468922,,Jerry Hefley linkedin,
1469162,,JOHN PETTEY linkedin,
1469460,,PHILLIP PERRY linkedin,
1469403,,ANN VAKALIS linkedin,
1469239,,John Perry linkedin,
1469010,,MICHAEL DONAHUE linkedin,
1468950,,RAYMOND BASS linkedin,
1470029,,KAREN WAGNER linkedin,
1469723,,PETER C JOHNSON linkedin,
1469492,,JAMES BICKHAM linkedin,
1469958,,SALIM NAZKANI linkedin,
1467788,,CYNTHIA MCHUGH linkedin,
1469750,,CHRISTINE STELMACK linkedin,
1470032,,CARL HULSE linkedin,
1467811,,LAWRENCE ROSATI linkedin,
1470266,,DOUGLAS PROPECK linkedin,
1467802,,MATTHEW BEVENOUR linkedin,
1470425,,KEVIN PEARCE linkedin,
1467972,,ANDREW CHASE linkedin,
1470291,,LAWRENCE PERRY linkedin,
1470233,,DARLA TAYLOR linkedin,
1470296,,ANN RE linkedin,
1470438,,WILLIAM BERTRON linkedin,
1470470,,JOHN BECKER linkedin,
1470640,,SHEILA EDWARDS linkedin,
1468062,,GARY FOSSUM linkedin,
1470679,,RUTH OFTRING linkedin,
1470707,,TED MONROE linkedin,
1470440,,SCOTT DEMOUTH linkedin,
1470492,,GARY RUFF linkedin,
1470746,,JEFFREY SARKIN linkedin,
1470912,,GEOFFREY WILWERDING linkedin,
1470904,,GERARD FRITSCH linkedin,
1470938,,MARILYN STRUCHEN linkedin,
1471025,,JOHN PIVIROTTO linkedin,
1471458,,RALPH RAMSEY linkedin,
1471029,,CHARLES BURNS linkedin,
1468921,,WILLIAM BAILEY linkedin,
1471463,,NANCY LAUG-SHOLIN linkedin,
1469485,,RICHARD HEWITT linkedin,
1470988,,WILLIAM BREWER linkedin,
1471266,,THOMAS ROWLEY linkedin,
1471468,,WILLIAM STROUD linkedin,
1471063,,DEAN FORSTMANN linkedin,
1469329,,NATALIE TATJE linkedin,
1471180,,WILLIAM WITTE linkedin,
1471524,,TERRI OLERUD linkedin,
1471382,,WILLIAM TRUSTY linkedin,
1470080,,JOSEPH PILONE linkedin,
1471616,,SCOTT LOWMAN linkedin,
1470209,,MATTHEW STEINFELD linkedin,
1471708,,Craig Willingham linkedin,
1471669,,STEVEN KOHLER linkedin,
1471734,,DAWN FORBES linkedin,
1471765,,John Gallagher linkedin,
1471816,,DANIEL GALLI linkedin,
1471757,,MARTHA KERNS linkedin,
1470242,,GREGORY BALES linkedin,
1471737,,CRAIG HARDY linkedin,
1471801,,JAMES TURNER linkedin,
1471892,,LEVI DAVIS linkedin,
1471875,,TIMOTHY GEISSINGER linkedin,
1470460,,WALTER DWYER linkedin,
1471893,,STEPHEN COLLINS linkedin,
1471911,,LISA BALL linkedin,
1472004,,TAMARA SHUMATE BROWN linkedin,
1471899,,JAY DAILY linkedin,
1471936,,ANNE HERRING linkedin,
1472226,,JOSEPH NELSON linkedin,
1471937,,KATRINA DUDLEY linkedin,
1472005,,RANDOLPH PETERS linkedin,
1472385,,DONALD HADLEY linkedin,
1472002,,DAVID BENDER linkedin,
1472348,,MARY STIEGELBAUER FORTUNA linkedin,
1472354,,GARY RIGBY linkedin,
1472497,,MILTON KAWASAKI linkedin,
1472459,,MICHAEL WALDOW linkedin,
1472551,,KATHLEEN ALGER linkedin,
1472651,,ROBERT HEUBECK linkedin,
1472665,,BRADLEY SUBLETT linkedin,
1472557,,DEBORAH LEHR linkedin,
1472727,,RONALD MERAZ linkedin,
1472744,,Charles Shaffer linkedin,
1472633,,Edmund Wojciechowski linkedin,
1472790,,STEVEN RUTTGEIZER linkedin,
1472788,,James Sotiropoulos linkedin,
1472981,,JUDITH VEREEN linkedin,
1472992,,JEFFREY GERBER linkedin,
1473130,,LELAND DONNER linkedin,
1473148,,WILLIAM GORMAN linkedin,
1473132,,Shirley Gillock linkedin,
1473158,,HENRY HENSLEY linkedin,
1473205,,VIVIAN BUTLER linkedin,
1473223,,Mary Condon Moore linkedin,
1470971,,ANN REDDY linkedin,
1473301,,ALETA HEGGS linkedin,
1468842,,GUY SWAIN linkedin,
1473356,,MARTA BEGLEY linkedin,
1473445,,ROBERT CAPUTO linkedin,
1470991,,JAMES ZACK linkedin,
1473391,,WILLIAM WEIMER linkedin,
1473506,,STUART DUBSON linkedin,
1473646,,BILL HENRY linkedin,
1473613,,DOUGLAS FECCI linkedin,
1473671,,PAUL HINDIN linkedin,
1473855,,Jeffrey Tucker linkedin,
1473773,,CHRISTOPHER MANNING linkedin,
1473799,,DAVID NIXON linkedin,
1473660,,CARL CEDER linkedin,
1473905,,JAMES GERAGHTY linkedin,
1471585,,SUSAN PERRY linkedin,
1473872,,TIMOTHY TRIBBEY linkedin,
1473911,,THOMAS STROHL linkedin,
1473938,,VINCENT SPERDUTO linkedin,
1473960,,NATHANIEL FOOTE linkedin,
1471583,,ERIC NIEDERREITHER linkedin,
1473936,,CARL LATZ linkedin,
1474022,,STUART ROMAL linkedin,
1474056,,ELAINE KEENEY linkedin,
1474063,,CHARLES ZISKO linkedin,
1474057,,LAWRENCE BARTH linkedin,
1474220,,CAROL FOX linkedin,
1471882,,RONALD PETERS linkedin,
1471871,,BARRY STREETER linkedin,
1474256,,BETTY SMITH linkedin,
1474271,,PAUL SOLBERG linkedin,
1474294,,ROBERT GESDORF linkedin,
1474464,,Claire Holmes linkedin,
1474474,,DAVID FROMMER linkedin,
1474477,,Peter Moran linkedin,
1471904,,Robert Bianca linkedin,
1474508,,DAVID EARLEY linkedin,
1474478,,MARY MORSE linkedin,
1474666,,JOSE LOPEZ linkedin,
1474778,,JAMES BOWMAN linkedin,
1472745,,RALPH ALLEN linkedin,
1472509,,KATHERINE CARMAN linkedin,
1472932,,DOUGLAS REIGH linkedin,
1474844,,Dhiren Shah linkedin,
1474899,,ROBERT HYNOTE linkedin,
1474906,,RICHARD RIZZUTO linkedin,
1474882,,Terence Reynolds linkedin,
1472480,,KARLA CULVER linkedin,
1473453,,KEVAN MCNAUGHT linkedin,
1474968,,KIM LARKIN linkedin,
1473163,,KATHERINE GOUGH linkedin,
1475124,,SERGIO FERNANDEZ linkedin,
1475567,,JEFFREY FRANKEL linkedin,
1475217,,THERESA MEINEN linkedin,
1475771,,CHARLES COMISKEY linkedin,
1475369,,DONALD HULTGREN linkedin,
1475627,,ALP ONDER linkedin,
1475780,,CLARE SHERIDAN linkedin,
1475521,,JOEL ROHN linkedin,
1475810,,FRANK EMMERLING linkedin,
1475930,,MARK JOYNER linkedin,
1476010,,RICHARD LANIUS linkedin,
1476203,,PATRICK COYLE linkedin,
1476210,,ERIC KOHLMEIER linkedin,
1474002,,Roy Cogdell linkedin,
1476267,,MICHAEL KOCHIS linkedin,
1476282,,MARGUERITE KIRCHER linkedin,
1474184,,JUDITH TURPIN linkedin,
1476297,,LAWRENCE AGLER linkedin,
1476227,,JOYCE TICE linkedin,
1476391,,JEFFREY NEMECHEK linkedin,
1474159,,Scott Seidl linkedin,
1476298,,JERROLD FILIPSKI linkedin,
1476365,,FRANK DORN linkedin,
1476516,,RICHARD DIAZ linkedin,
1476550,,ALLAN DUNLAP linkedin,
1476458,,CASEY LONG linkedin,
1474628,,LETRICIA PRESTON linkedin,
1476417,,KELLEY TATREAU linkedin,
1476566,,BARRY BAILEY linkedin,
1474799,,SEAN YORK linkedin,
1476577,,CHRISTOPHER FENTON linkedin,
1476708,,KERRI TUCKEY linkedin,
1473032,,JOEL FALK linkedin,
1476647,,DAVID PARKER linkedin,
1474986,,KURT KOKE linkedin,
1476984,,RISA JONES linkedin,
1475075,,ROSEMARY Terry linkedin,
1475665,,PHILLIP VETTER linkedin,
1476975,,KATHY GRAY linkedin,
1477006,,KATHRYN ISERNHAGEN linkedin,
1473764,,Laura Kahn linkedin,
1475790,,LAWRENCE PANN linkedin,
1475916,,Mark Sargon linkedin,
1477215,,KIRK SHELBY linkedin,
1477145,,GARY ZOHN linkedin,
1477223,,John Jimenez linkedin,
1477209,,George Spino linkedin,
1477541,,NICHOLAS CAVA linkedin,
1477202,,GREGORY DRISKELL linkedin,
1477509,,Donna Farren linkedin,
1477505,,THOMAS HIGGINS linkedin,
1477423,,ANDREW WEDEEN linkedin,
1477637,,CHRISTOPHER LEVERETT linkedin,
1477688,,PATRICE SINCLAIR linkedin,
1476253,,ARTHUR KOSKELA linkedin,
1477656,,JUDE CHARLESTON linkedin,
1477631,,JOHN MCNEIL linkedin,
1477620,,JONATHAN REGISTER linkedin,
1477732,,ISAAC FRANCO linkedin,
1477937,,TERRY ALLEN linkedin,
1477938,,BRENT CONWAY linkedin,
1477994,,JOSEPH WALSH linkedin,
1476472,,SANDRA BERTRAND linkedin,
1477960,,THOMAS KALIS linkedin,
1478164,,EMILIANO RODRIGUEZ linkedin,
1477867,,DIANE WHITE linkedin,
1476483,,Matthew McKean linkedin,
1476655,,Richard Mack linkedin,
1476642,,GARY SHELLER linkedin,
1478387,,DAVID KINNEY linkedin,
1478506,,LIZZIE ESCHENWALD linkedin,
1478301,,Michael Wecker linkedin,
1476716,,LOUIS SEGALINI linkedin,
1476922,,ROBERT BENNETT linkedin,
1478454,,BERNARD MAHON linkedin,
1478613,,TIMOTHY WEDEKIND linkedin,
1478944,,DIANA MCKAY linkedin,
1477187,,TIMOTHY SKELLY linkedin,
1478432,,STEVEN YOUNG linkedin,
1478869,,SCOTT SHEA linkedin,
1478946,,JOHNNY GARNER linkedin,
1479009,,Angela Antonelli linkedin,
1479182,,SEAN SIRI linkedin,
1479438,,GREGORY MIKESELL linkedin,
1479422,,JOSEPH XERRI linkedin,
1479350,,FERNANDO SUAU-FERRER linkedin,
1479573,,JEFFREY CHAPMAN linkedin,
1479532,,MICHAEL GLOSTER linkedin,
1479431,,DAWN DAVIS linkedin,
1479643,,TINA DANDRY-MAYES linkedin,
1479832,,KATHLEEN KNOX linkedin,
1479811,,Karen Hajus linkedin,
1479845,,THOMAS BRITAIN linkedin,
1479827,,PHILIP PERRY linkedin,
1479770,,KEVIN DUKE linkedin,
1479836,,CHRISTOPHER BELL linkedin,
1479899,,CELIA GARCIA linkedin,
1479881,,MARC NEVILLE linkedin,
1480234,,SEBASTIAN TRISCARI linkedin,
1480148,,TERRENCE CAREY linkedin,
1480265,,JACQUELINE LINDO linkedin,
1480252,,THOMAS RANKIN linkedin,
1480698,,SHELBY SLOAN linkedin,
14803,,JOHN BATTISTA linkedin,
1480767,,CARL SCOTT linkedin,
1480860,,DAVID BERNTSEN linkedin,
1480894,,Mary Greenwood Ellsworth linkedin,
1480947,,JENNIFER FERREYRA linkedin,
1480903,,DAVID KASS linkedin,
1480959,,TIMOTHY ORR linkedin,
1477462,,BETTY PACIS linkedin,
1480978,,ALEXANDER SANCHEZ linkedin,
1480968,,LORI ANTOLOVIC linkedin,
1480999,,CHRISTIAN DOEPP linkedin,
1481016,,MITCHELL WELSCH linkedin,
1481003,,CHRISTINA FILLHART linkedin,
1481083,,KENNETH BOGERT linkedin,
1481075,,JOHN RAINONE linkedin,
1481220,,DAVID DOBBS linkedin,
1481353,,MARK GANUNG linkedin,
1477692,,DIMITRIS LORANDOS linkedin,
1481412,,Gary Barnes linkedin,
1481663,,PENELOPE TZOUGROS linkedin,
1478037,,VINCENT LUPO linkedin,
1481662,,DOROTHY NEUWIRTH linkedin,
1477806,,JUDY RIDDLE linkedin,
1481716,,ANGELA HETLAGE linkedin,
1481728,,PATRICIA JORGEN linkedin,
1478332,,Michael Persinski linkedin,
1482033,,BEVERLY CURMANSKIE linkedin,
1482195,,JOHN HOWELL linkedin,
1482251,,MONA WILSON linkedin,
1482167,,Victor Ortiz linkedin,
1482189,,GEORGE BRAGAW linkedin,
1478090,,MICHAEL ROAN linkedin,
1482361,,GEORGE VEATER linkedin,
1482426,,JOSEPH CUNNINGHAM linkedin,
1482494,,SALVATORE FRADELLA linkedin,
1482529,,STEVEN PINELLO linkedin,
1482727,,PATRICK O'CONNOR linkedin,
1482493,,PAMELA GREEN linkedin,
1482334,,ROBERT ALBERTS linkedin,
1482752,,JEFFREY GIBBENS linkedin,
1478960,,TOM FAUCETTE linkedin,
1478788,,JEFFREY BEGA linkedin,
1479719,,Andrew Totman linkedin,
1479402,,SONJA ROGERS linkedin,
1482771,,THOMAS BROWN linkedin,
1479473,,TED HARLESS linkedin,
1477416,,Kirk Schlenke linkedin,
1482807,,JOSEPH COSENZA linkedin,
1482844,,DAVID ZALMAN linkedin,
1482819,,ROSS PAKE linkedin,
1482836,,Brian Tuttle linkedin,
1482944,,NATALIE DAILEY linkedin,
1480831,,Russell Newman linkedin,
1483012,,MICHAEL SCHROEDER linkedin,
1483011,,PAMELA KWIATKOSKI linkedin,
1480685,,MATTHEW GARROW linkedin,
1481282,,BARBARA CARDINAL-SORGE linkedin,
1483220,,Raymond Cullen linkedin,
1483051,,LAWRENCE NAPP linkedin,
1483449,,FILIP WIELAND linkedin,
1483224,,SUE SULLIVAN linkedin,
1483525,,DIANE BAKER linkedin,
1481588,,SUSAN POLLOCK linkedin,
1483612,,LAURIE THOMPSON linkedin,
1483613,,JOSEPH ENGLERT linkedin,
1483620,,JOEL RAY linkedin,
1483963,,TOM VERDUCCI linkedin,
1484017,,RANDY LAMBETH linkedin,
1483633,,CHRISTOPHER KIRSTEN linkedin,
1484057,,William Richmond linkedin,
1483733,,RICHARD DODGE linkedin,
1484220,,ROBIN CUDDY linkedin,
1481754,,DANIEL LAVIN linkedin,
1481911,,BRADFORD YATES linkedin,
1482319,,RICHARD SILETTI linkedin,
1482312,,DENNIS ZAVERL linkedin,
1484336,,STEPHEN BRIXEY linkedin,
1484262,,SCOT SHYMAN linkedin,
1484342,,JOHN FITZGERALD linkedin,
1484490,,DAVID SEBASTIAN linkedin,
1484377,,JAMES MINCK linkedin,
1483582,,MICHAEL GUTIERREZ linkedin,
1484496,,Steven Richards linkedin,
1484457,,KENNETH HOUNTZ linkedin,
1484471,,NANCY HEFFNER linkedin,
1483479,,CHRISTOPH FUCHS linkedin,
1484504,,ROBERT RIEKE linkedin,
1484506,,Debra Press linkedin,
1484548,,JOSEPH TROTTI linkedin,
1484742,,RICHARD DELIO linkedin,
1484733,,BRIAN ZUCKER linkedin,
1484632,,MICHAEL BLOMBERG linkedin,
1484776,,KENNETH CUTHBERT linkedin,
1483127,,RAQUEL IGLESIAS-NIEVES linkedin,
1484811,,NADAV BAUM linkedin,
1485064,,EDWARD KOFMAN linkedin,
1485112,,BARRY RICHEY linkedin,
1483474,,Kyle Wilson linkedin,
1485121,,SANDRA YOUNG linkedin,
1485037,,ALAN GINSBERG linkedin,
1485101,,THOMAS WILSON linkedin,
1485166,,ALFRED RUIZ linkedin,
1485146,,LINDA COULSON linkedin,
1485200,,JEFFREY WRIGHTSON linkedin,
1483809,,STEVEN LEACH linkedin,
1484206,,Joseph Thomas linkedin,
1485273,,SCOTT MODELL linkedin,
1485261,,ALFRED RUSSO linkedin,
1485275,,PATRICK FOY linkedin,
1485336,,JAMES WAGNER linkedin,
1485399,,TIMOTHY WYNNE linkedin,
1485347,,MICHAEL ENGEL linkedin,
1485395,,GLORIA SWEET linkedin,
1484445,,TIMOTHY CAVANAUGH linkedin,
1485613,,CARI DRISCOLL linkedin,
1485550,,DANIEL MILLER linkedin,
1485691,,PAUL WALKER linkedin,
1485710,,ROBERT HERRON linkedin,
1485847,,FRANCIS SAMS linkedin,
1485726,,ALLEN CARR linkedin,
1485932,,IRA HERMANN linkedin,
1486007,,PETER LIVINGSTON linkedin,
1484993,,NOLIA ANDERSON linkedin,
1485986,,MARTIN GUTIERREZ linkedin,
1483273,,Donald Cureton linkedin,
1484801,,JoAnne DUFFY linkedin,
1485205,,WILLIAM KEEL linkedin,
1485998,,OWEN PARR linkedin,
1485467,,MICHAEL WOLFE linkedin,
1485554,,Constance Visco linkedin,
1486205,,SAM LOPRESTI linkedin,
1484772,,JUDD NORMAN linkedin,
1486027,,GOPALSAMY MANOHARAN linkedin,
1485294,,CLARENCE ROW linkedin,
1485027,,ROBERT WOLFE linkedin,
1486034,,LOVELL ROE linkedin,
1486044,,SHANIA MOTRUK linkedin,
1485673,,DARRYL TRAWEEK linkedin,
1486274,,ERIKA TUSNADI linkedin,
1485906,,MICHAEL SKUBON linkedin,
1486109,,STEVEN BLANKE linkedin,
1486066,,TERENCE MC CORMICK linkedin,
1486275,,CRAIG SOULE linkedin,
1486478,,JOHN BELLINGHAM linkedin,
1486257,,DUNCAN BELL linkedin,
1486242,,Brian Sullivan linkedin,
1486455,,DOUGLAS BEEHLER linkedin,
1486414,,DAVID LOCURCIO linkedin,
1486689,,JIMMY LEONG linkedin,
1486214,,TERRY TIMPER linkedin,
1486562,,JOSEPH BOZEL linkedin,
1486526,,KEVIN COOK linkedin,
1486699,,DANIEL SOUCY linkedin,
1486860,,PATRICIA VAN KIRK linkedin,
1486926,,THOMAS HERR linkedin,
1487060,,RONALD CIANI linkedin,
1486908,,MARK MCCABE linkedin,
1487139,,ROBERT NEALE linkedin,
1487022,,GARY BAIRD linkedin,
1486938,,PHILLIP ORR linkedin,
1487012,,BRADLEY STERK linkedin,
1486306,,JOHN LENNON linkedin,
1487128,,DAVID DRAKE linkedin,
1487211,,LAWRENCE CANE linkedin,
1487149,,LORRIE RIGGS linkedin,
1487307,,CHERYL DONAHUE linkedin,
1487310,,PAUL GRAHAM linkedin,
1487294,,Mark Thorndyke linkedin,
1487309,,RON DALE linkedin,
1487324,,JAMES VIOLETTE linkedin,
1487551,,TODD KISSEL linkedin,
1487558,,VICTOR LAROSA linkedin,
1487140,,KIMBERLY KENNEDY linkedin,
1487389,,BARBARA KOONTZ linkedin,
1487637,,MARK PARIS linkedin,
1487577,,HELEN HOOKS linkedin,
1487238,,ANNE KING linkedin,
1487679,,BRAD ROTH linkedin,
1487660,,CRAIG REILLY linkedin,
1487885,,FRED ZUPANCIC linkedin,
1487237,,PATRICK KEARNS linkedin,
1487162,,PAUL TINGLEY linkedin,
1487935,,GEOFFREY MANN linkedin,
1487427,,JEFFREY REIMER linkedin,
1488013,,TIMOTHY RICHARDS linkedin,
1487964,,TIMOTHY MOLNAR linkedin,
1488056,,DOAK STOLZ linkedin,
1488078,,RICKY KALANISH linkedin,
1488196,,GARY WOODS linkedin,
1488248,,MARC WALTERS linkedin,
1488144,,Nicholas Avello linkedin,
1488254,,MICHAEL ZID linkedin,
1488226,,DAVID HELLER linkedin,
1488350,,Lemuel Kornegay linkedin,
1487890,,SCOTT ZAMBELLI linkedin,
1488314,,Ronald Rigsby linkedin,
1488290,,ROGER RACHUL linkedin,
1488255,,JOANN SEMERARO linkedin,
1488378,,JEFFREY SHELTON linkedin,
1488389,,ANDREA NELSON linkedin,
1488637,,CHRIS FIORENZI linkedin,
1488562,,ANDREA GIBSON linkedin,
1488320,,KENNETH CLYDE linkedin,
1488310,,RONALD ELLSWORTH linkedin,
1488602,,JOSEPH HENEGAN linkedin,
1488682,,MARY WILLIAMSON linkedin,
1488490,,ROBERT POINDEXTER linkedin,
1488645,,Clayton Owen linkedin,
1487437,,CHERYL FOX linkedin,
1488686,,KATHLEEN UREDA linkedin,
1488757,,TERRY VANWINKLE linkedin,
1488736,,DANIEL BRAUN linkedin,
1487741,,DERK VAN KONYNENBURG linkedin,
1488853,,PATRICIA PENN linkedin,
1488832,,MICHAEL OWEN linkedin,
1488398,,BERNADETTE LONGFIELD linkedin,
1487974,,ARTHUR CAHILL linkedin,
1488460,,JACQUELYN FELDMAN linkedin,
1489034,,WENDY FELDMAN linkedin,
1488302,,RANDALL PERKINS linkedin,
1487767,,Gary Ovsak linkedin,
1488889,,SCOTT PARRISH linkedin,
1488410,,PAMELA HOPPE linkedin,
1488976,,DENNIS BOYD linkedin,
1489119,,George Harrington linkedin,
1488875,,Gwendolyn Hackett linkedin,
1488947,,JEFFREY HOPP linkedin,
1489251,,GILBERT GARCEAU linkedin,
1489041,,PATRICK HORNE linkedin,
1489214,,DUANE CHELGREN linkedin,
1489427,,RICHARD BOYD linkedin,
1489252,,LOIS PICCOLOTTI linkedin,
1489370,,JEFFREY ROY linkedin,
1489357,,KAREN FRANCO linkedin,
1488955,,TIM OTTERMAN linkedin,
1489464,,LISA HILSINGER linkedin,
1489516,,PRESTON RUNYAN linkedin,
1488931,,Mark Gaudio linkedin,
1489585,,EDWARD ZABIELSKI linkedin,
1489728,,STEVEN NEWMAN linkedin,
1489820,,LISA HANDY -NOONAN linkedin,
1489612,,PETER GIAMBRUNO linkedin,
1488710,,STEVE HEMBY linkedin,
1489537,,MICHAEL DUFFY linkedin,
1489265,,Edward Blacka linkedin,
1489776,,BETH ZAITZ linkedin,
1489098,,ANDRES DE CORRAL linkedin,
1489092,,DAVID HANAS linkedin,
1489980,,THOMAS BELDEN linkedin,
1489712,,DEANNE Sturm linkedin,
1489941,,PAMELA VONCANNON linkedin,
1489958,,ROBERT TERNOSKY linkedin,
1490071,,JAMES HEALY linkedin,
1489991,,LEONARD GORDON linkedin,
1490102,,ANDREW KAYLA linkedin,
1489903,,Billy Thomas linkedin,
1489039,,WILLIAM SHEEHY linkedin,
1490111,,ANNE ROACH linkedin,
1490388,,LEONARD DEROMA linkedin,
1490142,,VIVIAN PONS linkedin,
1490564,,MARK GRILLO linkedin,
1490148,,STEVEN WETZEL linkedin,
1490419,,Michael Gudith linkedin,
1490630,,BRIAN SHEEHAN linkedin,
1490429,,KEVIN BROWN linkedin,
1490290,,VU VU linkedin,
1489618,,RICHARD COHEN linkedin,
1490476,,FERNANDO SUAREZ linkedin,
1490764,,REAVES CRABTREE linkedin,
1490759,,WILLIAM MARCO linkedin,
1490659,,FRANCIS FONTANA linkedin,
1490797,,JOHN SELZER linkedin,
1490703,,MARK ZOBL linkedin,
1491086,,KENNETH LEE linkedin,
1490815,,ROBERT WAUGH linkedin,
1490937,,JOHN CARAM linkedin,
1491020,,FARES NOUJAIM linkedin,
1491204,,RICKY MEYER linkedin,
1491088,,PAUL DECELLES linkedin,
1491113,,John Blondel linkedin,
1491187,,Everett Noack linkedin,
1490873,,LAM WONG-CARBONE linkedin,
1489963,,RICHARD PASICK linkedin,
1489146,,MICHAEL KLEIN linkedin,
1491186,,FRANK KELLY linkedin,
1491194,,JOHN BARRETT linkedin,
1491462,,DONNA ECKERT linkedin,
1491238,,LAWRENCE PERL linkedin,
1491676,,JULIE RIDGEWAY linkedin,
1491890,,LOIS GOLDSTEIN linkedin,
1491280,,DIANE YOHN linkedin,
1491308,,HAMID MOGHTADERI-ZADEH linkedin,
1491923,,GABRIEL TESSAR linkedin,
1490120,,DAWN Feigel linkedin,
1491999,,PAMELA ROY linkedin,
1492334,,JOHN RABEN linkedin,
1492584,,JAMES LEONARD linkedin,
1491924,,Ramsey Reich linkedin,
1492592,,THOMAS THOMSON linkedin,
1492229,,TIMOTHY TAYLOR linkedin,
1492079,,SANDRA GELPIERYN linkedin,
1490401,,MICHAEL SAWYER linkedin,
1492644,,BERNARD ADAM linkedin,
1492619,,JEFFREY GODDARD linkedin,
1492642,,KENNETH WISE linkedin,
1492593,,Stephany Thompson linkedin,
1492738,,TODD COOK linkedin,
1492903,,JONATHAN STEMPEL linkedin,
1492958,,RAYMOND SETTLE linkedin,
1493098,,Steven Matza linkedin,
1493058,,JAMES BIENVENU linkedin,
1492912,,CHARLES SALES linkedin,
1493126,,JAMES FARELLA linkedin,
1493260,,JAMES LONGE linkedin,
1491306,,BONNIE CONCHIERI linkedin,
1493306,,TONIANN ZAPRIR linkedin,
1493369,,PENNY NASIATKA linkedin,
1493385,,TERRI MCBRIDE linkedin,
1493207,,DAVID GREENE linkedin,
1493362,,STEVEN ANDERSON linkedin,
1493514,,MARK LYNN linkedin,
1491856,,JOHN ZOGRAFOS linkedin,
1491989,,CHARLES GREEN linkedin,
1491950,,Daniel Pepoon linkedin,
1493708,,NEIL NAPOLEON linkedin,
1493777,,JORGE GOMEZ linkedin,
1493690,,FIONA MACPHERSON linkedin,
1493897,,Gary Bender linkedin,
1493834,,Gary Lavallee linkedin,
1493769,,MICHAEL MCCLINTOCK linkedin,
1493087,,Andrea Borton linkedin,
1493854,,JOHN NEALON linkedin,
1492685,,TERRY BARR linkedin,
1493911,,FRANK POWELL linkedin,
1493827,,JONATHAN GOTTLIEB linkedin,
1493904,,DAWN GORDON linkedin,
1493867,,Cristi Meyers linkedin,
1494113,,RONALD SCHABEL linkedin,
1494023,,CARY GEENSBURG linkedin,
1492687,,DAVID DONOVAN linkedin,
1491176,,CURTIS FRAZEE linkedin,
1492955,,ROBIN DAVIS linkedin,
1493965,,LEEANN GENZANO linkedin,
1494135,,STEVEN WILLIAMS linkedin,
1494233,,MERED OREN linkedin,
1494255,,PERRY RUMBAUGH linkedin,
1494345,,DOUGLAS BARTON linkedin,
1494143,,ANNA STEBLINA linkedin,
1494093,,NORMAN WEAKLAND linkedin,
1494389,,GREGORY WEBSTER linkedin,
1494735,,Francis Carson linkedin,
1494507,,MITCHELL BEHM linkedin,
1494865,,JAMES PUCKETT linkedin,
1494460,,Scott Posner linkedin,
1494644,,SHARAIN TAYLOR linkedin,
1494858,,DANIEL MURPHY linkedin,
1494992,,THOMAS DUNN linkedin,
1494900,,GREGORY PAINE linkedin,
1495036,,KARI BEYER linkedin,
1495230,,ROBERT ERRICO linkedin,
1495409,,LAWRENCE ZEBKO linkedin,
1493803,,TRACY BAKER linkedin,
1495422,,LORI NATALE linkedin,
1495411,,JENNIFER PEARSON linkedin,
1495730,,Rodney Humphrey linkedin,
1495788,,MICHAEL OTIS linkedin,
1495426,,DAWN WADDINGTON linkedin,
1495498,,THOMAS DUNLEAVY linkedin,
1495464,,BARRY POLLEY linkedin,
1495700,,SALLY OSBORNE linkedin,
1495763,,CATHLEEN SOLARO linkedin,
1495883,,LYNN GILBERTSON linkedin,
1493933,,MICHAEL MCNULTY linkedin,
1495882,,RICHARD TODD linkedin,
1495935,,MICHAEL FEINMAN linkedin,
1495897,,Jonathan Creighton linkedin,
1496021,,MICHAEL STEIN linkedin,
1495956,,Keith Landry linkedin,
1496147,,RICHARD WAKS linkedin,
1495987,,HUGH FLANNERY linkedin,
1496142,,THOMAS WAHL linkedin,
1494542,,ARTHUR SULLIVAN linkedin,
1496048,,ROBERT NELSON linkedin,
1496102,,RICHARD DIMARZO linkedin,
1495939,,Bennett Meyer linkedin,
1496087,,JOHN RIFFLE linkedin,
1496062,,KELLY KELP linkedin,
1496172,,David Binder linkedin,
1496196,,PHILLIP JOYCE linkedin,
1496443,,DONNA CROCKER linkedin,
1495256,,JAMES COX linkedin,
1496177,,RICHARD HOLT linkedin,
1496459,,ELAINE MANLEY linkedin,
1496617,,Mark Nitcholas linkedin,
1496487,,DANIEL LONG linkedin,
1496687,,ROBERT HERJE linkedin,
1496619,,Michael Douglass linkedin,
1496239,,MARIO QUINTERO linkedin,
1496717,,JULIANNE WEISSHAUT linkedin,
1496482,,JAMES MCHUGH linkedin,
1496839,,JOHN CHRAPKOWSKI linkedin,
1495543,,Andrea Cardwell linkedin,
1496827,,WILLIAM LYNESS linkedin,
1496569,,WESLEY PARRISH linkedin,
1496735,,JAMES MESSER linkedin,
1496805,,NICHOLAS LIEGGI linkedin,
1497065,,Moses Lacour linkedin,
1497129,,ALAN HOLT linkedin,
1496815,,DAVID YAHNIAN linkedin,
1497023,,JEFFREY WON linkedin,
1496746,,PASQUALE JURCZAK linkedin,
1497331,,STEVEN PARAS linkedin,
1496152,,William Desser linkedin,
1497027,,Lorraine Sloper linkedin,
1497335,,DENISE DEVLIN linkedin,
1496591,,DANIEL HOSTETLER linkedin,
1495290,,Gail Aglynas linkedin,
1497338,,AMELIA WEIR linkedin,
1497250,,JOSEPH RUSSELLO linkedin,
1497113,,Debra Sapp linkedin,
1497471,,Richard Craig linkedin,
1497342,,GARY SOBLE linkedin,
1496683,,MARK MAURER linkedin,
1497556,,PETER ZAKNICH linkedin,
1497729,,SIMON KOPEL linkedin,
1497733,,JOHN POPP linkedin,
1497603,,RONNY LIU linkedin,
1497313,,RAYMOND NOLTE linkedin,
1497742,,JOHN GRAHAM linkedin,
1497769,,DONALD COOPER linkedin,
1497873,,JAMES FINKLE linkedin,
1497791,,JAMES GARNER linkedin,
1498172,,ANTHONY WORKMAN linkedin,
1498245,,MICHAEL DARBY linkedin,
1498096,,MARY ALLEN linkedin,
1498121,,MARIA CUNNINGHAM linkedin,
1498275,,CLAUDE MARSH linkedin,
1498284,,Michael NeCamp linkedin,
1497185,,STEVEN DEARING linkedin,
1498341,,MICHAEL DUNNIGAN linkedin,
1497386,,NED LATOR linkedin,
1498354,,PHILLIP ANDERSON linkedin,
1498367,,ROBERT DUDDIE linkedin,
1497435,,PERRY KOPLIK linkedin,
1498447,,DONALD MCDADE linkedin,
1498599,,DAWN MAXWELL linkedin,
1497789,,MARTHA PIERCE linkedin,
1497519,,RICHARD TYMON linkedin,
1497867,,David DeBlass linkedin,
1498692,,RICHARD FELDSTEIN linkedin,
1498616,,CHARLES ANDERSON linkedin,
1498762,,PETER DOYLE linkedin,
1497906,,Toni Tamborello linkedin,
1498190,,MARC LANE linkedin,
1498715,,JONI ANDERSON linkedin,
1498671,,KATHLEEN KERNAN linkedin,
1497527,,JUDITH LOW linkedin,
1498430,,RICHARD CUTLER linkedin,
1498788,,AMY LAZARUS linkedin,
1497039,,Guy Spieler linkedin,
1496975,,KEVIN LEAHY linkedin,
1498914,,GARY GROSS linkedin,
1496899,,DAVID BIRNBAUM linkedin,
1498905,,MARK LUNDMARK linkedin,
1498848,,STEVEN KROGH linkedin,
1498958,,SALLY MARKIEWICZ linkedin,
1498960,,JEFFREY LEUNG linkedin,
1498973,,STEFAN SHAFFER linkedin,
1499258,,BETH CUTLER linkedin,
1499151,,Lawrence Gleason linkedin,
1499454,,KIMBERLY GUIRL linkedin,
1499252,,GAYLIEN Quindica Rafferty linkedin,
1498972,,BARBARA KEADY linkedin,
1499526,,DANITA CASARENO linkedin,
1499487,,MARK ZUMACK linkedin,
1499652,,Joseph Guess linkedin,
1499497,,KENJI CARROLL linkedin,
1499097,,LELAND WILCOX linkedin,
1499678,,ORA TOMAS linkedin,
1499801,,KENNETH HENRY linkedin,
1499355,,Vincent Woodcock linkedin,
1499865,,WILLIAM NAPIER linkedin,
1499756,,MYUNG CHOE linkedin,
1499883,,THOMAS KREUZER linkedin,
1499914,,J FREEMAN linkedin,
1500038,,MARTHA TAKACS linkedin,
1499920,,Shelli Davenport linkedin,
1500003,,JUDITH ZINS linkedin,
1500173,,KEVIN GRAHAM linkedin,
1500212,,BOBBI KOALA linkedin,
1499942,,Craig Somerby linkedin,
1500153,,James Gilmore linkedin,
1497709,,KRISTIN NORBY linkedin,
1500281,,GEOFFREY BALDWIN linkedin,
1500423,,VICKI KINER linkedin,
1498518,,KIMBERLY KOENIG linkedin,
1500354,,Karen Vineyard linkedin,
1500329,,THOMAS NUBEL linkedin,
1500425,,Alma Tucker linkedin,
1500194,,LYNN GRIER linkedin,
1500237,,ROBERT ROTHMAN linkedin,
1500473,,Ann Marie Treiling linkedin,
1499214,,Sheryl Templeton linkedin,
1500416,,BERNARD PAUL linkedin,
1498908,,MARYBETH ABBIATICI linkedin,
1500747,,TIMOTHY BRYSON linkedin,
1499001,,Dennis DeYoung linkedin,
1500686,,GARY LOSEY linkedin,
1500757,,CLIFFORD MCTEE linkedin,
1500732,,ROBYN FAIN linkedin,
1500733,,RALPH LINEBERGER linkedin,
1500001,,Charles Randazzo linkedin,
1500780,,JAMES JOWERS linkedin,
1500776,,LILLIAN CUCUZZA linkedin,
1500791,,TRACY KING linkedin,
1500823,,W COX linkedin,
1500778,,Steven Brahy linkedin,
1500822,,DEB ORIANS linkedin,
1500047,,CLINTON GARTIN linkedin,
1499783,,JADA COLEMAN linkedin,
1500882,,CHRISTOPHER MANOWN linkedin,
1500912,,LARRY CAVALENA linkedin,
1500945,,GAJENDRA SURI linkedin,
1500588,,KATHLEEN HARTE linkedin,
1500939,,TINA MATTHEWS linkedin,
1500802,,STEVEN FISHMAN linkedin,
1500957,,JOSEPHINE SICILIANO linkedin,
1500962,,BRIAN BEH linkedin,
1501065,,LAURA PANTALEO linkedin,
1500984,,BEN RAST linkedin,
1500955,,Robert Ellis linkedin,
1501060,,BRENDA PINGREE linkedin,
1501414,,Fred Minich linkedin,
1500961,,NICHOLAS ZERILLE linkedin,
1501124,,KENNETH REESE linkedin,
1501366,,DINO BRYANT linkedin,
1500859,,CHRISTOPHER GRODE linkedin,
1500796,,SUSAN SECHTER linkedin,
1500710,,ROBERT LANE linkedin,
1501128,,WILLIAM GOODMAN linkedin,
1501323,,JAMES FREEMAN linkedin,
1501494,,JAMES CARBERRY linkedin,
1501142,,JAMES DEPIERO linkedin,
1501447,,MARK DAVY linkedin,
1501061,,STEPHEN ZWICK linkedin,
1501335,,PAMELLA SENEGAL linkedin,
1501262,,MITCHELL EVERITT linkedin,
1501190,,DELORES FEARON linkedin,
1501475,,NICHOLAS BOULUKOS linkedin,
1501384,,RICHARD FORTUNE linkedin,
1501635,,Bernard Allen III linkedin,
1501542,,RAYMOND BOVICH linkedin,
1501653,,JEFFREY GRANT linkedin,
1501853,,KEITH IZZO linkedin,
1501207,,STEVEN SHEAROD linkedin,
1501988,,MARY KOTSCHEVAR linkedin,
1502077,,RUSSELL WEILL linkedin,
1501925,,ROBERT HOLZ linkedin,
1502107,,BRIAN YOUNG linkedin,
1501664,,"WILLIAM TRAVIS, JR linkedin",
1502269,,MELBA LEWIS linkedin,
1502037,,Scott Kearney linkedin,
1502286,,JEFF SELLERS linkedin,
1502102,,PAUL HENLEY linkedin,
1502208,,GREGORY BREZ linkedin,
1501850,,ROYCE YEN linkedin,
1502183,,JOHN OCHSNER linkedin,
1501471,,JOHN UMBER linkedin,
1501977,,DOREEN PRUZIN linkedin,
1502395,,MICHAEL FOUTS linkedin,
1501596,,LYDIA HINZER linkedin,
1502576,,JACK DRISCOLL linkedin,
1502319,,Scott Marsden linkedin,
1502604,,ROSS ZIMMERMANN linkedin,
1502817,,DANIEL JOIE linkedin,
1502238,,THOMAS ANDERSON linkedin,
1502640,,JON KIMMEL linkedin,
1502856,,DEBORAH LIBUCKI linkedin,
1502636,,SHERRY GUSTIN linkedin,
1502923,,Terry Bonnett linkedin,
1502351,,JAMES KELLEY linkedin,
1502791,,WILLIAM ANDERS linkedin,
1502241,,BRUCE GRAHAM linkedin,
1502929,,THOMAS HANDY linkedin,
1502877,,F WOLFF linkedin,
1502533,,MARY FERRELL linkedin,
1502893,,Gregory Fratianni linkedin,
1503121,,DARLENE ROSS linkedin,
1503160,,RONALD BALDARI linkedin,
1503375,,DIANE KOHLER linkedin,
15030,,DENNIS BAUM linkedin,
1503096,,SUSAN WIENER linkedin,
1503376,,Philip Dauber linkedin,
1503177,,SHARON WELLS linkedin,
1502777,,RICHARD QUAN linkedin,
1502458,,NEIL FITZGERALD linkedin,
1503416,,ERIC GRAY linkedin,
1502567,,IAN ROGERS linkedin,
1503330,,KAREN GENDRON linkedin,
1503215,,GARY UNG linkedin,
1503146,,ALGIS STRIKAS linkedin,
1503315,,PHILLIP FREEMAN linkedin,
1503562,,Patrick Mullins linkedin,
1503559,,DEIRDRE JUDGE linkedin,
1503019,,DEBRA PIPINES linkedin,
1503140,,DANIEL COLLINS linkedin,
1503707,,SCOTT BURNS linkedin,
1503760,,WAHEEB GHANTOUS linkedin,
1503465,,ANN QUINN linkedin,
1503842,,ANNMARIE WOODS linkedin,
1503704,,RANDALL BERNS linkedin,
1503029,,MICHAEL ROGAN linkedin,
1503668,,David Daily linkedin,
1503685,,RONALD GEURKINK linkedin,
1503601,,NANCY BOO linkedin,
1503100,,NICHOLAS GANZ linkedin,
1503436,,DUANE NACK linkedin,
1503642,,ELAINE PARENT linkedin,
1503528,,Mark Robert Holland linkedin,
1504037,,ROBIN BEN-LEV linkedin,
1503545,,DIANA ANGUS linkedin,
1503849,,Edward Von Nessen linkedin,
1503582,,DEBORAH HINTEN linkedin,
1504296,,SANDRA DESKIN linkedin,
1504083,,ROGER KNOUSE linkedin,
1503983,,JAMES REHAK linkedin,
1503912,,JON KEHL linkedin,
1504758,,ANURADHA JAYANTI linkedin,
1504121,,DOUGLAS DENT linkedin,
1504651,,RICK FINE linkedin,
1504059,,LYNN PAGANS linkedin,
1504100,,JOAN COKE linkedin,
1504659,,JAMES POWELL linkedin,
1504560,,KENNETH FENSON linkedin,
1504669,,AMELIA KOH linkedin,
1504806,,JULIA LIU linkedin,
1504836,,ROBERT LINO linkedin,
1504897,,Kevin Jones linkedin,
1504048,,DOUGLAS VANRYN linkedin,
1504310,,Scott Carlin linkedin,
1504790,,WILLIAM ZEANAH linkedin,
1504779,,MICHAEL LITZ linkedin,
1504988,,JAMES WOHLBRUCK linkedin,
1504284,,JANIS DUNWORTH linkedin,
1504562,,DIANE LINDSAY linkedin,
1505192,,DOUGLAS BRUCE linkedin,
1505203,,THERESA SIMS linkedin,
1505016,,JAMES RICHARDSON linkedin,
1505197,,MICHAEL WILHELM linkedin,
1505012,,JAMES KEENER linkedin,
1505231,,PETER MENDLER linkedin,
1504757,,Lori Young linkedin,
1504975,,KENNETH MILLER linkedin,
1504860,,JORGE RAMIREZ linkedin,
1505056,,JORGE GUERRA linkedin,
1505217,,DOUGLAS EATON linkedin,
1505599,,CAROL QUINONES linkedin,
1505265,,WILLIAM POLENSKE linkedin,
1505454,,FLOYD PEEK linkedin,
1505802,,Wendy Page linkedin,
1505813,,BONNIE ADAMCZAK-BROWN linkedin,
1505024,,JEFFREY KINNEY linkedin,
1505677,,Tessie Coello linkedin,
1505431,,RICHARD ROBEY linkedin,
1505083,,JAMES HICKEY linkedin,
1504896,,ROBERT WOODRUFF linkedin,
1505655,,BRADLEY MOSER linkedin,
1505592,,MARK ALTMAN linkedin,
1505630,,FREDERICK GREIS linkedin,
1505586,,VALERIE HARRISON linkedin,
1505678,,CARLA REID linkedin,
1506160,,LESTER KORYCZAN linkedin,
1506298,,Daniel Short linkedin,
1506424,,JAMES BUTLER linkedin,
1506241,,JON GRAAN linkedin,
1505494,,ROBERT DAVIS linkedin,
1505858,,JOHN FINN linkedin,
1506617,,CAMILLE YOUNG linkedin,
1505390,,EDWARD HOBBS linkedin,
1506456,,GINA GRANDAL linkedin,
1506310,,BRIAN WYCKOFF linkedin,
1505805,,CRYSTAL SODERLIND linkedin,
1505725,,MARSHALL ROSEN linkedin,
1506426,,DAVID MENKER linkedin,
15065,,RICHARD BAUM linkedin,
1506062,,ROGER ENGEMOEN linkedin,
1506531,,BRUCE KELLER linkedin,
1506755,,KAREN FRIEDMAN linkedin,
1506383,,JAMES PEEBLES linkedin,
1506615,,ANGELA NOBLE linkedin,
1506766,,BARRY YANKELEVITZ linkedin,
1506257,,Peter Van Vooren linkedin,
1506666,,Aurea Wangerien linkedin,
1506661,,ROBERT FINK linkedin,
1506645,,ADAM DEVONE linkedin,
1507044,,MICHAEL WIEDT linkedin,
1507000,,Richard Clark linkedin,
1507343,,SANDY GAGE linkedin,
1506946,,Burwell Geiger linkedin,
1507283,,JOSE CANO linkedin,
1507111,,JOHN REVEN linkedin,
1506812,,SEAN QUIRK linkedin,
1507450,,CHARLES SCHEMBRI linkedin,
1506720,,MARK THOMAS linkedin,
1506728,,TIMOTHY KINT linkedin,
1507115,,DAVID THURSFIELD linkedin,
1506986,,NORA POWELL linkedin,
1507393,,GERALD ZINS linkedin,
1507048,,JERRI PRATT linkedin,
1507795,,SUSAN Birdsong linkedin,
1507893,,RICHARD DORSI linkedin,
1507774,,JAY RODIN linkedin,
1506688,,RICHARD SHAHEEN linkedin,
1506762,,ADAM GOLDMAN linkedin,
1507948,,Randy Russell linkedin,
1508111,,BRIAN COHEN linkedin,
1508138,,ANN PRIZZI linkedin,
1507131,,MARTA BEATON linkedin,
1508103,,GERARD GOADEC linkedin,
1507533,,CHRISTOPHER CAREY linkedin,
1507567,,STEVEN HEITE linkedin,
1508235,,JOYCE PIKE linkedin,
1508222,,ROWAN BEACH linkedin,
1508148,,KELLIE KEELING linkedin,
1507980,,RICHARD DALLEN linkedin,
1508331,,Patricia Cavicchia linkedin,
1507781,,JAMES CIENNIK linkedin,
1508920,,JUDY JORGENSEN linkedin,
1507968,,DOUGLAS ROWAN linkedin,
1508667,,TERESA SCICCHITANO linkedin,
1508294,,John Hinman linkedin,
1508490,,WILLIAM TAVENNER linkedin,
1508769,,RHONDA DIXON-GUNNER linkedin,
1508722,,LESLEY ATCHLEY linkedin,
1508531,,ALAN REESE linkedin,
1507970,,JACQUELINE WOODSON linkedin,
1508224,,ALLAN VARE linkedin,
1508761,,G LLOYD linkedin,
1509022,,WESLEY BOWERS linkedin,
1509040,,BENNETT SALZMAN linkedin,
1508945,,MICHAEL SOSNOW linkedin,
1509326,,Scott Grauer linkedin,
1509011,,gladys neafus linkedin,
1509386,,SANFORD COHEN linkedin,
1509336,,GLEN KATZ linkedin,
1509407,,JAMES MARTINSON linkedin,
1509058,,ROBERT IBRAHIM linkedin,
1508585,,GEORGE NEILL linkedin,
1508501,,MAXIMO LOPEZ linkedin,
1509362,,Kevin Dunham linkedin,
1509348,,JOHN WALKER linkedin,
1507204,,LAWRENCE MULLINS linkedin,
1509509,,URSULA CARTY linkedin,
1509718,,HEIDI ORTON linkedin,
1509609,,STEVE LIDDELL linkedin,
1509378,,THERESA NATIONS linkedin,
1509395,,DARRYL CUNNINGHAM linkedin,
1509433,,Mary Cooke linkedin,
1508523,,RONALD FOELSKE linkedin,
1508681,,ANTOINETTE DOLES WONG linkedin,
1510064,,KENNETH BOWERS linkedin,
1509359,,DAVID WOFFORD linkedin,
1509843,,DENNIS MCNEARNEY linkedin,
1509541,,Peter Fendler linkedin,
1509323,,MICHAEL FITZGERALD linkedin,
1509513,,BENJAMIN MELTON linkedin,
1509908,,FRANCIS BOYLE linkedin,
1509878,,MEAGHAN MCKENZIE linkedin,
1510123,,JAMES TAPPAN linkedin,
1510092,,HENRY PENA linkedin,
1509760,,Gregory Dellinger linkedin,
1509411,,DAVID VALENTINO linkedin,
1509922,,FRANK PROCOPIO linkedin,
1510109,,TOM THOMPSON linkedin,
1510118,,ROBERT BESTWICK linkedin,
1510221,,RONALD RICK linkedin,
1509656,,ENRICO ABERION linkedin,
1510069,,STEPHEN FRICKE linkedin,
1510482,,STEVEN NORRIS linkedin,
1509949,,WILLIAM STOCKUM linkedin,
1510179,,ADRIENNE HART linkedin,
1509881,,John Kuris linkedin,
1510450,,MARK LANGE linkedin,
1510190,,STEWART MACDONALD linkedin,
1510444,,Kenneth Rickelman linkedin,
1510072,,CHARLES MILLER linkedin,
1510130,,DONALD DAVIS linkedin,
1510847,,DAVID YEARWOOD linkedin,
1510147,,DONALD WELCH linkedin,
1510253,,ROBERT ELLIS linkedin,
1510869,,WARREN REDER linkedin,
1511069,,VINCENT KENNEY linkedin,
1510712,,ROBERT SEAMAN linkedin,
1510168,,JOHN RUPPEL linkedin,
1509236,,JEFFERY PIEPER linkedin,
1510540,,ROBIN GRUND linkedin,
1510850,,PAUL LOFURNO linkedin,
1510386,,SUSAN GOUGH linkedin,
1510725,,HELEN O'HARA linkedin,
1511284,,Robert Sitton linkedin,
1511528,,JOHN STRANDBERG linkedin,
1510542,,MICHAEL DEBOER linkedin,
1511216,,PER DYRVIK linkedin,
1511146,,Ronald Senegal linkedin,
1511555,,DAVID DUDLEY linkedin,
1511546,,JEFFERY STEIN linkedin,
1511099,,CARRINGTON CLARK linkedin,
1510544,,MARK GRILLI linkedin,
1510637,,CHERYL ANN BEEKIE linkedin,
1511606,,JULIE HENRY linkedin,
1511190,,EUGENE WOLFE linkedin,
1511353,,JULIE YOTHER linkedin,
1511563,,SEAN MCGHEE linkedin,
1511645,,BERNARD SINGER linkedin,
1511061,,MARC ARNETT linkedin,
1512104,,Carole Moore linkedin,
1511625,,ANTHONY PRUDHOMME linkedin,
1511473,,THOMAS VERMEULEN linkedin,
1512382,,SCOTT COYLE linkedin,
1511839,,MICHAEL GRODOTZKE linkedin,
1511817,,KENNETH GETTINGER linkedin,
1511826,,ELIZABETH TROUTMAN LEAR linkedin,
1512185,,MARK FLANNERY linkedin,
1513021,,TERRY MELZER linkedin,
1512451,,ROBIN LEAHY linkedin,
1511761,,PATRICK STENSON linkedin,
1512959,,Scott Zawadzki linkedin,
1512690,,Seth Horn linkedin,
1513060,,STEPHEN RINALDI linkedin,
1513047,,JOHN POUGIALES linkedin,
1512354,,Robert Needham linkedin,
1511567,,VICKIE BOBCHAK linkedin,
1512663,,STEVEN FISHER linkedin,
1513122,,RICHARD GARCIA linkedin,
1512879,,WARREN COHEN linkedin,
1511853,,SCOTT MCROY linkedin,
1512556,,James Berry linkedin,
1513207,,ROBERT TRAVIS linkedin,
1512285,,ROBERT WINSTON linkedin,
1513235,,GARY HOSHAW linkedin,
1512892,,REGINA KOZSAN linkedin,
1513264,,ANDREW COTT linkedin,
1512655,,CRAIG THOMPSON linkedin,
1513774,,DAVID BUHR linkedin,
1513300,,PAUL PEREZ linkedin,
1512669,,ROBERT NIX linkedin,
1513646,,DAVID BROOKS linkedin,
1513746,,LLOYD HAHN linkedin,
1513351,,KIMBERLY GARCIA linkedin,
1513630,,STEVEN HALL linkedin,
1513460,,GARY FORD linkedin,
1512919,,VICTOR UME-UKEJE linkedin,
1513927,,EMMANUEL HARRIS linkedin,
1513557,,LEONARD MOORE linkedin,
1513650,,CHRISTOPHER PARIOS linkedin,
1513433,,JAMES RAGAN linkedin,
1514066,,ANTHONY SIMONE linkedin,
1513949,,MAILIEN HOANG linkedin,
1513978,,CHARLES KALOS linkedin,
1513822,,THOMAS BRAY linkedin,
1513798,,JONATHAN LINTNER linkedin,
1513779,,TIMOTHY DISPARTE linkedin,
1514021,,MARK RIORDAN linkedin,
1513259,,MICHAEL SCHEID linkedin,
1513954,,FRANK CUNNANE linkedin,
1513838,,SAMUEL CANNON linkedin,
1514167,,John Keeney linkedin,
1513962,,SHARI MILLER linkedin,
1514141,,ROBERT ALLISON linkedin,
1513627,,Troy Utz linkedin,
1514033,,EDWARD DOVER linkedin,
1514362,,ALEXANDER RASKY linkedin,
1514220,,JAMES MOORE linkedin,
1514431,,ELLEN SAMS linkedin,
1514460,,MARIA SOUSA linkedin,
1514165,,JOSE LEQUERICA linkedin,
1513523,,CAROLYN TINKHAM linkedin,
1514110,,JUDITH TENGLER linkedin,
1514500,,CLETUS WALKER linkedin,
1514294,,DEAN GRAHAM linkedin,
1514730,,MARK WEBER linkedin,
1514414,,FRANK NUDO linkedin,
1514296,,DAVID VAUGHN linkedin,
1514600,,EDWARD WALL linkedin,
1514897,,C HILL linkedin,
1514425,,Stuart Reilly linkedin,
1514336,,THOMAS MOORE linkedin,
1514353,,GORDON STOFER linkedin,
1515242,,DANIEL ZOLL linkedin,
1514797,,ANTHONY MANNING linkedin,
1515473,,PAUL DEPPE linkedin,
1514499,,ANTHONY FICARROTTA linkedin,
1515351,,NORMAN LANDINO linkedin,
1515432,,KENNETH GLICK linkedin,
1514884,,DAVID FERGUSON linkedin,
1515559,,DANIEL MCKENNA linkedin,
1515945,,RICHARD SALL linkedin,
1516109,,JOHN JEE linkedin,
1515090,,JAQUETTA TOWNSEND linkedin,
1514385,,GARY ISLER linkedin,
15157,,Bruce Baumgarten linkedin,
1516025,,KRISTIN SESKO linkedin,
1516196,,PETER EVANS linkedin,
1515649,,KEVIN LAU linkedin,
1516429,,JAMES DE ALTO linkedin,
1515608,,RICARDO CRUZ EMMANUELLI linkedin,
1516711,,RICHARD TAYLOR linkedin,
1515854,,WILLIAM SIMS linkedin,
1515934,,ROBERT VANASSE linkedin,
1516151,,Julianne Whalen linkedin,
1516483,,DOUGLAS WHITENER linkedin,
1515866,,WILLIAM WILSON linkedin,
1515961,,RAYMOND YACKEL linkedin,
1516947,,MARY WOODWARD linkedin,
1516090,,Glenn Hamler linkedin,
1516965,,JOHN BERG linkedin,
1516762,,ANGELA WARD linkedin,
1516344,,DAVID RISPLER linkedin,
1516582,,SHIRLEY WALTERS linkedin,
1516159,,DAVID LIPSIT linkedin,
1515728,,EUGENE BODO linkedin,
1516516,,ROGER NORD linkedin,
1516731,,Michael Suellentrop linkedin,
1515454,,CHESTER MCCORD linkedin,
1516954,,JAMES TUCKER linkedin,
1516364,,SUSAN DAILEADER linkedin,
1516728,,Keith Lohm linkedin,
1516498,,DOUGLAS GORDON linkedin,
1517144,,DAVID DUGGAN linkedin,
1517025,,RAYMOND SUSSEL linkedin,
1517234,,Holly Ginas linkedin,
1517028,,MARCUS MOORE linkedin,
1517082,,Michelle Beanland linkedin,
1516952,,KIMBERLY BUNTING linkedin,
1516916,,TRACY PAWLAK linkedin,
1517023,,TRAVIS SULLIVAN linkedin,
1517308,,PETER BENEKE linkedin,
1516964,,HENRY ENNO linkedin,
1517293,,ROBERT KANE linkedin,
1517300,,DEBRA LEVY linkedin,
1517339,,Lisa Daniel linkedin,
1516997,,JEFFREY CLARK linkedin,
1517009,,GARY MORGAN linkedin,
1517252,,HEATHER THOMAS linkedin,
1517673,,JOHN LADUKE linkedin,
1517738,,Kenneth Sullivan linkedin,
1517756,,NORMAN SIEGAL linkedin,
1517641,,THOMAS POE linkedin,
1517761,,JOSEPH QUINONES linkedin,
1517819,,DAVID RICHEY linkedin,
1517781,,JAMES KENNEDY linkedin,
1517582,,DANIEL BASS linkedin,
1518408,,DRU TRIBBLE linkedin,
1517147,,SHIRLEE MCBAIN linkedin,
1517346,,JOSEPH PELUSO linkedin,
1517891,,GEORGE HOWELL linkedin,
1517824,,MICHAEL RUZYNSKI linkedin,
1517722,,MICHAEL MURRAY linkedin,
1517211,,RUSSELL OGAN linkedin,
1518486,,WARREN LESSING linkedin,
1518287,,JAMES ZAHRADNICK linkedin,
1518432,,PAUL SHORT linkedin,
1518449,,ROGER SHEPPARD linkedin,
1518568,,PARKER WEIL linkedin,
1518730,,VIRGINIA JOHANSMEYER linkedin,
1518377,,MICHAEL MOSKOWITZ linkedin,
1518413,,MARY TEAL linkedin,
1518725,,Dean Meyers linkedin,
1518453,,SCOTT GAVENMAN linkedin,
1518591,,SAMANTHA HILTON linkedin,
1518864,,LISBETH STUART linkedin,
1518177,,JOHN ANDRETTA linkedin,
1517536,,BRUCE FONG linkedin,
1518771,,Rose Villali linkedin,
1518659,,BRUNO FELLIN linkedin,
1518760,,DERRICK GRAVA linkedin,
1519293,,ROBERT TURLEY linkedin,
1519272,,ROBERT SIMPSON linkedin,
1518939,,RENEE REITER linkedin,
1518572,,MARK WASKOW linkedin,
1518947,,JOAN MCINTYRE linkedin,
1518605,,Brent Terrill linkedin,
1519506,,PAMELA RODRIGUEZ linkedin,
1519258,,CRAIG LONEY linkedin,
1519720,,KIMBERLY LANDRY linkedin,
1518845,,Ulderico Calero linkedin,
1519049,,JERRY TAYLOR linkedin,
1518797,,DAVID WORKMAN linkedin,
1519811,,JAMES MCHUGH linkedin,
1518960,,STEVEN TUNINK linkedin,
1519319,,DANIEL FIGULY linkedin,
1519534,,Danny Steele linkedin,
1519411,,PATRICK ELLIOTT linkedin,
1519529,,CHARLES LAROCCA linkedin,
1519446,,DANNY KITCHELL linkedin,
1519414,,SUELLEN SAHM linkedin,
1519736,,ALI FAHR linkedin,
1519871,,Margaret Fiore linkedin,
1519986,,CAROLROSE SCHLESINGER linkedin,
1519802,,HAROLD CAINES linkedin,
1519653,,CINDY LACEY linkedin,
1519949,,DENNIS FOREST linkedin,
1519497,,Maximo Lopez linkedin,
1519970,,JAMES NELSON linkedin,
1519818,,JERRY FILIPPINI linkedin,
1520150,,MARTIN HARDY linkedin,
1520218,,DELORES PELTIER linkedin,
1520041,,ERIC JONES linkedin,
1520186,,TERRI SMALINSKY linkedin,
1520441,,SUSAN DALTON linkedin,
1519847,,RICHARD COOK linkedin,
1519913,,STEVEN COHEN linkedin,
1520407,,CYNTHIA BERRY linkedin,
1520422,,Eugene Anastasio linkedin,
1519944,,PIERRE NGO linkedin,
1520750,,DeAnna Moore linkedin,
1520563,,PROCTOR BLAIR linkedin,
1520383,,CURT ZIMMERMANN linkedin,
1520800,,JAMES O'HARA linkedin,
1520815,,GEAL TALBERT linkedin,
1520828,,MARK RICHMOND linkedin,
1520433,,MARY-ELLEN CRONIN linkedin,
1520908,,DONALD TAYLOR linkedin,
1520499,,MARTIN RIZZO linkedin,
1520737,,CHRISTOPHER PIDEL linkedin,
1520060,,JAMES WINNER linkedin,
1520580,,SUSIE VAJTAY linkedin,
1520648,,MARK YADRON linkedin,
1520896,,PAUL REDFERN linkedin,
1520861,,JOHN SEBASTIAN linkedin,
1520988,,FRANCESCA BANCI linkedin,
1520631,,KAREN MAHIDA linkedin,
1520314,,JAMES LIPARI linkedin,
1520999,,MATTHEW ORTH linkedin,
1520847,,JOHN GORK linkedin,
1520961,,TIMOTHY SHEERIN linkedin,
1520684,https://linkedin.com/in/kevin-newman-a566036b,KEVIN NEWMAN linkedin,brave
1520964,,RICHARD WALD linkedin,
1520937,,MICHAEL EVANS linkedin,
1520973,,TIM SWAINSTON linkedin,
1521233,,GLEN SULAM linkedin,
1520940,,PEYTON GLOVER linkedin,
1521244,,KENNETH BELL linkedin,
1521242,,DAVID SCHLOSSER linkedin,
1520986,,JEFFREY RAHM linkedin,
1521308,,ARNOLD RANDALL linkedin,
1520934,,JEFFREY YOUNG linkedin,
1521263,,JACQUELINE TATE linkedin,
1521057,,ROBERT FRANCESCHINI linkedin,
1520970,,BRYAN BAKER linkedin,
1521280,,DONNA DAVIS linkedin,
1520801,https://linkedin.com/in/joseph-barrasse-637b2b19,JOSEPH BARRASSE LPL linkedin,brave
1522145,,JONATHAN ISAACSON linkedin,
1521572,,ZACARIAS SETO linkedin,
1521683,,William Thornberry linkedin,
1520968,,TIMOTHY LOBACH linkedin,
1522181,,RICHARD WATTON linkedin,
1521733,,SCOTT FOSTER linkedin,
1521375,,BRIAN KOCH linkedin,
1522129,,JAMES WILSON linkedin,
1521865,,TERRY LEE linkedin,
1521754,,BRIAN JONAS linkedin,
1521675,,CHARLES FRAZIER linkedin,
1522450,,JOSH BECKER linkedin,
1522146,,Edward Gerbavsits linkedin,
1522367,,DEBRA ANTHONY linkedin,
1522379,,Jonathan Lapp linkedin,
1522159,,GEORGE DUKOVICH linkedin,
1521807,,MICHAEL QUARANTA linkedin,
1522035,,JEFFREY OSTERMAN linkedin,
1522200,,Winsome Wilson linkedin,
1522451,,LORI PRICE linkedin,
1521427,,LOUIS NAJJAR linkedin,
1522754,,MARGARET TAGGART linkedin,
1522346,,MARCUS WERNER linkedin,
1522683,,ARLENE THEN linkedin,
1523005,,THOMAS BIADAS linkedin,
1521623,,JOSEPH SPICER linkedin,
1523032,,THOMAS PILKINGTON linkedin,
1522787,,THOMAS DEMAROIS linkedin,
1522998,,ROBERT LONG linkedin,
1522897,,DOUGLAS DIER linkedin,
1522796,,ROBERT VELARDI linkedin,
1522834,,Michael Elias linkedin,
1522234,,WILLIAM FOX linkedin,
1523095,,Jennifer Snouffer linkedin,
1523139,,Terry Robertson linkedin,
1523194,,DIANNA RAEDLE linkedin,
1523243,,MICHAEL KELLY linkedin,
1523083,,PANKAJ UDESHI linkedin,
1523226,,John Ressler linkedin,
1523281,,STEPHEN GURLEY linkedin,
1523176,,IDA NG linkedin,
1522768,,THOMAS SMALL linkedin,
1523247,,RAYMOND PRESTON linkedin,
1522944,,JEFFREY SELTZER linkedin,
1523394,,DENNIS WOOD linkedin,
1523392,,SUSAN FRITSCH linkedin,
1523536,,ANDREW GASTON linkedin,
1523335,,TIMOTHY SCANLAN linkedin,
1523294,,MARY MANLEY linkedin,
1523331,,STEPHEN GUERCIO linkedin,
1522522,,Vivian Lee linkedin,
1523375,,JAMES RUTHRAUFF linkedin,
1523748,,RANDY ZEIGLER linkedin,
1523450,,KEVIN KENT linkedin,
1523574,,ROBERT ZEIGER linkedin,
1523651,,Norman Thomas linkedin,
1523785,,STEVEN IRCHA linkedin,
1523107,,SUSAN BUTLER linkedin,
1523268,,STEVEN NORTHEY linkedin,
1523879,,EARLINE STILTNER linkedin,
1523602,,LARRY ROWE linkedin,
1523472,,PAULA KINGSBURY linkedin,
1523819,,CHRIS HOWARD linkedin,
1523876,,DEAN STARR linkedin,
1524001,,ANTHONY PIAZZA linkedin,
1523964,,GERALD BOESEN linkedin,
1523973,,FRANK SIEGAL linkedin,
1524131,,KELLY CURRO linkedin,
1523817,,JOSEPH PEARSON linkedin,
1523886,,LARRY ELLIS linkedin,
1523612,,HOWARD BORRIS linkedin,
1524192,,KEVIN SAHLI linkedin,
1523595,,DIANE MCGUIRE linkedin,
1524190,,RAYMOND DIPRINZIO linkedin,
1523801,,Jonathan Horn linkedin,
1524119,,GREGORY GANNON linkedin,
1524519,,LISA GUERRERA linkedin,
1524488,,WILLIAM GAMBLE linkedin,
1524357,,GREGORY GALEF linkedin,
1523944,,TIMOTHY BODNER linkedin,
1524457,,ROBERT PONDT linkedin,
1524612,,JACQUES DESAINTPHALLE linkedin,
1523933,,Joseph Nelson linkedin,
1524221,,JOHNNY WYSE linkedin,
1524717,,HENRY CHOL linkedin,
1524749,,DAVID ELWELL linkedin,
1524572,,ROBIN ROSS linkedin,
1524567,,DEBRA WLOCH linkedin,
1524702,,KATHLEEN BRISTOWE linkedin,
1524670,,VORAS HAYNES linkedin,
1524676,,JAMES BABSON linkedin,
1524813,,MARK LANGE linkedin,
1524972,,PAMELA GROHER linkedin,
1524763,,James Dugan linkedin,
1524997,,THOMAS TEISTER linkedin,
1524812,,MICHAEL MASHBURN linkedin,
1524734,,STEVEN WIRICK linkedin,
1525147,,FRANK MAH linkedin,
1525161,,DAVID PRIORE linkedin,
1525189,,Louis Rizzo linkedin,
1524742,,GERALD LICARI linkedin,
1524872,,GAIL CLARK linkedin,
1524675,,LOREN WOOD linkedin,
1525042,,Teresa Sember linkedin,
1525274,,PEGEEN FITZPATRICK linkedin,
1525005,,BEVERLY COX linkedin,
1525332,,JAMES MONTMORENCY linkedin,
1525395,,JOSEPH GOUGH linkedin,
1525351,,THOMAS GANUN linkedin,
1525411,,JANET FOLEY linkedin,
1525366,,JOHN MILLER linkedin,
1525548,,KEVIN MASON linkedin,
1525382,,Eila Matt linkedin,
1525536,,ROBERT PEARCE linkedin,
1525146,,JORGE CHAIN linkedin,
1525655,,PHILIP WELCH linkedin,
1525620,,Paul McGehee linkedin,
1524839,,JEFFREY HOADLEY linkedin,
1525599,,RICHARD GRUCZ linkedin,
1525627,,WILLIAM WALTZ linkedin,
1525642,,CHARLES PROTHRO linkedin,
1525634,,LARRY BANKSTON linkedin,
1525829,,ROBERT DOLLFUS linkedin,
1525855,,LEE POWELL linkedin,
1525163,,ROBERT SULLIVAN linkedin,
1525902,,THOMAS CRAMER linkedin,
1525778,,FRANK FITZGERALD linkedin,
1525763,,ANDREW HOWAT linkedin,
1525910,,PETER RYAN linkedin,
1525862,,THOMAS RUGGIERO linkedin,
1525923,,JOE HALL linkedin,
1526136,,WILLIAM SLOVER linkedin,
1526087,,Jorge Sanchez linkedin,
1525937,,MARK WILSON linkedin,
1526031,,CHARLES ODELL linkedin,
1526153,,Ann Richardson linkedin,
1525952,,THOMAS LITZ linkedin,
1526231,,AUDREY MCCRAY linkedin,
1526292,,JOHN DAMPF linkedin,
1526214,,EDWARD BARREN linkedin,
1526155,,WILLIAM HIPPLE linkedin,
1526393,,DEBORAH DENOOY linkedin,
1525388,,DAVID REED linkedin,
1526439,,VICTOR MARALDO linkedin,
1526381,,JOHN HELLIER linkedin,
1526355,,Scott Kerbel linkedin,
1525743,,Stephen Soulas linkedin,
1526443,,JIM FORD linkedin,
1526528,,LINDA RIORDAN linkedin,
1526435,,ROBERT CAREY linkedin,
1526636,,Steven Lewis linkedin,
1526692,,PETER BINASKI linkedin,
1526642,,CHRISTOPHER LOW linkedin,
1526668,,ALFRED CLEMENS linkedin,
1525950,,SEAN QUILL linkedin,
1526765,,CLIFFORD BOYLE linkedin,
1526755,,STEVEN RUNDLE linkedin,
1526686,,ROBERT DRISKELL linkedin,
1526780,,GREGORY BILLOW linkedin,
1526151,,John Woods linkedin,
1526906,,WAYNE YOUNG linkedin,
1526868,,BRIAN OLSON linkedin,
1526817,,VERNON SANFTNER linkedin,
1526883,,JAMES PIERIK linkedin,
1526840,,PAUL BENGE linkedin,
1526897,,JOHN PIPER linkedin,
1527094,,WILLIAM CLARK linkedin,
1527215,,LESTA ANDERSEN linkedin,
1527203,,LINDA TIEDEMANN linkedin,
1527160,,ROBERT KERNAGIS linkedin,
1527345,,WILLIAM ORLANDO linkedin,
1527629,,LORI YOUNG linkedin,
1527585,,DAVID VALLIE linkedin,
1527475,,Nancy Kitson linkedin,
1527467,,TONY BELIN linkedin,
1527445,,RAYMOND OLSON linkedin,
1527163,,LINDA BROWN linkedin,
1527926,,SHERYL JOHNSON linkedin,
1527524,,TEDDY EZZELL linkedin,
1527548,,CARLTON KUSUNOKI linkedin,
1527446,,ELAINE PANG linkedin,
1526753,,KATHRYN BENTON linkedin,
1528051,,Carol Goetsch linkedin,
1528041,,RUDY NAJERA linkedin,
1528258,,SHARI KORN linkedin,
1528063,,DOUGLAS CULVER linkedin,
1528158,,JAMES ENGLISH linkedin,
1528266,,RICHARD GANTER linkedin,
1528066,,GREGORY TROTTER linkedin,
1528114,,MICHAEL MCDYER linkedin,
1527269,,BRUCE BEETZ linkedin,
1528082,,HOLLY WALLACE linkedin,
1528171,,TIA TOMLIN linkedin,
1528073,,FRED TAYLOR-TAWWAB linkedin,
1528278,,GEORGE MARSHALL linkedin,
1528098,,KEVIN TORRES linkedin,
1528277,,JAY LIPMAN linkedin,
1528081,,Kurt Dombro linkedin,
1528366,,FORREST SURLES linkedin,
1528286,,JOHN ROCHE linkedin,
1528369,,KELLEY WERNER linkedin,
1528460,,LINCOLN GELTZ linkedin,
1528649,,Patrick Seguin linkedin,
1528551,,MARK GODOWN linkedin,
1528479,,ARMAND FISHER linkedin,
1528871,,KEVIN HOLME linkedin,
1528669,,THOMAS FISHER linkedin,
1528734,,JAMES BRADLE linkedin,
1528763,,ANDREW WHITTAKER linkedin,
1529076,,KEVIN WILLIAMS linkedin,
1528768,,MODESTINO CARULLO linkedin,
1528925,,PAUL LIGEROS linkedin,
1526771,,William Coke linkedin,
1526792,,ANTHONY VALENTE linkedin,
1528088,,MICHAEL JORDAN linkedin,
1529086,,FRANK HUNDLEY linkedin,
1529141,,MARY PERVIS linkedin,
1529286,,SCOTT ARCHER linkedin,
1529302,,STEVEN GRAWE linkedin,
1526540,,JOHN MCATEE linkedin,
1529061,,Bruce Gurley linkedin,
1529395,,VICTOR MULLINS linkedin,
1528446,,JAMES NEAYLON linkedin,
1529666,,PETER MEME linkedin,
1529250,,HARRISON WOOLFOLK linkedin,
1528677,,DAVID PINCE linkedin,
1529370,,Michael Wands linkedin,
1529637,,ROBERT HOUSE linkedin,
1529379,,SUSAN QUINTER linkedin,
1530042,,EMILE RABITO linkedin,
1529719,,SHANE RUDMAN linkedin,
1529643,,JAY BUCKMAN linkedin,
1529626,,Shawn Duffy linkedin,
1529728,,ROBIN FOREMAN linkedin,
1529881,,Taryn Moll linkedin,
1529713,,JOE HOLLIMON linkedin,
1530116,,MICHAEL BOTTS linkedin,
1530080,,WILL FORTSON linkedin,
1530086,,J Ahrens linkedin,
1530150,,QAISER MALIK linkedin,
1530499,,CHARLES FORTENBERRY linkedin,
1530465,,MARTHA CROCKER linkedin,
1530194,,NADINE GRANVILLE linkedin,
1530163,,JOAN MASON linkedin,
1530528,,BRIAN MEREDITH linkedin,
1530294,,KELLYN DRAYER linkedin,
1530501,,AMY TRAVIS linkedin,
1530417,,ROBERT SHEA linkedin,
1530420,,DOUGLAS REYNOLDS linkedin,
1530642,,KEITH DOAKES linkedin,
1530393,,CONRAD BRINGSJORD linkedin,
1530533,,Melissa Peters linkedin,
1530758,,GERARD OLSEN linkedin,
1530551,,Joseph Simone linkedin,
1531051,,FRANK BROWN linkedin,
1530669,,ROBERT MAY linkedin,
1530561,,DAVID FEIGELES linkedin,
1530999,,THOMAS LIQUORI linkedin,
1530081,,Charles Hertel linkedin,
1530872,,JAY PUGH linkedin,
1530829,,DOUGLAS BESSO linkedin,
1531086,,ROBERT FOX linkedin,
1531042,,Kevin Crosby linkedin,
1530874,,RICHARD REID linkedin,
1530556,,LAUREN MANNING linkedin,
1531103,,JOHN KELLY linkedin,
1531313,,WALTER GUNDLACH linkedin,
1531118,,DANIEL GERDING linkedin,
1531223,,SUZANNE CASTRUITA linkedin,
1531271,,John Friday linkedin,
1531231,,KENTON ZEIGLER linkedin,
1531129,,Richard Little linkedin,
1531327,,JOHN PICKARSKI linkedin,
1531351,,VINCENT CHOI linkedin,
1531341,,GREGORY LANE linkedin,
1531325,,GORDON LETH linkedin,
1531342,,GREGORY PETTYS linkedin,
1531184,,NICKOLAS BETTA linkedin,
1530576,,THOMAS WILCOCK linkedin,
1530828,,CHARLES RICE linkedin,
1530624,,LINDA BARBERO linkedin,
1531522,,THOMAS MORRA linkedin,
1531397,,Catherine Irby Arnold linkedin,
1531655,,RALPH GOOLSBY linkedin,
1530905,,JOHN LOPEZ linkedin,
1531035,,JOANNE GORDON linkedin,
1531569,,NORMA HARTLINE linkedin,
1531543,,CARLO PANACCIONE linkedin,
1530880,,JAMES DAVIS linkedin,
1531735,,John Giacalone linkedin,
1531590,,PATRICE REILLY linkedin,
1531526,,Bradford Dobesh linkedin,
1531902,,JOSEPH GOODWIN linkedin,
1532287,,PAUL KIENBAUM linkedin,
1532009,,JOSEPH ZARANTONELLO linkedin,
1532037,,JAIRO RODRIGUEZ linkedin,
1531994,,CHRISTINA LANE linkedin,
1531908,,THOMAS KIEFFER linkedin,
1532152,,DOMINIC VELARDI linkedin,
1532181,,AMANDA TON linkedin,
1532049,,William Morgan linkedin,
1532419,,Paula Ann Conti linkedin,
1532294,,HENRY SALING linkedin,
1532514,,ROBERT ZILLER linkedin,
1532144,,WALLACE DAVIS linkedin,
1531787,,SERVANDO LLANIO linkedin,
1531910,,LORELI GHEE linkedin,
1532443,,NICHOLAS MELLBY linkedin,
1532376,,DEBORAH SACKETT linkedin,
1532003,,ALONA ANSPACH linkedin,
1532357,,JEANNE WIGHT linkedin,
1531954,,DEBORAH BLYTHE THOMPSON linkedin,
1532483,,RANDY SILLER linkedin,
1532524,,GEORGE KENNY linkedin,
1532421,,RICARDO LATTA linkedin,
1532756,,ANNA CHU linkedin,
1532597,,Francine Salerno linkedin,
1532260,,Cheryl Kuntz linkedin,
1532673,,MARTY VALADE linkedin,
1532335,,DAVID NAERT linkedin,
1532678,,HARVEY THOMAS linkedin,
1532656,,JUSTIN ABELOW linkedin,
1532777,,JOHN DODSON linkedin,
1532900,,SUSAN SHIELDS linkedin,
1532848,,PHYLLIS EMMANUEL linkedin,
1533100,,GLENN ROBINSON III linkedin,
1533007,,LARRY TOOLE linkedin,
1533118,,BERNARD WARD linkedin,
1533235,,GEORGE DACUS linkedin,
1533245,,Kirk Crawford linkedin,
1532964,,JENNIFER WALKER linkedin,
1533171,,GREGORY DEDYO linkedin,
1533250,,MARIANELA CANTON linkedin,
1533170,,MELVIN ELLIS linkedin,
1533302,,THOMAS RUTLEDGE linkedin,
1533377,,JOHN TUBRIDY linkedin,
1533386,,AUSTIN DRUKKER linkedin,
1533222,,OSCAR ALFONSO linkedin,
1533411,,Jeffrey Wilt linkedin,
1533407,,ROBERT WEILAND linkedin,
1533552,,KEITH GUNTHER linkedin,
1533432,,LAWRENCE HANDEN linkedin,
1533538,,DONALD LEDFORD linkedin,
1533833,,DAVID HOLDEN linkedin,
1533533,,TIMOTHY ANDERSON linkedin,
1533747,,TIMOTHY NOVATNACK linkedin,
1533639,,ERIC TAM linkedin,
1533726,,WAYNE JACOBSON linkedin,
1533828,,CHERIE ST. ROSE linkedin,
1532835,,CLIFFORD RAYBURN linkedin,
1533864,,Kenneth Surber linkedin,
1533900,,RANDALL WILSON linkedin,
1533898,,JOHN HILL linkedin,
1533847,,CHARLES LANDQUIST linkedin,
1533920,,Alan Lotito linkedin,
1532819,,GARY GILGEN linkedin,
1532924,,RICHARD GERWITZ linkedin,
1533940,,MICHAEL CUNNINGHAM linkedin,
1533996,,THOMAS CHLADA linkedin,
1533937,,JAMES HENSON linkedin,
1534043,,DANIEL DUREN linkedin,
1534018,,JOHN HALL linkedin,
1533973,,ALAN VALENCA linkedin,
1534203,,PATRICK HUDEC linkedin,
1534207,,MICHAEL FRANKE linkedin,
1532932,,MICHAEL HARK linkedin,
1534154,,THOMAS KANES linkedin,
1534204,,ROBERT BURTS linkedin,
1534068,,Patricia Campbell linkedin,
1534120,,Attila Vari linkedin,
1534213,,LARRY FLETCHER linkedin,
1534111,,GARY GORCHOFF linkedin,
1534416,,CHANCY DARCANGELIS linkedin,
1533650,,DAVID STEURER linkedin,
1534535,,LAUREEN NICHOLS linkedin,
1534320,,ROBERT MCCONNELL linkedin,
1534366,,DIANE PAULY linkedin,
1533729,,GREEKLY GATES linkedin,
1534424,,JOHN DENNIS linkedin,
1534276,,WILLIAM WINTER linkedin,
1534355,,James Norman Deitrich linkedin,
1534600,,LANCE MILLER linkedin,
1534727,,Kevin Smith linkedin,
1534949,,JAMES WELLS linkedin,
1535010,,PATRICIA PEOPLES linkedin,
15346,,EDWARD BAYARSKI linkedin,
1534788,,JONATHAN EKLUND linkedin,
1535081,,MARC LOCK linkedin,
1533952,,FRASER HORN linkedin,
1535223,,RICHARD KRISTIN linkedin,
1535159,,STEPHEN SLEWITZKE linkedin,
1534744,,JOSEPH CRAIG linkedin,
1535149,,EARL WATERS linkedin,
1535141,,ROSIA WILLIAMS linkedin,
1535196,,MARK EICHHORST linkedin,
1535301,,ALEXANDER MAGER linkedin,
1535350,,VLADIMIR GUSINSKY linkedin,
1535319,,DONALD LACKEY linkedin,
1535270,,WILLIAM GUMBERT linkedin,
1535413,,ROBERT PIK linkedin,
1535428,,MARK ANGELO linkedin,
1535424,,HANS KEDEN linkedin,
1534235,,MARK SIVER linkedin,
1535393,,LISA NESSER linkedin,
1535445,,BARBARA HEATON linkedin,
1535490,,PATRICK KOSTER linkedin,
1535662,,TIMOTHY MCVEY linkedin,
1535642,,BRAD BAKER linkedin,
1536480,,KAREN HERMERATH HARVEY linkedin,
1534740,,STEVEN INGRAM linkedin,
1535656,,CARLETON CRIMMINS linkedin,
1536757,,MARY PODWOSKI linkedin,
1538903,,TROY LINAKER linkedin,
1538150,,SUE AUWARTER linkedin,
1536425,,ALFRED DOTY linkedin,
1537521,,DESIREE Avinger-Bradley linkedin,
1539801,,KURTIS INOUYE linkedin,
1535179,,TIMOTHY PATTERSON linkedin,
1535267,,DAVID DOUGHTY linkedin,
1539840,,JOHN KOLOGLU linkedin,
1541067,,CAROLYNE NITTO linkedin,
1539988,,ROBERT TAGLICH linkedin,
1539824,,PHILIP RUGGIO linkedin,
1541399,,CHRISTOPHER FREYMULLER linkedin,
1535136,,Timothy Powlison linkedin,
1542081,,VICKI CHERRY linkedin,
1541784,,HAROLD NIQUETTE linkedin,
1541863,,ALLISON GIFFUNI linkedin,
1543174,,LESTER OPILA linkedin,
1535528,,RICHARD PASCOE linkedin,
1535429,,BERNARD ADAIR linkedin,
1542805,,STEPHAN ERNHARTH linkedin,
1544140,,PATRICE OMARA linkedin,
1535547,,BRIAN LEES linkedin,
1542898,,RONALD SUNDAY linkedin,
1544728,,TIMOTHY ATYEO linkedin,
1545721,,RODNEY FILASKY linkedin,
1546784,,PATRICIA TENUTO linkedin,
1544888,,PATRICIA POKUTA linkedin,
1536758,,TESORA SPECCA linkedin,
1545622,,MARK THANNISCH linkedin,
1544342,,Ahndi Fridell linkedin,
1547144,,WILLIAM LINNAN linkedin,
1547958,,DREW MOOMAW linkedin,
1547034,,DENNIS NASO linkedin,
1546944,,SHELLY GRYCZA linkedin,
1549029,,Jeffrey Miulli linkedin,
1548287,,LESLIE ANDERSON linkedin,
1547815,,JOSE BOHON linkedin,
1548120,,STEVEN KINRADE linkedin,
1550041,,H. INGERSOLL linkedin,
1548386,,Laurie Ufnowski linkedin,
1543226,,ALAN VOLEN linkedin,
1549413,,PAUL NOTERMANN linkedin,
1549272,,WILLIAM HAESE linkedin,
1549354,,ARTHUR CUNICELLA linkedin,
1546271,,JEFFREY SAMSEN linkedin,
1550423,,ROGER GOIN linkedin,
1550342,,KHOAN CHAU linkedin,
1551402,,HUMBERTO GUILARTE linkedin,
1550682,,Jamie Gaballa linkedin,
1552583,,PRESCOTT BARKOW linkedin,
1553661,,BRETA GRUMBOIS linkedin,
1551100,,WILLIAM DOBBS linkedin,
1552117,,LISA CALABRISOTTO linkedin,
1553830,,MALCOLM ROANE linkedin,
1553843,,IRENE VILONALABONNE linkedin,
1553825,,MATTHEW ANDERSON linkedin,
1548185,,GREGG RAGULE linkedin,
1554506,,Manuia Sotoa linkedin,
1539762,,ERIC TRUVILLION linkedin,
1553913,,MOUAMEN TAWIL linkedin,
1554210,,CATHERINE SANTIAGO TOCA linkedin,
1553949,,WILLIAM MCCONNELL linkedin,
1554485,,BARBARA PATRAGNONI linkedin,
1555858,,AZIE AVANIAN linkedin,
1557032,,SAM DONNELL linkedin,
1557041,,DIANE LAULIS linkedin,
1555728,,GERI PELL linkedin,
1556412,,NATHAN BELL linkedin,
1558280,,SYLVIA WORTHEM linkedin,
1559274,,BRAINARD WARNER linkedin,
1556670,,JULIA SCHAP linkedin,
1556834,,ROBERT VONDERHARR linkedin,
1559236,,MARK J. SHARKEY linkedin,
1557736,,JEFFREY SINE linkedin,
1560092,,MIRTHA PUJOLS linkedin,
1555191,,STANLEY DEBELAK linkedin,
1558867,,PATRICE RAINER linkedin,
1559436,,PAUL STENDIG linkedin,
1555341,,PETRA BOTKIN linkedin,
1561558,,Eugene Engholm linkedin,
1559285,,MILTON LEEMAN linkedin,
1562571,,CYNTHIA ROBINSON-SCHMIDT linkedin,
1555515,,CHARLES POLIS linkedin,
1556262,,JOSEPH STORTHZ linkedin,
1560463,,JEFFRY CARMAN linkedin,
1562682,,EUGENE BOWAN linkedin,
1562908,,FREDERIC DUPREE linkedin,
1563223,,JAMES ENGEL linkedin,
1563245,,RICHARD HANDLER linkedin,
1563171,,SCOTT STEWART linkedin,
1563250,,PAUL HERT linkedin,
1563198,,JOHN ENDRISS linkedin,
1563269,,WILLIAM HESLIN linkedin,
1563199,,CHARLES WEBER linkedin,
1563327,,Robert Hinkle linkedin,
1561751,,TARIN CHIAPPA linkedin,
1563306,,DAVID BOREN linkedin,
1563262,,AMY GALANTI linkedin,
1563291,,DAVID LARA linkedin,
1563292,,ALFRED LOOMER linkedin,
1563379,,MARC BOWEN linkedin,
1563440,,MARVIN SIMS linkedin,
1563271,,NAN BAILEY linkedin,
1562318,,PAUL DEMETRIS linkedin,
1563351,,LEANN ST. GERMAIN linkedin,
1563437,,ROBERT COFFIN linkedin,
1563331,,TERESA DAHL linkedin,
1559376,,NORMAN LAPORTE linkedin,
1562112,,Philip Capretta linkedin,
1563365,,ARTHUR KUBE linkedin,
1563479,,Marion Geer linkedin,
1563445,,KURT MEYER linkedin,
1563472,,JEFFREY BRYAN linkedin,
1563569,,VINCENT KOTARSKI linkedin,
1563466,,FORBES BURTT linkedin,
1563458,,WILLIAM WHITE linkedin,
1563816,,WILLIAM COOK linkedin,
1563486,,KATHLEEN STEELE linkedin,
1563855,,CHRISTOPHER MEE linkedin,
1563621,,CHRISTOPHER MCNIFF linkedin,
1563685,,WILLIAM MORSE linkedin,
1563933,,GILBERT GARCIA linkedin,
1563556,,MICHELE NIELSEN linkedin,
1563739,,SAMUEL LAIRD linkedin,
1564297,,RICHARD NORTHUIS linkedin,
1565122,,EDWARD MARKGRAF linkedin,
1563851,,WILLIAM KOHR linkedin,
1563767,,VICTOR PAGANO linkedin,
1565291,,PAMELA HINCHY linkedin,
1564631,,ROSARIO LENZO linkedin,
1563883,,KEVIN MIZE linkedin,
1563902,,STEVEN KARMAZIN linkedin,
1567723,,M. A. PATERNO-CASTELLO linkedin,
1567492,,MAURO DIGIA linkedin,
1569416,,PAULA KIREJEVAS linkedin,
1561683,,EDWIN TURNQUIST linkedin,
1572987,,VICTOR LOPEZBALBOA linkedin,
1575675,,THERESA DUNNEBIER linkedin,
1573513,,CHARLES SPAVIN linkedin,
1569460,,DAVID PEROLIS linkedin,
1569674,,BRONWYN GUESS linkedin,
1565357,,PETER VENZARA linkedin,
1576840,,TEDDY HALLOWS linkedin,
1566552,,RALPH FRAGGETTI linkedin,
1569123,,NEAL ROUCH linkedin,
1573518,,STACEY BOKSAN linkedin,
1574954,,VITTORIO PISCIOTTA linkedin,
1577801,,NANCY ORNDUFF linkedin,
1574542,,CAROLYN TESCHEMACHER linkedin,
1577189,,DEANNA SPORHASE linkedin,
1574755,,M DAVID TAYABJI linkedin,
1576118,,ALMA NICHOLAS-LONG linkedin,
1580459,,JOSLYN HOOTA linkedin,
1578398,,MARGARET SALAMY linkedin,
1581799,,MICHAEL SAIDIS linkedin,
1578356,,GEORGE KUZMICKAS linkedin,
1578760,,ROBERT GATYAS linkedin,
1577186,,JAMES HARDAMAN linkedin,
1579207,,MELISSA RINGWALL linkedin,
1578028,,COSMO FONTANA linkedin,
1578450,,ZACHARY HANOYAN linkedin,
1578251,,ALAN SCHNALL linkedin,
1582714,,KENNETH MERCIK linkedin,
1580962,,PAUL SUYAMA linkedin,
1585320,,ADELBERT REYNOLDS linkedin,
1583397,,RAYMOND ZOGRAPHOS linkedin,
1583530,,DIERK COCKRELL linkedin,
1586605,,NANCY UBALDI linkedin,
1582449,,STEPHEN LAWANDALES linkedin,
1586129,,JONATHAN MEINZEN linkedin,
1589277,,WILLIAM TRIANTAFEL linkedin,
1588177,,RAUL CAMPOSAGRADO linkedin,
1589195,,ULYSSES BARKSDALE linkedin,
1585146,,SANDRA VECERE linkedin,
1587822,,WALTER YOZWIAK linkedin,
1579439,,ELIZABETH GRASECK linkedin,
1589646,,CATHERINE ROCQUE-BUTLER linkedin,
1586372,,DOUGLAS KOSSOW linkedin,
1590262,,LYNN FEDOR linkedin,
1585607,,JO BANJAI linkedin,
1587984,,ERIC KLUGERMAN linkedin,
1588614,,WINOLA ROY linkedin,
1590470,,GARY THOMASSER linkedin,
1589761,,CURTIS SWINDAL linkedin,
1592857,,GUY BLAKEY linkedin,
1590540,,Richard Zytko linkedin,
1594423,,KEITH GILLOTTI linkedin,
1589238,,MARY ZANDY linkedin,
1596570,,DEBORAH HABLE linkedin,
1594815,,DUANE OHLAND linkedin,
1600641,,PARALEE PARSONS linkedin,
1598617,,CARMINE GIZZE linkedin,
1600404,,TOMAS VELKEN linkedin,
1596438,,JONATHAN KOLODKIN linkedin,
1599476,,DAVID EASTERLA linkedin,
1599785,,RAND FROHLICH linkedin,
1597998,,EDWARD NEMINSKI linkedin,
1600891,,LOUIS CHIAVACCI linkedin,
1593767,,BECKY KOSTAD linkedin,
1596862,,Mehrdad Varzi linkedin,
1602655,,EMANUEL SCHMALZ linkedin,
1598295,,MILES KEONE linkedin,
1597688,,ELMO CLARY linkedin,
1600114,,RANDAL LISHKA linkedin,
1599494,,DEBBIE HENNEK linkedin,
1601081,,BURTON DROBNIS linkedin,
1603420,,ARACELI PACHMANN linkedin,
1607695,,ROSALENE TANNER linkedin,
1607699,,MARK QUERCIO linkedin,
1607270,,BRADFORD WOODSTRA linkedin,
1608623,,LYNNE THEURER linkedin,
1610329,,ARNOLD TOTTER linkedin,
1608468,,HELEN AMELIA FRITSCHE linkedin,
1612162,,Thomas Uschok linkedin,
1607883,,GEORGE SIMSER linkedin,
1610910,,Mary Jo Felton linkedin,
1612254,,JERRY ELDRIDGE linkedin,
1611904,,GEORG FARRAK linkedin,
1610191,,DENNIS TULLEY linkedin,
1610867,,VITO MARTUTARTUS linkedin,
1611845,,Bailey Scheurer linkedin,
1612191,,ROBERT MEINTS linkedin,
1612433,,WILLIAM KOCH linkedin,
1602919,,KAREN BIENIECKI linkedin,
1612268,,JERRY SHEBY linkedin,
1612471,,TIM NEUMANN linkedin,
1612648,,Brad Fryer linkedin,
1612263,,MICHAEL TABAK linkedin,
1612225,,TERRY HAYES linkedin,
1613012,,C THAMES linkedin,
1612415,,BRENT SIMMONS linkedin,
1612514,,RONALD PRATT linkedin,
1613164,,F. Keck linkedin,
1612721,,WILLIAM WHELTON linkedin,
1612587,,CHARLES PETERSON linkedin,
1613163,,LAWRENCE RULE linkedin,
1612922,,DAVID ROUSE linkedin,
1613182,,JOSEPH MURRAY linkedin,
1613304,,KARI FRANCISCO linkedin,
1613186,,LAWRENCE MACY linkedin,
1613420,,BARBARA TANZOSH linkedin,
1613290,,JOHN ANASTASIA linkedin,
1613546,,STEVEN BANAITIS linkedin,
1613565,,SHAUN DENNEHY linkedin,
1613493,,DANIEL FOXEN linkedin,
1613743,,BURT DERMAN linkedin,
1613789,,FRANK WU linkedin,
1613814,,THOMAS BANKS linkedin,
1613634,,DANIEL MURPHY linkedin,
1612293,,LARRY BOWMAN linkedin,
1613823,,WILLIAM WASHBURN linkedin,
1613745,,TAMMY RODEN linkedin,
1613791,,LOUIS COSTANZO linkedin,
1612619,,Troy Rossow linkedin,
1612967,,JOE LOCKE linkedin,
1613817,,ROBERT BATTIN linkedin,
1613867,,GREGORY DELLIS linkedin,
1613884,,ALICE GUIMARIN linkedin,
1613021,,Robert Kelly linkedin,
1612546,,ROBERT FINCHAM linkedin,
1614060,,DEBRA BAKER linkedin,
1614068,,ROGER GREFE linkedin,
1614005,,Sherri Griffith Goodman linkedin,
1614066,,ALLEN SOUZA linkedin,
1613919,,Roberta Zuckerman linkedin,
1614040,,ANDREW PICKETT linkedin,
1614096,,Geoffrey Southwell linkedin,
1614129,,DOUGLAS NOLL linkedin,
1614152,,TODD WILSON linkedin,
1614356,,JOANN MCINTYRE linkedin,
1614281,,Jeffrey Petrillo linkedin,
1614376,,MICHAEL BARTA linkedin,
1614205,,ROBERT WEAVER linkedin,
1614247,,CAREY SOMERVILLE linkedin,
1614368,,Craig McKnight linkedin,
1613019,,MAXWELL CHENG linkedin,
1613130,,ROBERT EDGECOMBE linkedin,
1614391,,TERESA ANDERSON linkedin,
1614406,,JOHN ZITNICK linkedin,
1613199,,MICKEY RAY linkedin,
1614430,,MICHELE RIVET linkedin,
1614414,,ROBERT SCHWARTZ linkedin,
1613318,,JAMES BOYD linkedin,
1614452,,STEVEN GOLDEN linkedin,
1614462,,JAMES BARNETTE linkedin,
1613133,,TERRY OLEARYHUNTER linkedin,
1614458,,RICHARD HICKS linkedin,
1613589,,THOMAS FORD linkedin,
1613661,,KEITH PRATHER linkedin,
1614623,,LAURA PROVOST linkedin,
1614566,,BARRY BRESNAHAN linkedin,
1614642,,JOHN GRAHAM linkedin,
1614627,,JAMES THOMPSON linkedin,
1614657,,JEFFREY THODE linkedin,
1613333,,WALTER PIKUL linkedin,
1614891,,MARY CRUMMEY linkedin,
1614500,,PHILIP MALAKOFF linkedin,
1614897,,PATRICK BIVONA linkedin,
1615030,,MATTHEW MELLER linkedin,
1615047,,ROBERT KELL linkedin,
1614450,,Timothy Jones linkedin,
1615053,,ABBY WOLMAN MCELROY linkedin,
1615097,,Linda Godfrey linkedin,
1615062,,Jordan Mayer linkedin,
1609636,,BRIAN SUKAY linkedin,
1614783,,THOMAS BROWN linkedin,
1614888,,PAMELA TAKACS linkedin,
1614833,,Michael Sheridan linkedin,
1615114,,NANCY MILLER linkedin,
1614907,,JOHN STOLAR linkedin,
1615190,,MICHAEL RICCI linkedin,
1615222,,TERESA VAZQUEZ-CHRISTY linkedin,
1615295,,CORINNE CRABS linkedin,
1615386,,MARK SOSEY linkedin,
1615375,,Delia Mellen linkedin,
1615171,,WAYNE SOLOAGA linkedin,
1615271,,Robert Ladino linkedin,
1615283,,DANIEL GOEKEN linkedin,
1615432,,JOAN O'NEIL ZONA linkedin,
1614996,,CHRISTINA CARR linkedin,
1613427,,Brian Devlin linkedin,
1615298,,RICK MEYERES linkedin,
1613580,,JOHN DIMATTINA linkedin,
1615428,,MICHAEL RISHER linkedin,
1615011,,EDMOND NASS linkedin,
1615397,,Joel Moline linkedin,
1614679,,THOMAS YOUNG linkedin,
1615603,,ROBIN CALLAHAN linkedin,
1615112,,DAVID THOMAS linkedin,
1615490,,HERMANN VONBERTRAB linkedin,
1615436,,MARK POMO linkedin,
1615570,,AMY RUBIN linkedin,
1615504,,MICHAEL TERRY linkedin,
1615787,,NELSON GAERTNER linkedin,
1615809,,MARTIN TREHUB linkedin,
1615278,,JOELY MEIGHAN linkedin,
1614711,,THOMAS FERRARO linkedin,
1615798,,LOUIS ROBERT linkedin,
1615453,,KENNETH RINEHART linkedin,
1615820,,RONALD ANDERSON linkedin,
1616048,,ANN GREENE linkedin,
1616019,,CHARLES JONES linkedin,
1615752,,PATRICIA SELIN linkedin,
1615980,,JAMES WILLETT II linkedin,
1616373,,GREGG TRENTHAM linkedin,
1616429,,GEORGE BEBIS linkedin,
1616081,,DANIEL WILKEN linkedin,
1615446,,JAMES CALLA linkedin,
1616830,,ROBERT KELLEY linkedin,
1616736,,TYRONE WALKER linkedin,
1616254,,SEAN QUINN linkedin,
1616904,,JAMES FREEDMAN linkedin,
1616923,,RUSSELL SUEDE linkedin,
1615735,,Reece Musick linkedin,
1616912,,JOHN IANNONE linkedin,
1616994,,Terry Eskind linkedin,
1616713,,RANKIN RAWLINGS linkedin,
1616945,,JONATHAN LEWIS linkedin,
1616953,,DEREK MORRIS linkedin,
1616996,,DEREK SMITH linkedin,
1616965,,JAMES SIMPSON linkedin,
1616196,,JEFFREY KETTWIG linkedin,
1615681,,JANICE TRIMMELL linkedin,
1616862,,ROSEMARIE COHEN linkedin,
1617208,,TIMOTHY FORTNER linkedin,
1616630,,RANDAL FIELDS linkedin,
1616414,,DAVID SOLOMON linkedin,
1617142,,MARK TEED linkedin,
1617233,,JOHN RAMIREZ linkedin,
1616960,,RONALD SELIK linkedin,
1617227,,KATHLEEN WITT linkedin,
1616512,,PAUL MORAN linkedin,
1617090,,DAVID BEATY linkedin,
1616729,,GENA MAYER linkedin,
1617155,,JOHN MASTERSON linkedin,
1617020,,SEAN KILMARTIN linkedin,
1617238,,KEVIN BAY linkedin,
1616892,,MICHAEL MATLOCK linkedin,
1615519,,BRIAN G. LOCKIER linkedin,
1617356,,DAVID HEPNER linkedin,
1617305,,WILLIAM ROLL linkedin,
1617459,,Vince Salvatore linkedin,
1617257,,FRANK WELCH linkedin,
1617276,,VICTOR HAZARD linkedin,
1617499,,KEVIN NEVILLE linkedin,
1617103,,ROGER BURTON linkedin,
1617521,,Jeffrey Garell linkedin,
1617526,,JAMES FITZGERALD linkedin,
1617096,,CHESTER NAIMAN linkedin,
1617538,,JAMES KILEY linkedin,
1617247,,ARTHUR VIGNOLI linkedin,
1616896,,KRISTINE KEEGAN linkedin,
1617335,,DAVID KELTON linkedin,
1617686,,JONGSIK KIM linkedin,
1617639,,W ROSENBERG linkedin,
1617426,,BRIAN ROSSANO linkedin,
1617380,,LISA STRANE linkedin,
1617677,,ELAINE HANNIGAN linkedin,
1617435,,EDWARD HIGGINS linkedin,
1617664,,LAURIE MCNALLY linkedin,
1617698,,ANNELISE DEVINE linkedin,
1617714,,PAIGE POWER linkedin,
1617854,,PER FURMARK linkedin,
1617615,,ZENA BOOTH linkedin,
1617860,,MARK HELLER linkedin,
1617984,,FRANK ANDERES linkedin,
1617997,,ROBERT MILLER linkedin,
1617807,,DELANE SCHIEFERSTEIN linkedin,
1617662,,CHRISTOPHER ANDREWS linkedin,
1618003,,JEFFREY FOREHAND linkedin,
1618172,,ERNEST PANETTI linkedin,
1618187,,GARY MOTT linkedin,
1617796,,John Harfert linkedin,
1618169,,SUSAN PEDERSEN linkedin,
1617764,,FRANK LEWIS linkedin,
1618466,,Mark Gervig linkedin,
1618356,,ELLEN MARLER linkedin,
1618113,,STEPHEN LALLI linkedin,
1618206,,JAMES FAHEY linkedin,
1617780,,BRIANT NOLAND linkedin,
1617819,,WILLIAM THOMPSON linkedin,
1617491,,DAVID POTTER linkedin,
1618478,,DOUGLAS VELNOSKEY linkedin,
1618417,,PETER BUTERA linkedin,
1618453,,THOMAS RUFF linkedin,
1618547,,Walter Broughton III linkedin,
1618757,,MICHAEL COPELAND linkedin,
1618774,,David Geschke linkedin,
1618864,,CRAIG HUFF linkedin,
1618817,,Melvin Tom linkedin,
1619012,,WILLIAM YOUNG linkedin,
1618859,,PHILIP VY linkedin,
1619028,,WHITLEY CUMMINGS linkedin,
1618389,,Mark Battaglia linkedin,
1619060,,ROBERT GOLDSTEIN linkedin,
1619091,,RONALD TAGOFF linkedin,
1619141,,JOSEPH FRANK linkedin,
1619315,,JERRY KILLION linkedin,
1619276,,DAVID REUBEN linkedin,
1618536,,RODNEY HAUG linkedin,
1619094,,HAYDEE DELGADO linkedin,
1619313,,JENNIFER JONES linkedin,
1618888,,THOMAS TEMPLE linkedin,
1619384,,CARRIE COLE linkedin,
1619562,,ELIZABETH ROTH linkedin,
1618175,,ROBERT RAFACZ linkedin,
1618075,,CLAUDE PARROTT linkedin,
1619612,,JEROME GO linkedin,
1619623,,DOUGLAS NACHMAN linkedin,
1619786,,IRA YERMISH linkedin,
1618819,,JOHN GAGLIARDO linkedin,
1619762,,GEORGE BECKNELL linkedin,
1617993,,LAWRENCE KIPP linkedin,
1618936,,TERRY HOLCOMB linkedin,
1618800,,PAUL VOGEL linkedin,
1618590,,DOUGLAS TABOR linkedin,
1620115,,ART IGNACIO linkedin,
1619888,,CHRISTOPHER MCCAMAN linkedin,
1618471,,ROBERT ULLRICH linkedin,
1620109,,CRAIG BERMAN linkedin,
1620180,,I Plaza linkedin,
1620034,,DANIEL HORGAN linkedin,
1620288,,RANDY FRIEDLANDER linkedin,
1619724,,Kenneth Malamud linkedin,
1620353,,RICHARD GORMAN linkedin,
1620356,,VELDA KNUTSON linkedin,
1619693,,KELLY LOMBARDO linkedin,
1619972,,ASHOK RAJAN linkedin,
1620534,,WILLIAM VOGELGESANG linkedin,
1619420,,JOSEPH GUYTON linkedin,
1620367,,MARK RUSSELL linkedin,
1620001,,JAMES BEAKAS linkedin,
1620774,,MICHAEL STROUD linkedin,
1618939,,DAVID MILLER linkedin,
1620883,,JAMES HAUER linkedin,
1620880,,MICHAEL HUCK linkedin,
1619071,,RUSSELL KINCAID linkedin,
1620374,,PHILLIP ELDER linkedin,
1620046,,MICHAEL VILLANI linkedin,
1621077,,GERALD GILBERTSON linkedin,
1621186,,THOMAS SIPE linkedin,
1621047,,JOSEPH KERREY linkedin,
1621252,,MICHAEL OTTMAN linkedin,
1620749,,FOUAD ZEAITER linkedin,
1620614,,RENE RUIZ linkedin,
1621159,,DAVID HESS linkedin,
1621266,,BRENDA MCLAMB linkedin,
16205,,RAYMOND BECK linkedin,
1619835,,ALAN DOUGLASS linkedin,
1620803,,ROBERT BERGER linkedin,
1621507,,WILLIAM BREDT linkedin,
1620666,,JEFFREY LEWIS linkedin,
1621592,,TAUHEED BURKE linkedin,
1620909,,ARMANDO DELEON linkedin,
1620805,,Robert Brown linkedin,
1621646,,ROBERT WARREN linkedin,
1621594,,PREM PARAMESWARAN linkedin,
1621596,,GREGORY ROTH linkedin,
1621201,,NITA RIENIETS linkedin,
1621434,,FRANK WARD linkedin,
1622162,,DUDLEY IRWIN linkedin,
1622026,,MAY YU linkedin,
1620707,,GREGG GEORGANTAS linkedin,
1622038,,JANICE HIGGINS linkedin,
1622075,,RAUL ABALLI linkedin,
1622168,,JEFFREY JACOBS linkedin,
1622194,,Patrick Demers linkedin,
1622084,,HENRY KOCHAN linkedin,
1621916,,ALFREDO FORMENTANO linkedin,
1622256,,Jack Shaffer linkedin,
1621490,,RICHARD GOODWYN linkedin,
1622186,,SUSAN HALL linkedin,
1622170,,THOMAS CAIN linkedin,
1622053,,JOHN HIGGINS linkedin,
1622366,,JOHN MCCARTHY linkedin,
1622856,,JACQUELINE BIANCO linkedin,
1622349,,JAMES BISHOPP linkedin,
1622547,,Mary Ann Hay linkedin,
1622091,,WALTER KEAY linkedin,
1622260,,GUY BOCK linkedin,
1622574,,BRIAN SHUE linkedin,
1622141,,ROBERT REBUSSINI linkedin,
1622649,,Kathleen Riley linkedin,
1622408,,DEBRA NARUP linkedin,
1622980,,THOMAS ZIMMER linkedin,
1621804,,Jeffrey Bowman linkedin,
1623150,,DONALD BEARD linkedin,
1622953,,ERIK SIMONSEN linkedin,
1623012,,ALAN SHAULTS linkedin,
1622674,,PAUL GOLDMAN linkedin,
1622447,,ROBERT MEYJES linkedin,
1623068,,MARK RIEPE linkedin,
1622910,,MORRY ZOLET linkedin,
1623317,,Scott Taylor linkedin,
1623367,,NATHAN GAY linkedin,
1623376,,BRUCE POPPER linkedin,
1623241,,JOEL LANSAT linkedin,
1623585,,JULIE LEE linkedin,
1623071,,NANCY WILSON linkedin,
1623615,,DAVID CHLUS linkedin,
1623695,,BRET FELKNOR linkedin,
1623755,,William Moran linkedin,
1623159,,PETER WIRTH linkedin,
1623255,,JOHN MATTHEWS linkedin,
1623739,,Lisa Morrison linkedin,
1623757,,PAUL CUNEO linkedin,
1623788,,TAMI ROVALL linkedin,
1623779,,QUENTON SPENCER linkedin,
1623356,,DAVID THURMAN linkedin,
1623405,,Earnest Pinder linkedin,
1623885,,CAROLYN HEMANN linkedin,
1623480,,GENAY AIREY linkedin,
1623534,,KEVIN CROWE linkedin,
1623553,,ROBERT KRANSBERGER linkedin,
1624067,,RICHARD CARUSO linkedin,
1623402,,THOMAS KEILTY linkedin,
1623713,,WILLIAM WALL linkedin,
1624102,,MARCOS DOUER linkedin,
1624054,,QUENTIN MOORE linkedin,
1623751,,MICHAEL EASTBURN linkedin,
1624125,,George Georgiades linkedin,
1624128,,ADRIAN PAWLUK linkedin,
1624131,,KAREN CAMPBELL linkedin,
1624127,,NANCY KLINE linkedin,
1624182,,PATRISHA LEE linkedin,
1624181,,TIMOTHY HOGAN linkedin,
1624161,,JAMES WALSH linkedin,
1624213,,ERNEST YOUNG linkedin,
1624204,,ROBERT EVERETT linkedin,
1624286,,Mariano Perez linkedin,
1624360,,LARRY OLSON linkedin,
1624359,,JOHN CRAIG linkedin,
1624368,,JOHN HLAY linkedin,
1624300,,ROMAN TELYCZKA linkedin,
1624296,,CHESTER PEACH linkedin,
1623918,,PATRICK RABELO linkedin,
1624328,,DOUGLAS DRAGOTTI linkedin,
1624395,,SALLY PERKINS linkedin,
1624077,,TERRY FRITZ linkedin,
1623781,,William Francescani linkedin,
1624518,,PETER AMBROSE linkedin,
1624106,,SCOTT KIMELMAN linkedin,
1624660,,LINDA VARA linkedin,
1624028,,AKHTAR SATTAR linkedin,
1624713,,SUSAN KOORS linkedin,
1624089,,GREGORY VOLITICH linkedin,
1624480,,FERNANDO SOTELO linkedin,
1623492,,GARY DIBBLE linkedin,
1624932,,SUSAN GALICH linkedin,
1625079,,DANA POWELL linkedin,
1625081,,MICHAEL FOLLESE linkedin,
1624756,,Kent Sisco linkedin,
1624558,,NANCY KELSEY linkedin,
1625218,,SUSAN HUFF linkedin,
1624156,,BRUCE SEARS linkedin,
1624145,,James Rogers linkedin,
1624563,,ELIZABETH THORLEY linkedin,
1625092,,JASON THOMPSON linkedin,
1624510,,MONTIE FOSTER linkedin,
1625319,,DEBRA WOLDUM linkedin,
1625474,,MARK KATELHON linkedin,
1624776,,Reed Miller linkedin,
1625122,,STEVEN FIRENZE linkedin,
1624564,,TRAVIS KELL linkedin,
1624971,,TRACEY CRAMER linkedin,
1625630,,JEFFREY CHIN linkedin,
1625613,,JAMES GENDRON linkedin,
1624281,,JEFFREY OHL linkedin,
1625538,,MICHAEL GROVES linkedin,
1625775,,JAMES WEGNER linkedin,
1625829,,ROBERT PRION linkedin,
1625519,,KENT HAGEMAN linkedin,
1625545,,JOSEPH RINALDO linkedin,
1625444,,DIANE VERTIN linkedin,
1625907,,GARY WYSSLING linkedin,
1625760,,PATRICK DOYLE linkedin,
1625643,,LISA GIBSON linkedin,
1626051,,DELBERT ACHESON linkedin,
1625803,,John Frieh linkedin,
1626110,,Christopher Ankner linkedin,
1625342,,Thomas Koppinger linkedin,
1625889,,Phillip Fitzsimmons linkedin,
1625139,,PETER LEVINSON linkedin,
1626169,,JOSEPH GUARINO linkedin,
1626132,,CHRISTOPHER FISCHER linkedin,
1626062,,Catherine Silk linkedin,
1625781,,WELLINGTON BRANNON linkedin,
1625965,,WILLIAM EASLEY linkedin,
1626177,,RAYMOND RONDY linkedin,
1625977,,JONATHAN ELLEFSON linkedin,
1626157,,KEITH MUELLER linkedin,
1626272,,LISA GIGLIOTTI linkedin,
1626183,,Paul Meehl linkedin,
1626152,,MARK SLOCOMB linkedin,
1626363,,George Lindner linkedin,
1625399,,SCOTT BAIRD linkedin,
1626431,,STANLEY KEATING linkedin,
1626331,,NEIL OBERNDORF linkedin,
1626158,,Kevin Chase linkedin,
1626258,,VERNA KAUFMAN linkedin,
1626422,,STANLEY RIGGS linkedin,
1626293,,PETER COOK linkedin,
1626642,,JOSEPH KELLY linkedin,
1626424,,VICTOR FALCI linkedin,
1626498,,Susan Fullen linkedin,
1626675,,DANIEL REAGAN linkedin,
1626724,,DOUGLAS WRIGHT linkedin,
1626660,,STEPHEN SAUCIER linkedin,
1626688,,JULIO BEATON linkedin,
1626536,,WADE HOPE linkedin,
1626598,,CONNIE WINOKUR linkedin,
1626691,,MICHAEL CAHILL linkedin,
1626385,,FREDERICK SALUS linkedin,
1626788,,Jennifer Zaat-Wright linkedin,
1626496,,MARTIN SILVERFIELD linkedin,
1626686,,DAVID KEIM linkedin,
1626404,,BRYAN DEDRICK linkedin,
1626838,,MICHAEL MAHER linkedin,
1626818,,ALAN PIGNATARO linkedin,
1626886,,ROBIN KOLLMER linkedin,
1627274,,CAROLYN WEMHOFF linkedin,
1627006,,MARGARET BAVARO linkedin,
1626859,,JOHNNY GREEN linkedin,
1627532,,ANN MARIANI-ISSEL linkedin,
1627651,,Thomas Finney linkedin,
1627350,,ALBERT DONOFRIO linkedin,
1627332,,JOHN TCHEN linkedin,
1627710,,WILLIAM ROARK linkedin,
1627449,,HELEN HENDERSON-FORD linkedin,
1627073,,MARIA ARAZOZA linkedin,
1627207,,WENDY GIPSON-FITZPATRICK linkedin,
1627270,,Jonathan Roth linkedin,
1627750,,ANNE RUDSER linkedin,
1626866,,MARIE MADDOX linkedin,
1626820,,DAVID BIEBER linkedin,
1626846,,CARMINE MANNA linkedin,
1627633,,C.BRIAN MCKEE linkedin,
1627593,,MELINDA WOLFE linkedin,
1627729,,ELIZABETH MASON linkedin,
1627902,,LYNDA RETTIG linkedin,
1627746,,SAMUEL CRAIG linkedin,
1627431,,THOMAS KENNEDY linkedin,
1627664,,Paul Kohlman linkedin,
1627975,,KENNETH NITSCHE linkedin,
1628181,,CARMAN BRUNO linkedin,
1628112,,STEPHEN GRICE linkedin,
1627929,,ANDREW WOOD linkedin,
1628183,,JOHN VERNON linkedin,
1628426,,HELAINE MAMELAK linkedin,
1627840,,MAHMOUD ABDELHALEM linkedin,
1627986,,DENNIS BRODERICK linkedin,
1628269,,JOHN MCINTOSH linkedin,
1628449,,Joseph Siemens linkedin,
1628344,,DALE HOWARD linkedin,
1628485,,MICHAEL SAKACH linkedin,
1628161,,MICHAEL DEVINE linkedin,
1628421,,NORMAN WILDE linkedin,
1628088,,JOSEPH KELLY linkedin,
1628596,,BARRY NAIDITCH linkedin,
1628646,,ELI LAPP linkedin,
1628769,,Gregory Vacca linkedin,
1628803,,PHILIP SERAFINE linkedin,
1628578,,JOSEPH REEL linkedin,
1628723,,THOMAS MARK linkedin,
1628784,,ALLISON PLUTT linkedin,
1628703,,JAMES STEPHAN linkedin,
1628794,,BRIDGET SULLIVAN linkedin,
1628602,,MICHAEL GEORGE linkedin,
1628761,,MICHAEL LAVINE linkedin,
1628654,,STEVEN GILBERT linkedin,
1628828,,TERRY MENTINK linkedin,
1628807,,CHRISTOPHER GATTY linkedin,
1628629,,LISA STELLA linkedin,
1627931,,ROBERT SIEGEL linkedin,
1629083,,JAY TRUSHEIM linkedin,
1628917,,FRANCIS POLI linkedin,
1628835,,STEPHEN ZAHORIAN linkedin,
1629052,,RICKEY FISHER linkedin,
1628951,,KENNETH GEHL linkedin,
1628858,,DAVID ANDRADE linkedin,
1629158,,Glenn Kennedy linkedin,
1629186,,MARK FRIESE linkedin,
1628805,,Andrea Penha linkedin,
1629190,,DAVID MARGULIES linkedin,
1629392,,TIMOTHY TRACY linkedin,
1629366,,PHILIP NATION linkedin,
1629058,,DANA BROWN linkedin,
1629287,,FLOYD CARL linkedin,
1629125,,DEBORAH BOHN linkedin,
1629197,,THOMAS LEVASSEUR linkedin,
1628987,,DAVID CUDO linkedin,
1629536,,MICKEY DYSTHE linkedin,
1629445,,CYNTHIA WILSON linkedin,
1629511,,JEAN BEULAH linkedin,
1629490,,PAUL FORMBY FERNANDEZ linkedin,
1629474,,JEFFREY HUSTON linkedin,
1629663,,MARSHELLE DORAN linkedin,
1629541,,Linda Figueroa linkedin,
1629568,,TIMOTHY MYERS linkedin,
1629593,,Steven Fischer linkedin,
1629594,,SILVANA NANDIN linkedin,
1629682,,Adam Monti linkedin,
1628895,,MIGUEL CORVALAN linkedin,
1629822,,HOWARD LOITERSTEIN linkedin,
1629737,,WILLIAM SANDERS linkedin,
1630051,,JOSEPH GUERRERO linkedin,
1629605,,SCOTT WORKMAN linkedin,
1629731,,CASY OBRIEN linkedin,
1630412,,CAROLE LIANG linkedin,
1629742,,Jean Walshe linkedin,
1630101,,DENNIE LEWIS linkedin,
1630201,,MELISSA YAWN linkedin,
1630169,,DELBERT AUXIER linkedin,
1630222,,MICHAEL BRIDGES linkedin,
1629965,,NOREEN MCCLURE linkedin,
1630255,,RANDAL SADLER linkedin,
1630177,,EVELIO LEON linkedin,
1629653,,GERALDINE WARDLE linkedin,
1630336,,NICHOLAS PEPE linkedin,
1630441,,JOSEPH DONOHUE linkedin,
1630206,,David Golden linkedin,
1630332,,FRANCIS PICKETT linkedin,
1630583,,JOHN ONEAL linkedin,
1629842,,GREGORY SAIN linkedin,
1630652,,LEEANN HUGGINS linkedin,
1630846,,ROY BORREGO linkedin,
1630376,,Maria Ruiz-Melendez linkedin,
1630855,,MARK ANDERSON linkedin,
1630804,,JONATHAN GUSS linkedin,
1630966,,HOWARD HOROWITZ linkedin,
1631047,,JOHN TARLETON linkedin,
1630710,,JOHN LYON linkedin,
1631025,,Claude Turner linkedin,
1631285,,Andre Augustine linkedin,
1631434,,DANE SINCERE linkedin,
1631401,,NORMAN NELSON linkedin,
1631570,,ALAN SHOUSE linkedin,
1631008,,JAMES WILLIAMS linkedin,
1630665,,STEVEN DAVIS linkedin,
1631447,,DAVID HECK linkedin,
1631751,,Carol Patrick linkedin,
1631937,,CRAIG PRICHARD linkedin,
1631809,,KATHERINE MORRIS linkedin,
1631877,,Michael Feinman linkedin,
1631914,,SAMUEL CANNER linkedin,
1630821,,PAUL BECK linkedin,
1631761,,PAMELA BLODGETT linkedin,
1631971,,BEVERLY BELCZYK linkedin,
1632043,,ROBERT HILL linkedin,
1630517,,PAJTSHENG VANG linkedin,
1630626,,CRAIG WALKER linkedin,
1631891,,CRAIG CAVANAUGH linkedin,
1630670,,DAVID WAGSTAFF linkedin,
1632092,,RICHARD DUNSTAN linkedin,
1632075,,Jerry Lynn linkedin,
1632101,,DUVAN BROCK linkedin,
1632109,,JONATHAN KAGAN linkedin,
1632249,,JOHN CAMPEAU linkedin,
1632241,,REED GREENAGEL linkedin,
1631688,,MICHAEL JOHNSON linkedin,
1630886,,jeffrey cusack linkedin,
1632196,,JAMES SMALL linkedin,
1632328,,William Mason linkedin,
1630910,,JEFFREY UPCHURCH linkedin,
1632690,,JOHN MOLKENTIN linkedin,
1632346,,EDWARD KING linkedin,
1632260,,Philip Benson linkedin,
1632709,,GEORGE WILSON linkedin,
1632182,,JEFFREY STOLL linkedin,
1632199,,DENISE JOHNSON DAVIES linkedin,
1632308,,DAVID DUTHIE linkedin,
1632625,,ERIKA YELLE linkedin,
1632417,,JEFFREY WAGNER linkedin,
1632773,,LINDA ODEGAARD linkedin,
1632761,,PHILLIP DALLMAN linkedin,
1632432,,H STALLINGS linkedin,
1631197,,PETER NOYES linkedin,
1632940,,STEPHEN NELSON linkedin,
1632529,,Carol McLawhorn linkedin,
1631597,,EDWARD VOJENSKY linkedin,
1632899,,ROBERT HEISTERBERG linkedin,
1633012,,RICHARD POLIMENI linkedin,
1633018,,SUE COLOSIMO linkedin,
1632961,,SUSAN MOSS linkedin,
1632836,,GLORIA POWELL linkedin,
1633015,,DEANE DRAY linkedin,
1633273,,ROBERT SKILLESTAD linkedin,
1633252,,JEFFREY EDMAN linkedin,
1633231,,DAVID BARRER linkedin,
1632932,,RICKY BYRD linkedin,
1633123,,MICHAEL MILLER linkedin,
1633285,,WILLIAM HAPPEL linkedin,
1633117,,Chetram Budhwa linkedin,
1633193,,JEFFREY SEIB linkedin,
1633056,,JAMES KENNALLY linkedin,
1632951,,JAMES MORRIS linkedin,
1633362,,JANELL DUNCAN linkedin,
1633401,,BRIAN GAFFNEY linkedin,
1633570,,JEFFREY SILVERMAN linkedin,
1633454,,BRUCE ALTHEIDE linkedin,
1633208,,PATRICIA CHURA linkedin,
1633652,,ROBERT WYCKOFF linkedin,
1633440,,Brian George linkedin,
1633705,,PETER DRASHER linkedin,
1633428,,NEIL MEHRA linkedin,
1632830,,PERRY PEDERSON linkedin,
1633785,,JEFFREY VOLLET linkedin,
1633587,,VERNON FANT linkedin,
1632976,,LARRY CASTLE linkedin,
1633641,,MYRIAM RESTREPO linkedin,
1633533,,Keith Wade linkedin,
1633324,,JAMES HEAD linkedin,
1632964,,EVAN HUNTER linkedin,
1633979,,KATHLEEN CALCEK linkedin,
1634114,,JAMES HENLEY linkedin,
1634236,,ANTHONY GENNARO linkedin,
1633976,,CARLYN HENSEN linkedin,
1633595,,JEFFREY LIBMAN linkedin,
1633832,,MARK IRELAND linkedin,
1634071,,LOUIS EASTMAN linkedin,
1633984,,TIMOTHY DOTEN linkedin,
1633685,,DAVID COARD linkedin,
1634283,,HENRY GAWEL linkedin,
1633713,,ERIC DONNER linkedin,
1633853,,ALAN FERTEL linkedin,
1634106,,DAVID RISSER linkedin,
1634297,,MICHAEL HESS linkedin,
1634218,,James Dennik linkedin,
1634311,,PATRICK BUETTNER linkedin,
1634357,,MARK REITAN linkedin,
1634395,,WILLIAM OLSEN linkedin,
1634129,,ELIZABETH FINAN linkedin,
1634413,,SUSAN ZAFEROS linkedin,
1634566,,MICHAEL CREADON linkedin,
1634253,,GREGORY HOLMES linkedin,
1635062,,DAVID BEVERIDGE linkedin,
1634499,,BARBARA RUSSO linkedin,
1634642,,GIRARD OBERRENDER linkedin,
1634904,,BRIAN GRUHLKE linkedin,
1634405,,JOSEPH FEOLA linkedin,
1634384,,TAMMY WINTERFELD linkedin,
1633661,,JAMES FERGUSON linkedin,
1634926,,DAVID LA POINTE linkedin,
1635168,,FRANK HUI linkedin,
1634823,,FLOYD POUGH linkedin,
1634742,,LAWRENCE DOODY linkedin,
1634472,,Arlette Cataldo linkedin,
1635073,,STEWART DAVIS linkedin,
1634937,,PETER WEILER linkedin,
1635255,,BRIAN EDWARDS linkedin,
1635220,,LLOYD POMPEY linkedin,
1635222,,RICHARD GRENDA linkedin,
1635253,,JOHN HILDEBRAND linkedin,
1635237,,ROBERT STEAD linkedin,
1635085,,MARK GODDARD linkedin,
1635225,,GEORGE STRNAD linkedin,
1635098,,THOMAS FROEHLICH linkedin,
1635305,,BETH LOVELL linkedin,
1635294,,ERIC BROWN linkedin,
1635471,,CHRISTOPHER WALSH linkedin,
1634769,,MAX MIRACLE linkedin,
1634913,,STEVEN WELO linkedin,
1635437,,WILLIAM WETMORE linkedin,
1635249,,CHARLES KOOKEN linkedin,
1635758,,JEANENE BAUER linkedin,
1635757,,ALLAN LYNN linkedin,
1635949,,JEFFREY GORDON linkedin,
1636025,,GARY PRESTOPINO linkedin,
1636139,,TERRY JUDD linkedin,
1636080,,ABRAHAM HELLER linkedin,
1635360,,Cynthia Kirwan linkedin,
1635673,,TRACY GILLETTE linkedin,
1635389,,RICHARD SEDWAY linkedin,
1636083,,PETER LEONE linkedin,
1635279,,LORENDA WAHL linkedin,
1635873,,MYLES HARRIS linkedin,
1635737,,ROBERT HOLLY linkedin,
1636218,,ROBERT CIRILLO linkedin,
1635931,,JOSEPH KING linkedin,
1636121,,MARK KAY linkedin,
1636264,,BHADRESH SHAH linkedin,
1635545,,MICHAEL LEONARD linkedin,
1636164,,DAVE IANNONE linkedin,
1636441,,JILL BYERS linkedin,
1635966,,PAMELA DAVIS linkedin,
1636732,,Pamela Settlage linkedin,
1636495,,Anne Conway linkedin,
1636823,,CLIFTON KIRKSEY linkedin,
1636648,,PETER SCHEID linkedin,
1636327,,DANIEL THILL linkedin,
1636494,,Andrew Torto linkedin,
1636448,,KATHY CORRIGAN linkedin,
1636852,,PATRICK O'CONNOR linkedin,
1636527,,JERRY MCDONALD linkedin,
1636304,,KENNETH MILLER linkedin,
1636643,,TRACY TAYLOR linkedin,
1636550,,ELIZABETH KANNE linkedin,
1636654,,TIMOTHY COLEMAN linkedin,
1636786,,TIMOTHY STILB linkedin,
1636908,,Jenee Lister linkedin,
1636549,,JOHN RIVERS linkedin,
1637033,,BRETT ZIMMER linkedin,
1636828,,Brent Davis linkedin,
1636974,,BENNY VARON linkedin,
1637077,,HOWARD FISCHER linkedin,
1637314,,David Gregg linkedin,
1637292,,ALAN MOONEYHAM linkedin,
1637277,,JODI FINN linkedin,
1637209,,HILDRED BURCH linkedin,
1637059,,BARBARA STEPHEN linkedin,
1637336,,PATRICIA DAVIS linkedin,
1637017,,NEIL FERRENTINO linkedin,
1637227,,JOSEPH KELLY linkedin,
1637499,,HARRY JONES linkedin,
1636896,,JOHN SHUMSKI linkedin,
1637380,,LLOYD GRAHAM linkedin,
1637584,,JOHN BISCO linkedin,
1637517,,BILL VASILAKOS linkedin,
1637690,,MATTHEW SHANNAHAN linkedin,
1637389,,SCOTT FERGUSON linkedin,
1637719,,DAVID BEGLEY linkedin,
1637677,,KARIN MIKULA linkedin,
1637421,,ROBYN ZELLER linkedin,
1637848,,SAMUEL SROCHI linkedin,
1637567,,CARLISE SMITHBOONE linkedin,
1637825,,DANIEL HITCHCOCK linkedin,
1637756,,KEVIN WEST linkedin,
1637928,,Gussie Tate linkedin,
1637713,,PAUL SPERO linkedin,
1637856,,NICHOLAS ANTHONY linkedin,
1637927,,BEVERLY GUTHRIE linkedin,
1637902,,Donna Caron linkedin,
1637963,,HARRY VENEZIA linkedin,
1638035,,MICHAEL BIGGER linkedin,
1637332,,ROBIN RAY linkedin,
1638032,,David Cole linkedin,
1638130,,BRINTON MOTTO linkedin,
1637712,,KEN STEPHENS linkedin,
1637650,,GENE GRIFFIN linkedin,
1638507,,MATTHEW WALTER linkedin,
1638362,,DAVID PUTMAN linkedin,
1638478,,Anthony Del Prete linkedin,
1638111,,SALLY C VAIL linkedin,
1638710,,DAVID DUNAGAN linkedin,
1638416,,KEN WONG linkedin,
1638542,,STEPHEN DERRICK linkedin,
1637531,,GRACE JACCARINO linkedin,
1638729,,BRIAN PAGE linkedin,
1638727,,KEVIN RILEY linkedin,
1638762,,ROBERT LEACH linkedin,
1638702,,ALISSA QUINN linkedin,
1638887,,SHARON MILLER linkedin,
1638906,,JOHN VESSA linkedin,
1638777,,GREGORY JONES linkedin,
1638972,,MICHAEL WEGNER linkedin,
1638908,,RICHARD STEINBACH linkedin,
1638500,,Joseph Culhane linkedin,
1639245,,DENNIS CRISPIN linkedin,
1639052,,DEBORAH JENKINS linkedin,
1639180,,THOMAS MILLER linkedin,
1639111,,MARK REYNOLDS linkedin,
1637708,,MITCHELL MORER linkedin,
1639260,,Joseph Nenichka linkedin,
1639243,,KRAIG WOOD linkedin,
1639023,,LORI GROSS linkedin,
1638266,,DAVID MILLER linkedin,
1637780,,THOMAS FRYE linkedin,
1637951,,SAMANTHA PITTS linkedin,
1639553,,LINDA SMITH linkedin,
1639267,,Tracy Weaver linkedin,
1639378,,VINCENT GIOENI linkedin,
1639489,,KEITH MIRTO linkedin,
1639532,,SOPHIE STEVENS linkedin,
1639738,,REMU DELEON linkedin,
1638299,,WILLIAM GARRETT linkedin,
1639549,,MICHAEL JONES linkedin,
1639913,,ROBERT LOWENTHAL linkedin,
1639776,,EDDIE BRIGHAM linkedin,
1639919,,FRED HILL linkedin,
1639855,,KARA GOETZ linkedin,
1639702,,STEPHEN MURRAY linkedin,
1639976,,PAUL GILMAN linkedin,
1639939,,WILLIAM GILLMAN linkedin,
1640207,,C CREAN linkedin,
1640265,,Kenneth Yonkers linkedin,
1638901,,Stuart Bates linkedin,
1639030,,KEVIN QUINN linkedin,
1640438,,DANIEL BABIY linkedin,
1640400,,DAVIS RIEMAN linkedin,
1640234,,RANDA DAGHER linkedin,
1640795,,TIMOTHY TAYLOR linkedin,
1640634,,MARY GODDARD linkedin,
1640871,,NEAL KAYE linkedin,
1640160,,Timothy Dalton linkedin,
1639500,,ANTHONY FRAZIER linkedin,
1640931,,LISA POLLICK linkedin,
1639968,,JAMES WRENN linkedin,
1640913,,TAMARA PERRIN-PREUS linkedin,
1640838,,LELAND DOHMANN linkedin,
1637885,,CAROLYN THOMPSON linkedin,
1640670,,STEPHEN WHITMAN linkedin,
1641047,,LLOYD ZITOMER linkedin,
1639246,,MATTHEW DEWEESE linkedin,
1640885,,Lisa Green linkedin,
1641066,,David Furbee linkedin,
1640981,,ANN LUCCHESI linkedin,
1639268,,GEORGE OLLER linkedin,
1637865,,DUANE LUDEWIG linkedin,
1640956,,CULA SETTLERS linkedin,
1641184,,MICHAEL ASHLEY linkedin,
1641337,,DANIEL PAULSON linkedin,
1641101,,SCOTT LOHMAN linkedin,
1641281,,STEPHEN KANN linkedin,
1641250,,CHARLES GEERS linkedin,
1641368,,JAMES WATTS linkedin,
1641221,,PAMELA KENDALL RIJOS linkedin,
1641374,,JOHN BAXTER linkedin,
1641380,,THEODORE STURGES linkedin,
1641801,,RICHARD RAY linkedin,
1641129,,PAUL NIEH linkedin,
1641400,,RAYMOND GIBSON linkedin,
1641690,,KAREN KIGHT linkedin,
1641892,,MARK NEUBERGER linkedin,
1641763,,DONALD STOKES linkedin,
1641890,,JOHN MOORE linkedin,
16418,,ROBERT BECKER linkedin,
1642059,,CURTIS IRWIN linkedin,
1641345,,JUSTINE TOBIN linkedin,
1641906,,LISA REED linkedin,
1641909,,CAMERON SHELLEY linkedin,
1641590,,FRANK VADEN linkedin,
1641699,,SANDRA GARY linkedin,
1642190,,ROBERTA SMITH linkedin,
1641372,,TROY BENDER linkedin,
1642398,,RICHARD SOWELL linkedin,
1642165,,STEVEN FERRARINI linkedin,
1642120,,DAVID BOUDREAU linkedin,
1642255,,AMY LINGNER linkedin,
1641489,,PAUL RAYMOND linkedin,
1641397,,DEBORAH GERSELL linkedin,
1641903,,CHRISTOPHER PRAVECEK linkedin,
1642464,,Robert BLASER linkedin,
1642579,,ROBERT ROACH linkedin,
1642193,,RICHARD TIPTON linkedin,
1642508,,JAMES WINTERS linkedin,
1642334,,Bruce Sandry linkedin,
1642119,,THADDEUS KENNY linkedin,
1642502,,GREGG HEWS linkedin,
1642433,,DENNIS LANGE linkedin,
1642734,,DAVID NICHOLSON linkedin,
1642774,,KENNETH TARRANT linkedin,
1642961,,SIMON FISCHER linkedin,
1642127,,DEBORAH YORK linkedin,
1642713,,Reid Liebhaber linkedin,
1642211,,STEVEN TILLONA linkedin,
1642927,,PAUL MAIZES linkedin,
1642711,,MATTHEW JENNINGS linkedin,
1642448,,CLARENCE BOURNE linkedin,
1642990,,RICHARD OBRIEN linkedin,
1642851,,MARK SODERQUIST linkedin,
1642808,,CARLOS LABOY linkedin,
1643020,,BARB FISH linkedin,
1643099,,PEGGY THORLTON linkedin,
1643070,,PHILIP CRACCHIOLA linkedin,
1643362,,Edward Karels linkedin,
1643521,,MICHAEL COSTLE linkedin,
1643359,,JEANNIE SONSTEGARD linkedin,
1643501,,SUSAN PORTELLI linkedin,
1643356,,WENDY MACZKO linkedin,
1642606,,EILEEN PIECHOCKI linkedin,
1643621,,DENNIS VAILLANT linkedin,
1643600,,GREGORY CHONA linkedin,
1642708,,JAMES ZIDD linkedin,
1643218,,JOHN BURKHARDT linkedin,
1642827,,Donald Fortney linkedin,
1643660,,SUE CAPLAN linkedin,
1643715,,Robert Petrella linkedin,
1643009,,JANE HAND linkedin,
1643782,,GEORGE LIVINGSTON linkedin,
1643934,,Eloida Begley linkedin,
1643919,,CHRISTINE WONG linkedin,
1644099,,ANDREA TRUDEAU linkedin,
1643465,,JOHN PILEGGI linkedin,
1643768,,G WHITE linkedin,
1644199,,THOMAS WOOD linkedin,
1644292,,PATRICK CLIFFORD linkedin,
1644125,,JOHN RASIC linkedin,
1643121,,Christopher Polimeni linkedin,
1644062,,Denise Crispino linkedin,
1644359,,LESLIE FOX linkedin,
1643961,,LORAYNE FIORILLO linkedin,
1644332,,ANDREW JENNINGS linkedin,
1643211,,LAMY BRODHEAD-BUCK linkedin,
1644513,,STEVE RUIZ linkedin,
1644413,,KIRK EISCHEN linkedin,
1643624,,JAMES PALMICH linkedin,
1644439,,Billy Miller linkedin,
1644588,,FRANK PENN linkedin,
1644139,,STEPHEN LEE linkedin,
1643293,,JAMES QUINN linkedin,
1644659,,SCOTT CARTER linkedin,
1644445,,JAYSON HORNE linkedin,
1644665,,MEL MENDONCA linkedin,
1644709,,JOHN ENGLISH linkedin,
1644793,,GREGORY HERZOG linkedin,
1644695,,DARREL PRESTON linkedin,
1644941,,MICHAEL COHN linkedin,
1644710,,LISA CHIRICHILLO linkedin,
1644399,,Steven Poulson linkedin,
1644329,,JEROME TISSER linkedin,
1644561,,MARK RICHMAN linkedin,
1643881,,CYNTHIA THIBODAUX linkedin,
1644327,,ROBERT LAUX linkedin,
1645082,,JAY MEYER linkedin,
1645505,,STEVEN DELLAR linkedin,
1645473,,DAVID WENGER linkedin,
1644608,,MARTIN HAJEK linkedin,
1645585,,ELLIOT BENSON linkedin,
1644989,,MICHAEL HINES linkedin,
1644713,,JOHN NIMOCK linkedin,
1645407,,MICHAEL BIANCHI linkedin,
1645435,,BETH ZUCKER linkedin,
1645638,,FRANK LAVIN linkedin,
1645687,,VICTORIA Saad linkedin,
1644845,,MARK RULEMAN linkedin,
1644740,,MICHAEL BAGLEY linkedin,
1644813,,MICHAEL CAMPBELL linkedin,
1645613,,DAVID SMOLAREK linkedin,
1645856,,JAY HESDORFFER linkedin,
1645607,,TERRY SCHURMAN linkedin,
1645957,,KATHLEEN SHEEHAN linkedin,
1644849,,Michael Watson linkedin,
1645834,,MATTHEW BALDASSANO linkedin,
1645917,,GARY STAM linkedin,
1645743,,EMMETT NEWTON linkedin,
1645960,,HENRY SANTANA linkedin,
1645044,,DANA WALES linkedin,
1646236,,LEIGH PARKS linkedin,
1646057,,ANGELA BATES linkedin,
1644987,,MARGARET HENES linkedin,
1645982,,GEORGE GILMAN linkedin,
1646148,,BRADLEY LEWIS linkedin,
1646177,,CHRISTOPHER BREHM linkedin,
1646165,,Christopher Sakamaki linkedin,
1645215,,Joseph Carrington linkedin,
1645594,,WILLIAM KESSLER linkedin,
1646275,,GARRY KIRKLAND linkedin,
1646530,,MARY HOGUE linkedin,
1646377,,SANDY LESSER linkedin,
1646257,,STEVEN GUGGENHEIMER linkedin,
1646630,,SELINA SOO linkedin,
1646819,,A Hudson linkedin,
1646947,,JOSEPH CARNEY linkedin,
1646979,,RAJEEV PANDIT linkedin,
1646841,,TIMOTHY HYNES linkedin,
1647020,,Lawrence Kulenkamp linkedin,
1646826,,KEVIN DICKEY linkedin,
1647004,,TIMOTHY JOHNSON linkedin,
1645881,,ANDREW GOLDNER linkedin,
1647167,,GLORIA LANE linkedin,
1646442,,KEVIN BERRY linkedin,
1646499,,THOMAS VETRANO linkedin,
1646686,,THOMAS SANGIORGIO linkedin,
1647086,,CAROL FALCONE linkedin,
1646348,,Teresa White linkedin,
1647343,,RANDY BASTE linkedin,
1647239,,SUE SANDLIN-PLAEHN linkedin,
1647082,,ELIZABETH KULHAVY linkedin,
1647092,,VICKI MIDDLEBROOKS linkedin,
1646563,,DAVID ALDRIDGE linkedin,
1647332,,ERIC GASTON linkedin,
1647485,,LEO SYPHUS linkedin,
1647344,,MARK KASKEY linkedin,
1647503,,CLAUDE NESIS linkedin,
1647774,,Richard Sandman linkedin,
1647418,,KRISTINE CONN linkedin,
1648100,,JENNIFER SHIELDS linkedin,
1648021,,NANCY MURPHY linkedin,
1648006,,EILEEN CARRAHER linkedin,
1647488,,DOROTHY LANE linkedin,
1648404,,TONY MILES linkedin,
1648157,,JOHN MCNEILL linkedin,
1648677,,ROBERT CROTHERS linkedin,
1647930,,EDWARD REAMES linkedin,
1647881,,HAROLD HILL linkedin,
1648098,,LAURIANN DELAY linkedin,
1647686,,SCOTT KESSLER linkedin,
1648459,,BRENDA DONOHUE linkedin,
1648277,,PAUL BEIRNE linkedin,
1648887,,CLARA BROWN DEBRIE linkedin,
1648690,,CYNTHIA HANSON linkedin,
1648935,,JOHN RAUCH linkedin,
1648637,,CESAR BAEZ linkedin,
1648916,,Thomas Merkle linkedin,
1648808,,DANA RILEY linkedin,
1648946,,ROBERT CROCKETT linkedin,
1648972,,DENNIS JUNGLING linkedin,
1649018,,Lynn Petkus linkedin,
1649093,,BARBARA GILL linkedin,
1649028,,JOY BROWN linkedin,
1648804,,SCARLET LANDRY linkedin,
1649045,,MICHAEL A ROY linkedin,
1649115,,Thomas Fernandez linkedin,
1649124,,DONNA DELMAR linkedin,
1649163,,HORACE ADAIR linkedin,
1649191,,GARY MCCRUMMEN linkedin,
1649355,,BRIAN HEDLUND linkedin,
1649238,,BRENDA GAIDIS linkedin,
1649141,,Robin Hanover linkedin,
1649382,,COLLIN MCCRARY linkedin,
1649342,,JOSEPH FEIN linkedin,
1649472,,JERRY KEATON linkedin,
1649461,,BARRY SALUK linkedin,
1649435,,MARCIA TILLOTSON linkedin,
1649385,,RAYMOND RAPOZA linkedin,
1649689,,JOHN PIPER linkedin,
1649561,,DANIEL DAVIS linkedin,
1649679,,BONNIE MAUTE linkedin,
1649562,,GREGORY HOGENSEN linkedin,
1649717,,Charles Frieler linkedin,
1647769,,PHILIP EVANS linkedin,
1649604,,BRADLEY FORD linkedin,
1649729,,ERIC TEGROOTENHUIS linkedin,
1649789,,RORY COSTELLO linkedin,
1649898,,SARA CLEMMER linkedin,
1649931,,CATHY TODD linkedin,
1649913,,WILLIAM MCLAUGHLIN linkedin,
1649882,,PATRICIA WATTS linkedin,
1649755,,RICHARD SHARP linkedin,
1649832,,PHILIP FULCO linkedin,
1650142,,VINCENT FOSTER linkedin,
1650283,,MARY HOPPA linkedin,
1649883,,Scott Simon linkedin,
1648625,,JOANNE ALAIMO linkedin,
1650381,,WILLIAM REIMOLD linkedin,
1649750,,RUBEN CORONADO linkedin,
1649940,,Christopher Pujols linkedin,
1650305,,JOSEPH HEMSLEY linkedin,
1650430,,TED SNOW linkedin,
1650079,,HEATHER MCKINNEY linkedin,
1650454,,DONNA FOSDICK-BAUMANN linkedin,
1650493,,MELISSA SWAYNE linkedin,
1650664,,Gregory Antolini linkedin,
1650563,,JONATHON SANNING linkedin,
1650544,,ERIK DAHLBERG linkedin,
1650399,,CHERYL BROWN linkedin,
1650130,,WILLIAM TAYLOR linkedin,
1648995,,JENNIFER BARON linkedin,
1650524,,LAURIE ROSE linkedin,
1650593,,JAMES DAVIS linkedin,
1651072,,CHRISTOPHER KEENE linkedin,
1650502,,MARK GOGGIN linkedin,
1649830,,Mark Goldman linkedin,
1650556,,Susan Izyk linkedin,
1650853,,STEVE SOLANO linkedin,
1651189,,LOUIS DENKOVIC linkedin,
1651287,,LEANNE WOODARD linkedin,
1651148,,Daniel Shapiro linkedin,
1650384,,BRADLEY HANSEN linkedin,
1651235,,MICHAEL VERHALEN linkedin,
1651154,,SHAWN ONEAL linkedin,
1650818,,WILLIAM DUKELOW linkedin,
1651356,,DAVID FRANCIS linkedin,
1651364,,ALAN LARSON linkedin,
1651636,,FREDRICK KELLEY linkedin,
1651668,,MICHAEL LISI linkedin,
1651698,,JAMES ANASTASIA linkedin,
1651501,,SCOTT DEWHURST linkedin,
1650618,,MICHAEL WINN linkedin,
1651259,,THEODORE MEHLMAN linkedin,
1651245,,JOEL QUECK linkedin,
1651973,,FRANK GUIDI linkedin,
1651844,,ROGER BELL linkedin,
1651891,,LOURDES ALEMANY PONS linkedin,
1651500,,SANDRA GALDIERI KOSIBA linkedin,
1651593,,JOHN ROTH linkedin,
1651758,,KEVIN KOHLER linkedin,
1651751,,FERDINAND RUPLIN linkedin,
1651527,,DAWN CASTRO linkedin,
1652094,,TONYA DOUGLAS linkedin,
1650959,,DOUGLAS RUBY linkedin,
1652208,,ANDREW LAZAR linkedin,
1652016,,JOHN GOGOLAK linkedin,
1651588,,RICKEY ROGGE linkedin,
1652146,,NORA PETTINGER linkedin,
1652470,,STAN SEAL linkedin,
1652257,,Michael Doshier linkedin,
1652397,,RICHARD DONATELLI linkedin,
1652520,,JOHN BRIENZA linkedin,
1652015,,BRADLEY TOWERS linkedin,
1652241,,JAY WEINBERG linkedin,
1652436,,WILLIAM HOLLAND linkedin,
1652555,,DAVID CAPO linkedin,
1652674,,IRENE KOGAN linkedin,
1652439,,STEVEN HARSH linkedin,
1651757,,STEPHEN CHOMANICS linkedin,
1652733,,JENNIFER GOMEZ linkedin,
1652560,,JOSEPH DOBBS linkedin,
1651990,,ISABELLA GRIFFIN linkedin,
1652037,,Michael Meyers linkedin,
1652601,,DAVID KIWAIKO linkedin,
1652677,,RICHARD SCHOBER linkedin,
1652632,,BRIAN KENT linkedin,
1652767,,Darryl English linkedin,
1652129,,RANDAL DAME linkedin,
1652899,,KIMBERLY MCKOWN linkedin,
1652770,,ARTA VITOLO linkedin,
1652700,,BARBARA PINAIRE linkedin,
1652808,,BOYCE SMITH linkedin,
1653062,,ROBERT KENNY linkedin,
1652897,,EUGENE SAULIBIO linkedin,
1652932,,JAMES PANTER linkedin,
1652975,,KAREN GRAY linkedin,
1653230,,ANTONIO BOLADO linkedin,
1653281,,Terry Toth linkedin,
1653306,,Nicholas Ricciardi linkedin,
1653050,,JOHN VILARDO linkedin,
1653321,,CATHY YANCE linkedin,
1653021,,PETER MILLER linkedin,
1653197,,LESLIE CRILLEY linkedin,
1653046,,Steven Sanchez linkedin,
1653576,,GARY SEYBOLD linkedin,
1653403,,MARVIN CONRAD linkedin,
1652991,,Dick Thompson linkedin,
1653410,,CHARLES GROSBY linkedin,
1653065,,DIANE DIBLASI linkedin,
1653507,,SCOTT BERN linkedin,
1653406,,STEVE GOTT linkedin,
1653726,,PHILIP OCHS linkedin,
1653343,,RICHARD STEWART linkedin,
1653733,,EDWARD FOWLER linkedin,
1653377,,Elpidio Parra linkedin,
1653773,,HARRY BALD linkedin,
1653819,,KRUPESH PATEL linkedin,
1653641,,KEITH HOLMGREN linkedin,
1654114,,MARCELLINE KLESTIL linkedin,
1653850,,RICHARD HOLDEN linkedin,
1654207,,JONATHAN LEON linkedin,
1654091,,ROY LOWER linkedin,
1653614,,STEVEN RICHMOND linkedin,
1654019,,HAROLD CONNOLLY linkedin,
1653658,,WILLIAM MORRIS linkedin,
1654158,,IRENE BRACKENRIDGE linkedin,
1653948,,TAMMY FRANK linkedin,
1654134,,ROBERT MOORE linkedin,
1654511,,Keith Nunokawa linkedin,
1654456,,ALICIA CARTER linkedin,
1654510,,NOLAN BAIRD linkedin,
1654246,,ANTONIO CAMEJO linkedin,
1654537,,Sally Batalion linkedin,
1654533,,DAVID BERMAN linkedin,
1654033,,ROBERT VIRDEN linkedin,
1654049,,KIRK KINSMAN linkedin,
1654635,,CAROLE RICCI linkedin,
1654161,,JAMES POWERS linkedin,
1654579,,Daniel De Meyer linkedin,
1654845,,GEORGE TASOLIDES linkedin,
1654989,,TRACY MURDOCK linkedin,
1654475,,EDUARD KRAKER linkedin,
1655034,,LAWRENCE ZELIN linkedin,
1654344,,WILLIAM NICHIE linkedin,
1654590,,LISA CROYLE linkedin,
1654391,,KENNAN LOW linkedin,
1655148,,MARC STANDIG linkedin,
1655295,,ALBERT UTANO linkedin,
1654953,,PATRICK SHEA linkedin,
1655729,,HEIDI RAINE linkedin,
1655242,,G DIDDEL linkedin,
1655217,,GREGORY STACY linkedin,
1655041,,CYNTHIA HOLDER linkedin,
1655960,,JEFFREY SAEF linkedin,
1655990,,DEBRA BOND linkedin,
1655336,,EMMETT BARRY linkedin,
1655999,,GWENDOLYN YU linkedin,
1655391,,RICHARD FOSTER linkedin,
1655283,,ANTHONY MAUCERI linkedin,
1655190,,DOUGLAS GARBAN linkedin,
1656155,,WINTHROP STITES linkedin,
1655908,,JEFFREY MUMMA linkedin,
1656154,,PATRICK TOBIN linkedin,
1656347,,FRANK GAVEL linkedin,
1655831,,Todd Geismann linkedin,
1656506,,BLAISE GUZZETTA linkedin,
1656682,,MARGARET WEAVER linkedin,
1656662,,JONATHEN ZAUDERER linkedin,
1656728,,TERESA BRACCI linkedin,
1656643,,Jo Pontius linkedin,
1655937,,JAMES OCONNOR linkedin,
1656879,,JAN ZAHN linkedin,
1656237,,PAUL GIGLIO linkedin,
1656589,,DAVID MAYO linkedin,
1656577,,ELLIS TITMAS linkedin,
1656463,,Andrea Harris linkedin,
1656960,,MICHAEL REGAN linkedin,
1656671,,DAVID TETSCHLAG linkedin,
1656697,,ROBERT TIPP linkedin,
1656912,,KELLY LANE linkedin,
1656046,,MARK TECOTZKY linkedin,
1656787,,ROBERT CALLAHAN linkedin,
1657060,,GARY GULLO linkedin,
1657217,,ROSEMARY ARUANNO linkedin,
1657257,,DANIEL GREENWOOD linkedin,
1656758,,JACK WEGH linkedin,
1656649,,RICHARD TRAVIS linkedin,
1656688,,JOHN WONG linkedin,
1657067,,DAWNN LONE linkedin,
1657253,,JAMES GIVEN linkedin,
1657415,,SALLY MCCORMICK linkedin,
1657380,,MARK DROUILLARD linkedin,
1656995,,JOHN TERRY linkedin,
1657458,,BRIAN HILLBERRY linkedin,
1657469,,JOHN HICKS linkedin,
1657262,,CHRISTOPHER O'MARA linkedin,
1657378,,SHANNON VITALE linkedin,
1657838,,JOAN VESCE linkedin,
1657653,,Craig Quinlan linkedin,
1657070,,MICHAEL ELIAS linkedin,
1657603,,DAVID DERANEY linkedin,
1657888,,LESLEY NORELLI linkedin,
1657395,,SALINDA NOWELL linkedin,
1657398,,Christopher Mc Crossan linkedin,
1658094,,MICHAEL SIEGEL linkedin,
1658199,,EDWARD HOLCOMB linkedin,
1658264,,JOHN ROGERS linkedin,
1658146,,GARY CAMPBELL linkedin,
1658167,,DEBRA FENTON linkedin,
1658520,,CHARLES LISKA linkedin,
1658235,,RAND PASH linkedin,
1658595,,KIMBERLY AMEND linkedin,
1658524,,DEBBY SIEB linkedin,
1656850,,DHUANE STEPHENS linkedin,
1658661,,Vincent Polidori linkedin,
1658451,,GARY SULASKI linkedin,
1658635,,PATRICIA CEBALLOS linkedin,
1658452,,JOHN CONWAY linkedin,
1658296,,DAVID ODELL linkedin,
1658625,,DAVID PONDER linkedin,
1658670,,STRATIS ZAFERIOU linkedin,
1658629,,LUCINDA Alcott linkedin,
1658382,,KEVIN VESEY linkedin,
1659251,,ROBERT LEPA linkedin,
1658888,,BRADLEY PIETILA linkedin,
1659107,,Jonathan Taylor linkedin,
1659215,,KEVIN ROBERTSON linkedin,
1659049,,ROBERT GEIGER linkedin,
1659254,,ASHA JAIN linkedin,
1658988,,BRYAN POLLACK linkedin,
1659161,,JAMES OLSON linkedin,
1659372,,JEFFREY HAHN linkedin,
1659258,,ARTHUR FALKOWITZ linkedin,
1658265,,Ted Abenstein linkedin,
1659497,,NORMAN PELLETIER linkedin,
1659399,,CHARLES CHURCHILL linkedin,
1659391,,CURT ALLEN linkedin,
1659685,,JOHN HILL linkedin,
1659428,,MARK MIROCCO linkedin,
1659704,,Robert Torrie linkedin,
1659412,,JAMES BISHOP linkedin,
1659677,,WAYNE WULF linkedin,
1659513,,BRYAN VANAS linkedin,
1659840,,DONALD GARVES linkedin,
1659832,,Terry Whitmore linkedin,
1659408,,SHIH-HUA LIU linkedin,
1657540,,ROBERT STEVENISH linkedin,
1659915,,MARTIN ENRIQUEZ linkedin,
1659955,,KENNETH MURPHY linkedin,
1660104,,MARIA NODAR linkedin,
1660266,,CHERYL LANGDON linkedin,
1658809,,LOUIS VENTURELLI linkedin,
1660055,,DANIEL GORDON linkedin,
1658885,,ROBERT RICCA linkedin,
1659386,,SANDRA SEABORG linkedin,
1660165,,JOHN CARR linkedin,
1659813,,PETER RAO linkedin,
1659810,,JAMES GOETZ linkedin,
1659875,,Martin Merisko linkedin,
1659242,,JOHN KINZER linkedin,
1660330,,PATRICIA NAPOLITANO linkedin,
1660358,,CELESTINA CURIEL-ROBB linkedin,
1659917,,WILLIAM DARBY linkedin,
1658155,,CHARLES CATALANOTTO linkedin,
1659966,,SUSAN GRAHAM linkedin,
1660537,,DENA DEBENEDETTI linkedin,
1660607,,Troy McCormick linkedin,
1660476,,RAYMOND DODSON linkedin,
1660446,,MARY GRECO linkedin,
1660843,,CLIFFORD GOULD linkedin,
1660622,,RICHARD ROHR linkedin,
1660751,,Gregory Welsh linkedin,
1660725,,ANDREW MAC LAREN linkedin,
1660729,,MICHAEL HALL linkedin,
1659717,,JOHN LEE linkedin,
1660678,,JOHN PARISI linkedin,
1660862,,THOMAS BALCH linkedin,
1660996,,BRIAN RENER linkedin,
1660868,,Ronald DeFeo linkedin,
1661099,,JOSEPH DALTON linkedin,
1660966,,KEVIN GROW linkedin,
1660564,,MATTHEW KOCH linkedin,
1661056,,Jeffrey Russo linkedin,
1661097,,MARGARET GANNON linkedin,
1661092,,MICHAEL FEY linkedin,
1660877,,DANIEL WAGNER linkedin,
1661194,,PHILIP CURRAN linkedin,
1661017,,THOMAS NEELY linkedin,
1660514,,STEVEN BINDER linkedin,
1661336,,DANNY WOODALL linkedin,
1661536,,STEVEN G TRIMBLE linkedin,
1661367,,MICHAEL BAILEY linkedin,
1661105,,RONALD BARDINE linkedin,
1660849,,JOSEPH PICHE linkedin,
1661401,,JESSICA TEEL linkedin,
1661580,,RICHARD CRUISE linkedin,
1661001,,DOUGLAS WHITE linkedin,
1660845,,GLEN ELLIS linkedin,
1660677,,RANDALL DALY linkedin,
1658322,,GENE DICKEY linkedin,
1661660,,RANDALL SMITH linkedin,
1661664,,SUSAN STOREY linkedin,
1661663,,STEVEN NORDBECK linkedin,
1660257,,ROBERT ENGEL linkedin,
1662157,,CHRISTOPHER CHILES linkedin,
1661697,,JOHN GISOLFI linkedin,
1661935,,PATRICK SULLIVAN linkedin,
1661927,,EZIO ROSS linkedin,
1661366,,D HANNINK linkedin,
1661585,,JOSEPH GUARNERI linkedin,
1661845,,Molly Kiefer linkedin,
1661549,,THOMAS CARNS linkedin,
1661975,,David Grabner linkedin,
1661362,,JAMES KEYSER linkedin,
1662186,,MAURICE STOUSE linkedin,
1661568,,PHILLIP RINI linkedin,
1662024,,NANCY DUNN linkedin,
1661588,,Andrew Larkin linkedin,
1660592,,DAVID FONG linkedin,
1662674,,Brad Sewell linkedin,
1662306,,JOHN ROGAN linkedin,
1662544,,KENNETH GULA linkedin,
1662689,,JEFFREY ROACH linkedin,
1662343,,JAMES KING linkedin,
1662173,,DEBORAH BONHAM linkedin,
1662559,,LYNN FERRAINA linkedin,
1662371,,John Van Selow linkedin,
1662420,,SALVADOR ELIZONDO linkedin,
1663019,,ROBERT HANGAN linkedin,
1662788,,JOHN THOMPSON linkedin,
1662171,,JOY BITTNER linkedin,
1662755,,WALTER WEBB linkedin,
1663104,,LAWRENCE OLSON linkedin,
1662036,,BRAD YOUNG linkedin,
1662785,,MICHAEL ZELLERMAYER linkedin,
1663247,,MARYANN BONNET linkedin,
1663069,,TERRY NIEDFELDT linkedin,
1663240,,TONI CARLO linkedin,
1663409,,JAMES MEDLOCK linkedin,
1662939,,James Coleman linkedin,
1662230,,Anthony Bruno linkedin,
1663446,,EDWARD FOLSOM linkedin,
1663196,,MICHAEL THACKER linkedin,
1663511,,JANEAN STRIPE linkedin,
1663540,,OMAR LOZANO linkedin,
1663524,,THOMAS PRICE linkedin,
1663502,,MICHAEL RINALDO linkedin,
1663022,,ANN ENNIS linkedin,
1663752,,JEFFREY GERSON linkedin,
1662764,,Benjamin Reeves linkedin,
1662194,,ROBERT WANDS linkedin,
1663644,,Brian Duttera linkedin,
1663785,,JANINE MCCOY linkedin,
1663810,,ROBERT RAUF linkedin,
1663838,,William Farrell linkedin,
1663936,,MARCO CASALE linkedin,
1663830,,PAUL CAAN linkedin,
1663927,,TIMOTHY STALEY linkedin,
1663820,,THOMAS BAER linkedin,
1664138,,SIDNEY STECH linkedin,
1663961,,JAYSON WALKER linkedin,
1663547,,TERESA MORRIS linkedin,
1663495,,JAMES COTTO linkedin,
1664043,,CRAIG BLOOM linkedin,
1664515,,Julie Sharnowski linkedin,
1664152,,MICHAEL PETROS linkedin,
1663938,,JAY GOFFMAN linkedin,
1663979,,Terrence McCabe linkedin,
1664589,,DANNY PENNINGTON linkedin,
1663287,,SAMUEL HOFER linkedin,
1664216,,MICHAEL DREWS linkedin,
1664405,,WILLIAM FLYNN linkedin,
1664560,,SCOTT GARFINKEL linkedin,
1663572,,MARK MILES linkedin,
1664689,,JOHN REUTER linkedin,
1663982,,ALAN FIELDS linkedin,
1664003,,JOHN CARTER linkedin,
1665160,,JONATHAN KIRN linkedin,
1664602,,Holly Nichols linkedin,
1665312,,JOHN RICKETTS linkedin,
1664606,,TERRY BROUGH linkedin,
1664838,,JOHN BARATTA JR linkedin,
1664654,,DAN SINGLETARY linkedin,
1664697,,MICHAEL NEWTON linkedin,
1665316,,FRED BEAR linkedin,
1665229,,SARAH MUELLER linkedin,
1664996,,FRED KETTLER linkedin,
1663918,,THOMAS EASTERLING linkedin,
1664678,,JOHN PURCELL linkedin,
1665401,,ROBERT FEENEY linkedin,
1665279,,WAYNE COY linkedin,
1665972,,HAROLD MCLEOD linkedin,
1665909,,ROGER PRENTA linkedin,
1665695,,CHRISTOPHER KULUSIC linkedin,
1665523,,John Francis Raisley linkedin,
1666063,,ELLY CHAN linkedin,
1664097,,DAVID TIMMONS linkedin,
1665428,,JOSEPH DEPIETRO linkedin,
1666065,,ERSKINE COURTENAY linkedin,
1665741,,JOEL LUCCHESE linkedin,
1665726,,RONALD PURPORA linkedin,
1666210,,Jonathan Simpson linkedin,
1665399,,Todd Fanning linkedin,
1666291,,REBECCA ROTHSTEIN linkedin,
1666214,,PETER FORBES linkedin,
1666263,,CAROL RICHARDS linkedin,
1666402,,KATHERINE SIINO linkedin,
1666274,,Philip Gottlick linkedin,
1665553,,SHERRY THURMON linkedin,
1665935,,Susan Sutherland linkedin,
1666121,,PAULA KIPP linkedin,
1665457,,JOEL MOORE linkedin,
1666311,,CHARLES COLLINS linkedin,
1666355,,ALFRED MCKEON linkedin,
1666362,,BERNARD OBRIEN linkedin,
1664600,,MARK TULLEY linkedin,
1666545,,MARY HAYES linkedin,
1666829,,EDWARD GIANGIORGI linkedin,
1666328,,WILLIAM HUGHES linkedin,
1666475,,BRIAN HEAPPS linkedin,
1666651,,Claire Eller linkedin,
1666576,,RANDALL KERNS linkedin,
1666511,,DANIEL HEINI linkedin,
1666647,,MARLENE FOWLER linkedin,
1666547,,VICTOR CHIGAS linkedin,
1666707,,JAMES KELLY linkedin,
1666801,,STEVEN SOSNICK linkedin,
1666908,,GREGORY COLLINS linkedin,
1666573,,JAMES STOKES linkedin,
1667067,,SIEGFRIED VON BONIN linkedin,
1666467,,BRIAN WEAVER linkedin,
1666856,,GREGORY WOODS linkedin,
1666961,,Lisa Theys linkedin,
1666990,,JUAN MAYOL linkedin,
1666609,,LUKE LEE linkedin,
1667273,,Sherrie Keylon linkedin,
1667369,,VICKI REDHOUSE linkedin,
1667159,,Thomas Goodrick linkedin,
1667075,,GEORGE HUGGINS linkedin,
1667478,,CATHERINE PETERS linkedin,
1667871,,JOHN HEXAMER linkedin,
1667025,,TIMOTHY MURPHREY linkedin,
1667555,,MARK MATHEWSON linkedin,
1667297,,Er'rynne Comstock linkedin,
1667941,,DAVID BATE linkedin,
1667106,,SCOTT PRICE linkedin,
1667817,,MARK KELLEY linkedin,
1667715,,Richard Donovan linkedin,
1667471,,JOSEPH HANNA linkedin,
1668108,,EILEEN TIEFENTHALER linkedin,
1668203,,Gregory Weigum linkedin,
1666379,,EILEEN SCHUNKE linkedin,
1668089,,JOHN GOSHEN linkedin,
1667978,,DONALD BROWN linkedin,
1668335,,DAVID TRELA linkedin,
1668369,,KURT KRIESER linkedin,
1668377,,VICTOR COLLINS linkedin,
1668187,,John Rasulo linkedin,
1668408,,REGINALD FENNELL linkedin,
1668393,,PAUL FOLKERS linkedin,
1668469,,AMY MAURER linkedin,
1668161,,CYNTHIA FIREY linkedin,
1668488,,JONATHAN PHAN linkedin,
1668493,,EMILE KOURY linkedin,
1668221,,LADONNA GIACHINO linkedin,
1668492,,BARRY ELLER linkedin,
1668502,,JUDITH GORDON linkedin,
1668747,,SHEILY ARROYO linkedin,
1668763,,PETER WALSH linkedin,
1668790,,MICHAEL KEADY linkedin,
1668809,,NATALIE YAKSICK linkedin,
1668821,,Leo Thomas linkedin,
1668608,,Luis Astudillo linkedin,
1668897,,MAUREEN BELLOTTI linkedin,
1668898,,THADDEUS MOLAND linkedin,
1668992,,PHILIP BADALAMENTI linkedin,
1668197,,THOMAS UNGER linkedin,
1669173,,RICHARD ADAIR linkedin,
1669057,,VERMA BLAND linkedin,
1669039,,CYNTHIA BESEK linkedin,
1668503,,Mamie Lai linkedin,
1668993,,CARLA LESLIE linkedin,
1669290,,JOSEPH NAWROCKI linkedin,
1669224,,DANIEL MEYERS linkedin,
1667688,,JOHN ROMANO linkedin,
1669356,,TAKAHIRO YOSHIKAWA linkedin,
1669686,,STEPHEN CARR linkedin,
1669722,,EVERETT GODSEY linkedin,
1669360,,DEAN TOFUKUJI linkedin,
1669709,,ALLAN BATES linkedin,
1669731,,JAMES RATLIFF linkedin,
1667114,,MARTIN STECK linkedin,
1669936,,Steven Grill linkedin,
1669910,,DAVID ABRAMS linkedin,
1669855,,KENNETH CLISHAM linkedin,
1667466,,SHERRY PARKER linkedin,
1669840,,JAMES RITTER linkedin,
1667227,,BRIAN HUNGERFORD linkedin,
1669869,,John Mauro linkedin,
1670067,,LAURENCE EPSTEIN linkedin,
1667177,,SCOTT ANDERSON linkedin,
1669947,,JOHN RIZZO linkedin,
1670098,,John Newbanks linkedin,
1668072,,Stacey Lee linkedin,
1669984,,JAMES COMBIAS linkedin,
1670101,,BARBARA BOYD linkedin,
1670275,,DANIEL DONOHUE linkedin,
1668860,,DAVID LOVEN linkedin,
1669211,,CAROLYN STINSON WASHINGTON linkedin,
1670332,,JONATHAN ROGOL linkedin,
1667931,,RICHARD BAER linkedin,
1670390,,NICHOLAS HOWARD linkedin,
1670200,,JOEL NAYLOR linkedin,
1670612,,ROBERTO REZA linkedin,
1670675,,CHRISTOPHER COLLINS linkedin,
1670405,,GREGG BURRELL linkedin,
1670584,,VIRGINIA COX linkedin,
1670664,,THOMAS HERBERT linkedin,
1670769,,WILLIAM LO linkedin,
1670744,,JUDITH MOHR linkedin,
1670765,,JOSEPH PAPPA linkedin,
1670825,,THOMAS BLANCHFIELD linkedin,
1669836,,WILLIAM MARTIN linkedin,
1669772,,JAMES LEBZELTER linkedin,
1670728,,ROBERT BURNS linkedin,
1670929,,JOAN MARRON linkedin,
1671021,,JOHN MEGYESI linkedin,
1671127,,JONATHAN WOODS linkedin,
1671244,,STUART WINFREE linkedin,
1671332,,MARY NAUMANN linkedin,
1670473,,JOHN FARLEY linkedin,
1671218,,CHRISTOPHER MARTINO linkedin,
1670324,,RENA MAY linkedin,
1669942,,DUNCAN RIEFLER linkedin,
1670889,,MARVIN GRIFFITH linkedin,
1670927,,MICHAEL WILDISH linkedin,
1671336,,ROBERT BEHUNIN linkedin,
1670353,,Peggy Pinkerton linkedin,
1671480,,KENNETH KIRSCH linkedin,
1671432,,AMY CHIPMAN linkedin,
1670898,,ERROL PACHECO linkedin,
1671083,,SAMUEL PRICE linkedin,
1670674,,THOMAS RAY linkedin,
1671495,,KELLIE THOMPSON linkedin,
1671258,,Phillip Hettich linkedin,
1671610,,Mark Celentano linkedin,
1671719,,CRAIG SHERE linkedin,
1670732,,DEBBIE PROLOGO linkedin,
1671838,,FRANK VOLKERS linkedin,
1672078,,JITENDRA INAMDAR linkedin,
1671869,,DAVID RAYMOND linkedin,
1671042,,RICHARD RANONE linkedin,
1672224,,ROBERT GOLD linkedin,
1671568,,DEBORAH DELUCA linkedin,
1672278,,THOMAS MICHAUD linkedin,
1671420,,OWEN TODD linkedin,
1672321,,JOHN KENNIS linkedin,
1672320,,GREGORY ROTH linkedin,
1672427,,KATHLEEN ROESER linkedin,
1672379,,JOHN HUNT linkedin,
1671612,,MICHELLE GRAVELLE linkedin,
1670782,,CINDY MEDRIC-DUCORE linkedin,
1672082,,DAVID ZANNINO linkedin,
1672753,,JENNIFER MORGAN linkedin,
1672507,,Antonio Fusco linkedin,
1672679,,KATHY WILLCOX linkedin,
1672745,,GARY CROUCH linkedin,
1672941,,Peter McManus linkedin,
1672773,,CHARLES SERGEWICK linkedin,
1672889,,HECTOR LAFFITTE-ROSSY linkedin,
1672841,,JOHN BELLO linkedin,
1671656,,TIMOTHY DAVENPORT linkedin,
1673071,,SALVATORE RIOS linkedin,
1673076,,Hunter Mills linkedin,
1673204,,STACEY JUDD linkedin,
1673149,,James Atkinson linkedin,
1673101,,JANE CARMODY linkedin,
1673048,,AULTON ODELL linkedin,
1673284,,RONALD DENOVA linkedin,
1673121,,MICHAEL CULLINANE linkedin,
1671407,,DEAN PAPPAS linkedin,
1672867,,LAWRENCE LEITCH linkedin,
1673259,,LINDA YOUNG linkedin,
1673088,,DOUGLAS ELLMAN linkedin,
1672829,,MARY GOON linkedin,
1673122,,DANIEL HUBBARD linkedin,
1672625,,STEVEN BUTTERFIELD linkedin,
1673417,,ALFRED CRAKE linkedin,
1673424,,CARL LANZA linkedin,
1673338,,MELISSA KORZENOWSKI linkedin,
1673391,,TONY NERANTZIS linkedin,
1673529,,ROBERT LIPMAN linkedin,
1673431,,JEFFERY BIRD linkedin,
1673462,,DANIEL GUENTHER linkedin,
1673485,,JERALD RUBIN linkedin,
1673420,,Josephine Noto linkedin,
1673483,,PAUL PENDORF linkedin,
1673373,,FRANK POLK linkedin,
1673290,,Jose Varughese linkedin,
1673442,,Brian Enright linkedin,
1673698,,Scott Walker linkedin,
1673630,,ELZABETH LEMON linkedin,
1673631,,PAUL HORNING linkedin,
1673810,,RANDALL BEIL linkedin,
1673654,,NANCY BASEL linkedin,
1673702,,TIMOTHY CROAK linkedin,
1672114,,Conan Porter linkedin,
1673933,,DAVID SCRIBNER linkedin,
1673704,,RONALD LENIHAN linkedin,
1674026,,Mary Kiyonaga DiGiacomo linkedin,
1674187,,LISA STEPPE linkedin,
1674115,,JEROME O'REILLY linkedin,
1674277,,ANN CONRY linkedin,
1674220,,TRACY DUCKWORTH linkedin,
1674016,,PATTY HANNA linkedin,
1674060,,GAIL HILL linkedin,
1673689,,GREGORY DAVIS linkedin,
1674141,,CAROLYN CAFFEE linkedin,
1674124,,JEFFREY DRAPALA linkedin,
1672103,,HELEN COOK linkedin,
1674444,,GRANT CRANE linkedin,
1674491,,ALAA HAKKI linkedin,
1674426,,JAMES SCHMIDT linkedin,
1674061,,John Mannara linkedin,
1674570,,DOUGLAS KAISER linkedin,
1674581,,DAVID JONES linkedin,
1674072,,MARYGRACE GUASTELLA linkedin,
1674810,,DALE KAHN linkedin,
1674885,,PETER SARLE linkedin,
1674468,,Patrick Essian linkedin,
1672992,,GERALD GOLDMANN linkedin,
1674646,,Marijane Uehlinger linkedin,
1673098,,THOMAS RUSSELL linkedin,
1674702,,CHRISTOPHER FALCONER linkedin,
1674924,,AUGUST DAVINO linkedin,
1674789,,ERNEST GUERRIERO linkedin,
1674662,,BRADLEY SALO linkedin,
1674908,,CHRISTOPHER REILLY linkedin,
1674997,,SHONIC LEE linkedin,
1674894,,MARTIN WALSH linkedin,
1674827,,JOSEPH VEIGA linkedin,
1674881,,BRIAN WALL linkedin,
1675129,,ELENA BIANCHI linkedin,
1675101,,WILLIAM BRADLEY linkedin,
1675100,,NANCY PYZEL linkedin,
1675127,,RALEIGH HORNE linkedin,
1674966,,GERARD HOFFMAN linkedin,
1675005,,JOHN SARLE linkedin,
1674961,,MICHAEL FILOMENO linkedin,
1675140,,EMMA HODGSON linkedin,
1674960,,ANTHONY CUTINELLA linkedin,
1673651,,JONATHAN ZUCKER linkedin,
1674868,,DOUGLAS TAYLOR linkedin,
1675151,,DEAN WILSON linkedin,
1675152,,GLENDA ANDERSON linkedin,
1675255,,Albert Grilli linkedin,
1675092,,PAMELA STONER linkedin,
1675348,,LINWOOD GEHRIS linkedin,
1675179,,WILLIE DUNMORE linkedin,
1675153,,CAROL DOHR linkedin,
1675382,,LEIGH MANNIX linkedin,
1675581,,DAVID OBST linkedin,
1675575,,THOMAS PALASITS linkedin,
1675184,,FREDERICK FIDDLE linkedin,
1674837,,STEVEN PRESTYLY linkedin,
1675022,,Jonathan Cunningham linkedin,
1675338,,ROBERT GILCHRIST linkedin,
1675472,,JAMES BIANCO linkedin,
1675358,,WILLIAM DUNN linkedin,
1675799,,Martin McGinley linkedin,
1675445,,ROBERT AXELROD linkedin,
1676055,,VIJAY KANE linkedin,
1675683,,Michael McLoughlin linkedin,
1675884,,ROBERT GORMAN linkedin,
1675957,,JOHN TANNER linkedin,
1675647,,STEVEN KENGER linkedin,
1676013,,JOSEPH SHEEHAN linkedin,
1675859,,DUANE NICOLAU linkedin,
1675259,,TED KELLY SMITH linkedin,
1675003,,SHAUN LAWRENCE linkedin,
1676045,,ROMMEL BAKER linkedin,
1676028,,Charles Konrade linkedin,
1676169,,PAUL JOYCE linkedin,
1676069,,JOEL TANNEBAUM linkedin,
1675389,,THOMAS DIRCKS linkedin,
1676082,,DEBRA COSGRAVE linkedin,
1676215,,ROARK GOVER linkedin,
1676250,,ARTHUR QUINTERO linkedin,
1676126,,DARRYL VISOCKY linkedin,
1675726,,MICHAEL FITZSIMMONS linkedin,
1676269,,KEITH BECKER linkedin,
1676238,,BRIAN QUATRALE linkedin,
1675564,,KELLY LOVE linkedin,
1676275,,MICHAEL GIACONE linkedin,
1676453,,CHRIS GESTON linkedin,
1676529,,MARK TILLMAN linkedin,
1676281,,GREGORY WEIS linkedin,
1676474,,MICHAEL DUNNE linkedin,
1675909,,Lloyd Davis linkedin,
1676790,,ROSANNE GENTILE linkedin,
1676639,,Jonathan Wakefield linkedin,
1676882,,CHRISTOPHER STULB linkedin,
1676818,,CATHERINE VILLA linkedin,
1676350,,EVAN FINKELSTEIN linkedin,
1676608,,RAFAEL LOPEZ linkedin,
1676430,,ALFONSO TROIANELLO linkedin,
1676682,,JEFFREY LAZAR linkedin,
1676934,,DAVID RUTKOWSKI linkedin,
1676949,,THOMAS CRUTCHFIELD linkedin,
1676863,,MARVIN GARDNER linkedin,
1676913,,Manesh Dave linkedin,
1676850,,JOHN PRATHER linkedin,
1676354,,ADAM UHLAN linkedin,
1677020,,PHILLIP ELDREDGE linkedin,
1677430,,CHRISTOPHER DELANEY linkedin,
1677367,,BARBARA HESS linkedin,
1677027,,JOHN FARRELL linkedin,
1676681,,MICHAEL WOOD linkedin,
1677406,,CHRISTOPHER FERRERI linkedin,
1677097,,CLAIRE WEBB linkedin,
1676999,,RUPA JACK linkedin,
1677154,,JOSE SAA linkedin,
1677325,,RITA SHUTTERS linkedin,
1677150,,Rees Petersen linkedin,
1677503,,Laura Easton linkedin,
1677279,,MARK OSER linkedin,
1677050,,DAVID BICKLER linkedin,
1677386,,JOSEPH LUCA linkedin,
1677637,,John Cattau linkedin,
1677295,,JOHN HUNT linkedin,
1677835,,RONALD SHORT linkedin,
1677597,,Peter Hill linkedin,
1677444,,GERARD MELLEY linkedin,
1677827,,NEAL KENNEY linkedin,
1677699,,DRINA GUNERI linkedin,
1677813,,Joseph Centra linkedin,
1677870,,Sheri Gebe linkedin,
1677407,,ROBERT NACLERIO linkedin,
1677472,,TIMOTHY MOYER linkedin,
1677799,,David Brown linkedin,
1677634,,JENNIFER OWENS-ORNELLAS linkedin,
1677607,,DIANE DECK linkedin,
1678048,,ROBERT ROANE linkedin,
1677566,,EDWARD NELSON linkedin,
1678111,,JERALD MOORE linkedin,
1678184,,KENNETH SULLIVAN linkedin,
1678188,,Kurt Gordon linkedin,
1677911,,LAWRENCE LEWIS linkedin,
1678166,,SHARON DUBOIS linkedin,
1677862,,Gregory Brooks linkedin,
1678232,,ELMER MARTIN linkedin,
1678325,,DOUGLAS MCCOY linkedin,
1678155,,DAIREL DENTON linkedin,
1678055,,Debra Ekberg linkedin,
1678470,,JEFFREY GOSSARD linkedin,
1678516,,TED COONS linkedin,
1678187,,JAMES BOYHAN linkedin,
1678195,,RONALD CARR linkedin,
1678555,,KARIM POONAWALA linkedin,
1678562,,WILLIAM GORMAN linkedin,
1678275,,LIONEL RIVERA linkedin,
1678528,,JAMES IMPERIALE linkedin,
1678583,,MICHAEL WONSIEWICZ linkedin,
1678534,,Christy Nelson linkedin,
1678508,,SANDRA ORTIZ linkedin,
1678446,,CHESTER HEBERT linkedin,
1678784,,JEFFERY GRECU linkedin,
1678786,,EDWARD MACEK linkedin,
1678885,,LAURA ANTHONY linkedin,
1678763,,RICHARD PREZIOSI linkedin,
1678294,,VERONIQUE JAGGI linkedin,
1678472,,MICHAEL YANCHORIS linkedin,
1678782,,BRADLEY LANCASTER linkedin,
1678919,,Elizabeth Kenney linkedin,
1678884,,GREGG BAIR linkedin,
1678962,,JAMES LOHSE linkedin,
1679058,,STEVEN TRIFOGLIO linkedin,
1678724,,JOHN LOWERY linkedin,
1679151,,BARBARA WILTGEN linkedin,
1679200,,DAVID WEIGERT linkedin,
1678964,,TODD GRUNZE linkedin,
1679410,,SUZANNE UDONI linkedin,
1679135,,LAWRENCE GIANNONE linkedin,
1679318,,TIMOTHY ROSIAK linkedin,
1678536,,SHERYL DIANE RADOS linkedin,
1678867,,ENRICO CASSARA linkedin,
1679686,,JAMES WOLLECK linkedin,
1679435,,PAULA GAY linkedin,
1679505,,KATHLEEN FREIDERICH linkedin,
1678865,,DANIEL OCONNOR linkedin,
1679352,,JOSEPH WOFFORD linkedin,
1678930,,KIMBERLY FIORE linkedin,
1679710,,WILLIAM BABIS linkedin,
1679731,,EUGENIA WEBER linkedin,
1679255,,VINCENT LISANTI linkedin,
1679222,,EDWARD CODY linkedin,
1679884,,ESTHER JOFFE linkedin,
1679826,,EDWARD TAPPAN linkedin,
1680446,,DAVID WEDEKIND linkedin,
1679087,,FRED CARTER linkedin,
1680334,,WILLIE PRITCHETT linkedin,
1679973,,PETER DRAKATOS linkedin,
1679985,,KEVIN WOODS linkedin,
1680611,,WILLIAM GEARY linkedin,
1680516,,Kevin Moran linkedin,
1680663,,CURTIS HANSEN linkedin,
1680113,,BRIAN KELLY linkedin,
1680169,,Mark Klebanoff linkedin,
1680306,,CHARLES VENEZIANO linkedin,
1680629,,Ross Millar linkedin,
1680627,,MARIETTA MASON linkedin,
1679594,,STEVEN HART linkedin,
1680140,,TIMOTHY OWENS linkedin,
1679524,,HENRY SUMMER linkedin,
1680875,,LAURA WILCOX linkedin,
1680870,,Eric Niedermeyer linkedin,
1679998,,DOUGLAS HALL linkedin,
1680684,,Herbert Bender linkedin,
1680943,,STEVEN VASQUEZ linkedin,
1680818,,JOHN TANNER linkedin,
1680337,,TRACY HOLT linkedin,
1680743,,JOHN NETTUNO linkedin,
1680921,,CHARLES GOLDSMITH linkedin,
1681050,,ROBERT COVEN linkedin,
1680998,,TERENCE GOODHUE linkedin,
1681013,,ELMER STOUT linkedin,
1681272,,DOUGLAS FREEBERN linkedin,
1680464,,CHRISTOPHER PETRICH linkedin,
1681230,,LORI DIGANGI linkedin,
1681047,,LIAM DEAHL linkedin,
1681375,,JOSE PAYAMPS linkedin,
1681371,,FRANK POWERS linkedin,
1681471,,BRENDA LARKIN linkedin,
1681424,,RENEE RAINERO linkedin,
1681162,,KEVIN DEHLER linkedin,
1681263,,ANTHONY RUSSO linkedin,
1681114,,PETER GIATTINI linkedin,
1681619,,CINDY CUADRA linkedin,
1681779,,NEIL KLEIN linkedin,
1681598,,DONNA POTIKER linkedin,
1681743,,PATRICK PILCH linkedin,
1681042,,DANIEL CHRIST linkedin,
1681431,,Nadia Small linkedin,
1682003,,Gerald Verdi linkedin,
1681278,,WALTER MENENDEZ linkedin,
1681730,,CHARLES PIERCE linkedin,
1682047,,THOMAS MURPHY linkedin,
1682064,,JEFFREY BOES linkedin,
1682090,,DAVID MCLEROY linkedin,
1681258,,WILLIAM CONTE linkedin,
1680859,,SUSAN MICHEL linkedin,
1681990,,VERN JANISCH linkedin,
1682050,,KRISTI ANDERSEN linkedin,
1682258,,WILLIAM BLACK linkedin,
1681456,,CASSANDRA WILSON linkedin,
1682255,,CARL GUILLORY linkedin,
1681580,,LORI SIMON linkedin,
1682169,,JULIA COHEN linkedin,
1682263,,THEODORE WOOD linkedin,
1681752,,ANTHONY CARLINO linkedin,
1682058,,MICHAEL WARREN linkedin,
1682262,,LAURENCE HAYES linkedin,
1682545,,KEVIN MILLER linkedin,
1681670,,JAMES GARNER linkedin,
1682462,,RUDY TCRUZ linkedin,
1682287,,PAUL ROBERTSON linkedin,
1682553,,DAVID EATON linkedin,
1682414,,HOLLY CROCKETT linkedin,
1681946,,SADHNA MALIK linkedin,
1682536,,HAROLD WEST linkedin,
1682626,,FERNANDO LOPEZ linkedin,
1682116,,CARL NIEDERER linkedin,
1682882,,Kathleen Duffy linkedin,
1682840,,FABRIZIO SARES linkedin,
1682928,,ARCHANA GOEL linkedin,
1683184,,ALAN KODAMA linkedin,
1683213,,Jordan Gates linkedin,
1683485,,RICHARD EASTMAN linkedin,
1683357,,JOHN VANDERPOEL linkedin,
1683235,,JULIE TING linkedin,
1683521,,Vincent Ambroselli linkedin,
1682978,,Lynn Loween linkedin,
1681523,,James Quinn linkedin,
1682551,,RICHARD FRIEND linkedin,
1683147,,BARRY MIONE linkedin,
1683465,,JOHN NOONAN linkedin,
1683266,,BRADLEY BILLINGS linkedin,
1683137,,Shaheen Rehman linkedin,
1683236,,SHERMAN OBER linkedin,
1682987,,NOBUYUKI KITA linkedin,
1683196,,LUBNA JONES linkedin,
1683044,,DONNA HEREM linkedin,
1683555,,JONATHAN WORLEY linkedin,
1683569,,BRYAN CARNEY linkedin,
1683298,,Ann Koplin linkedin,
1683581,,SHERRY BUHRLE linkedin,
1683626,,PAULA RALEIGH linkedin,
1683879,,BYRON HANCOCK linkedin,
1683770,,ALICIA ANDRES linkedin,
1683919,,GEORGE DIRCKS linkedin,
1683619,,DANIEL MORGAN linkedin,
1684119,,WILLIAM CHOLAWA linkedin,
1684148,,PHILIP POLITO linkedin,
1684013,,RUSSELL ENGSTROM linkedin,
1683946,,CHRISTOPHER WILSON linkedin,
1684155,,DAVID STATON linkedin,
1684095,,ALAN FELD linkedin,
1684371,,YVONNE CASTELLANET linkedin,
1684332,,JUDITH USHER linkedin,
1684430,,ROBERT COLE linkedin,
1684020,,CINDA TODD linkedin,
1684482,,JAMES HUGHES linkedin,
1684477,,KAREN O'GEE linkedin,
1684485,,THOMAS ROSS linkedin,
1684519,,CHRISTOPHER DURSI linkedin,
1684229,,TIMOTHY PEASE linkedin,
1684449,,DAVID RICE linkedin,
1684525,,WILLIAM WEIMER linkedin,
1684531,,JOHN DAVIS linkedin,
1684539,,RAYMOND BAKER linkedin,
1684353,,Curt Green linkedin,
1684285,,RAYMOND MIRANDA linkedin,
1684570,,CURTIS COOPER linkedin,
1684752,,John Coyle linkedin,
1684512,,FRANK ARKINSON linkedin,
1684567,,DANITZA BARRERA linkedin,
1684702,,Leonard Morano linkedin,
1684693,,WILLIAM WALSH linkedin,
1684501,,STEVEN LONE linkedin,
1685000,,BARBARA SIMONDET linkedin,
1684747,,JAMES MORTON linkedin,
1682738,,SABRI HESANO linkedin,
1684550,,WARREN WERNICK linkedin,
1684626,,TROY WAGNON linkedin,
1684772,,Michael Helde linkedin,
1684976,,DAVID BOGART linkedin,
1685182,,MICHAEL LOCKWOOD linkedin,
1685017,,Melissa Pierson linkedin,
1685179,,ELLEN FIELD linkedin,
1683114,,JAMES SHIELDS linkedin,
1684594,,JOYCE WITT linkedin,
1685200,,PATRICK SHANNON linkedin,
1685183,,KEITH BERG linkedin,
1684668,,STEVE RADIS linkedin,
1685445,,CLINTON MOORE linkedin,
1685427,,ANDREW BENTON linkedin,
1685271,,GLEN HILLGER linkedin,
1685268,,CHARLES SEVERSON linkedin,
1685478,,KENNETH NOAKER linkedin,
1684973,,JOHN PALMATIER linkedin,
1685479,,SHAWN SIMMONS linkedin,
1685656,,THOMAS MARKEY linkedin,
1685613,,GORDON HAMILTON linkedin,
1685535,,BARBARA CURRIE WEBB linkedin,
1685002,,WILLIAM MANNIX linkedin,
1685646,,DAVID NICHOLS linkedin,
1685528,,Karen Seifert linkedin,
1685781,,William Sisco linkedin,
1685508,,MARC DAVIS linkedin,
1685869,,ALAN RADOV linkedin,
1685116,,NICOLE FRANCIS linkedin,
1685732,,TERRY JENSEN linkedin,
1685505,,JAMES NOBLE linkedin,
1685190,,CELESTE GURULE linkedin,
1685930,,TIMOTHY BOHANNON linkedin,
1685884,,ALEXANDER RUGGIERI linkedin,
1685073,,THERESA BUSH linkedin,
1685816,,DEBBIE ZOLDAN linkedin,
1685982,,RICHARD PISTULKA linkedin,
1686261,,Matthew Bade linkedin,
1685937,,MARK MCLINEY linkedin,
1686143,,TODD DREYER linkedin,
1685255,,MAX SHARP linkedin,
1686277,,JOHN HUME linkedin,
1686193,,TIMOTHY ONEIL linkedin,
1686196,,EDWARD PORTER linkedin,
1685941,,LESLIE SEINFELD linkedin,
1685986,,Patrick Good linkedin,
1686257,,LINDA MCNABB linkedin,
1686436,,MICHELLE HIROSE linkedin,
1686271,,SHERI SWANTEK linkedin,
1686649,,MARIA STRAND linkedin,
1686280,,JOE DI CARO linkedin,
1686771,,MICHAEL KOECHNER linkedin,
1686703,,Milagros Vega linkedin,
1686471,,PAUL BOURGEOIS linkedin,
1685763,,DONALD MARINUCCI linkedin,
1686385,,PETER DAVIS linkedin,
1686749,,MICHAEL TURNER linkedin,
1686777,,SALLY WITT linkedin,
1686553,,Melissa Seibert linkedin,
1686806,,JOHN FITZGERALD linkedin,
1686881,,MICHAEL MORGAN linkedin,
1686704,,RALPH LUCHTERHAND linkedin,
1686942,,BENJAMIN KOPLAN linkedin,
1686409,,SUSAN WONG-ANDRUS linkedin,
1686532,,ROBERT CAIAZE linkedin,
1687192,,KEVIN NIBLO linkedin,
1686899,,RICHARD PIGNONE linkedin,
1687075,,ZARIR SETHNA linkedin,
1687429,,JAY HEWITT linkedin,
1687116,,JOHN VADNAIS linkedin,
1687109,,STANLEY GOLDMAN linkedin,
1686947,,JAMES ATEN linkedin,
1687088,,YVETTE BACA linkedin,
1687063,,LUVY GONZALEZ linkedin,
1686406,,FANNY LEE linkedin,
1687019,,MARK LEE linkedin,
1687733,,CARMEN HURSEY linkedin,
1686950,,WILLIAM CATHRINER linkedin,
1686917,,JANI PICARD linkedin,
1687773,,Nancy Fehrenbach linkedin,
1687777,,MICHAEL HIPSON linkedin,
1686888,,Sharon Pearson linkedin,
1686785,,TIMOTHY SHEEHAN linkedin,
1687586,,SUZANNE ANDERSON linkedin,
1688108,,MARK FEUCHT linkedin,
1688119,,PAMELA TREADWELL linkedin,
1687455,,TIMOTHY HAUSMANN linkedin,
1687388,,RUSSELL LANE linkedin,
1688132,,WALTER ROOP linkedin,
1687866,,ROBERT QUINN linkedin,
1688237,,RICHARD SEPULVEDA linkedin,
1687937,,JAMES LAUZON linkedin,
1688243,,SCOTT NAGLE linkedin,
1688071,,ANDREW DRUCH linkedin,
1688261,,SALVATORE GUERRIERI linkedin,
1688337,,THOMAS PORRETTO linkedin,
1688159,,JONATHAN FOSTER linkedin,
1688235,,COLLIN MEYER linkedin,
1688201,,NEALE MUCCIO linkedin,
1688559,,SAMUEL RINEHART linkedin,
1688691,,ANTHONY MANTIA linkedin,
1688706,,DANA SCHNELLE linkedin,
1687783,,KATHRYN GOLD linkedin,
1688989,,TIMOTHY OCONNOR linkedin,
1688478,,Timothy Helfer linkedin,
1688029,,CARMELA DAVIS linkedin,
1688997,,Darrell Rupert linkedin,
1688802,,Patricia Papes linkedin,
1689001,,RONALD PUTELO linkedin,
1688717,,JACOB ARINUS linkedin,
1688339,,CHARLES GREEF linkedin,
1689423,,JAMES PICKRELL linkedin,
1687996,,DEBORAH BICANIC linkedin,
1689229,,DAVID RAMIREZ linkedin,
1688576,,ANGELA ELIAS linkedin,
1688686,,MICHAEL RASNER linkedin,
1688269,,SCOTT HARDCASTLE linkedin,
1689017,,Stephen Savrann linkedin,
1689554,,JAY RICHARDS linkedin,
1689395,,CLINTON GEE linkedin,
1689041,,WILLIAM RUGEN linkedin,
1689218,,ANDREA CONDON linkedin,
1689720,,ETSUKO TSUTAYA linkedin,
1689385,,RICHARD BECKERT linkedin,
1689958,,TIMOTHY REDMOND linkedin,
1689593,,Charles Limberis linkedin,
1689802,,MARY ZIMMERMAN linkedin,
1689433,,SERGE COHEN linkedin,
1689223,,Jeffrey Sundell linkedin,
1689144,,MARY SIDNEY linkedin,
1689540,,JOHN DAVIS linkedin,
1690003,,PATRICE NAUGHTON linkedin,
1689899,,CHANA BEENE linkedin,
1689428,,PAMELA PITTS linkedin,
1690143,,Eric Cowan linkedin,
1690279,,CHARLES BRYAN linkedin,
1689768,,MARIO TURCO linkedin,
1689970,,DANIEL LIND linkedin,
1689481,,JOSEPH DEPAULA linkedin,
1690269,,ELLEN RUBIN linkedin,
1690426,,PHYLLIS BIDWELL linkedin,
1689525,,CHRISTOPHER DOYLE linkedin,
1690231,,DENNIS FRANKLIN linkedin,
1690413,,JOHN CRANDALL linkedin,
1690492,,MICHAEL VALLEE linkedin,
1690385,,RICHARD PETRAS linkedin,
1690597,,SERGIO KINDLER linkedin,
1690490,,EDWARD TALIAFERRO linkedin,
1690322,,ELIZABETH TERRELL linkedin,
1690403,,ANGELYN RUSSELL linkedin,
1690527,,GLENDA GOUGH linkedin,
1690545,,JOHN LEO linkedin,
1690661,,ELLEN COHEN linkedin,
1690607,,MARC BANKER linkedin,
1690626,,BRENT GISINER linkedin,
1690672,,Stephen Kaplan linkedin,
1690712,,JOHN HOPP linkedin,
1690733,,ARTHUR SEGALL linkedin,
1690885,,DANIEL OTTO linkedin,
1690764,,KIM MARSHALL linkedin,
1690447,,KELLY LONERGAN linkedin,
1690965,,ANTHONY TEE linkedin,
1690776,,DOUGLAS PREISER linkedin,
1690680,,PAUL BROCK linkedin,
1690707,,NORMAN NAYLOR linkedin,
1690691,,LYNN ANDREWS linkedin,
1690894,,JAMES CAIN linkedin,
1690830,,GUY SCHOEPFER linkedin,
1690880,,ROSS THORFINNSON linkedin,
1691110,,ULRIC COBB linkedin,
1691122,,JAMES BAGA linkedin,
1691003,,Georgina Boyle linkedin,
1691328,,DAVID GOLDMAN linkedin,
1690449,,Robert Isbrandtsen linkedin,
1691222,,KEVIN BABCOCK linkedin,
1690757,,John Cannon linkedin,
1690995,,DAVID BILITER linkedin,
1690674,,PAUL ELLINGTON linkedin,
1691229,,RICHARD GEREPKA linkedin,
1691276,,DALE NOWAK linkedin,
1691293,,BRIAN FAGEN linkedin,
1691373,,STEPHEN NAPPO linkedin,
1690620,,JAMES HAWRYLUK linkedin,
1691489,,Jill VanTine linkedin,
1691292,,WILLIAM WICKHAM linkedin,
1690896,,ERIK GOTAAS linkedin,
1691321,,TODD COOKE linkedin,
1691590,,GERI MIRA linkedin,
1691404,,JOHN OREM linkedin,
1691508,,JAN LARSEN linkedin,
1691263,,FRANK PISTORIO linkedin,
1691300,,Benjamin McGill linkedin,
1691599,,HOPE BOYCE linkedin,
1691770,,THEODORE STAATS linkedin,
1691753,,NATALIE SORENSEN linkedin,
1691579,,NANCY ROSSI linkedin,
1691504,,ELIZABETH BRAM linkedin,
1691742,,JOHN MASSEY linkedin,
1691641,,VICTOR SIMON linkedin,
1691925,,JOSEPH LOEFFLER linkedin,
1692028,,MARC GLASS linkedin,
1691670,,Peter Rohr linkedin,
1691767,,MICHAEL EDELMAN linkedin,
1691789,,THOMAS MINOR linkedin,
1691906,,DAVID RABINAW linkedin,
1691592,,TERESA SMITH linkedin,
1691682,,DENNIS BOL linkedin,
1691972,,Hayden Taylor linkedin,
1692218,,KENNETH KASZAK linkedin,
1692194,,CHRISTOPHER DORRIS linkedin,
1691793,,SCOTT PHELPS linkedin,
1692346,,JAMES DEE linkedin,
1692055,,NASIR ASSAR linkedin,
1692229,,DANA CRAVEY linkedin,
1691954,,MOIRA MORAN linkedin,
1691796,,Edward Prybylski linkedin,
1691632,,Robert Gerraputa linkedin,
1692105,,KIMBERLY GILKEY linkedin,
1692200,,Richard Marcolla linkedin,
1692513,,CLAUDIA DENTON linkedin,
1692357,,RUTHAMY ROTHWELL linkedin,
1692344,,KEVIN GREENE linkedin,
1691784,,ADAM SHAPIRO linkedin,
1692654,,ROBERT SENNE linkedin,
1692489,,VINCENT THOMPSON linkedin,
1692385,,BRUCE COX linkedin,
1692814,,PETER RUMA linkedin,
1692616,,DAINTRY PRICE linkedin,
1692565,,BRADLEY FISHMAN linkedin,
1692514,,ANNE CASSIDY linkedin,
1692649,,LAURETTA MOELL linkedin,
1692710,,ARTHUR MAIN linkedin,
1692578,,ROBERT HESS linkedin,
1692502,,Geoffrey Giffuni linkedin,
1693018,,DOMINICK GIOVANNONE linkedin,
1692976,,WAYNE HILL linkedin,
1692846,,PETER HAMILTON linkedin,
1692924,,SUSAN COLE linkedin,
1693037,,ROBERT CATHCART linkedin,
1692872,,MARTIN FISCHER linkedin,
1692823,,MICHAEL HAMMERMAN linkedin,
1693307,,JONATHAN BACON linkedin,
1692930,,JAMES PONTIOUS linkedin,
1693119,,GARY NAJARIAN linkedin,
1693367,,Carlina Duggan linkedin,
1693213,,Michael Godby linkedin,
1693073,,ROBERT ZAPPITELLI linkedin,
1693222,,KURT FREUND linkedin,
1692285,,Brian Keith linkedin,
1693476,,Laila Margallo linkedin,
1693204,,RANDALL COOK linkedin,
1692646,,ROBERT PORACK linkedin,
1693518,,STEVEN TUCH linkedin,
1693360,,CARMEN MONKS linkedin,
1693322,,William Belden linkedin,
1693519,,Thomas Targonski linkedin,
1693889,,TERRENCE LAPAN linkedin,
1693609,,Steven Love linkedin,
1693812,,CHARLES BOHM linkedin,
1693608,,WILLIAM NEIGHBORS linkedin,
1693732,,JOHN MCNEAL linkedin,
1693619,,JACK BUCKLEY linkedin,
1693883,,JOHN GRECO linkedin,
1693865,,IAN RUDERMAN linkedin,
1693972,,JAMES PRYOR linkedin,
1693895,,ANDREW FISHKIND linkedin,
1694177,,DAVID JENNI linkedin,
1693892,,MICHAEL KAISER linkedin,
1694189,,Patricia Tanchuk linkedin,
1694129,,TOMMY COCKRELL linkedin,
1693824,,THERESA YAROSH linkedin,
1694027,,HECTOR CHAO linkedin,
1693932,,TERRY DOYLE linkedin,
1694263,,Michael Megill linkedin,
1694194,,STEPHEN DONOVAN linkedin,
1694179,,David Stickney linkedin,
1693910,,DAVID TOOHEY linkedin,
1694264,,KATHLEEN SEMAAN linkedin,
1694191,,DAVID HEADDEN linkedin,
1694244,,H THOMPSON linkedin,
1694301,,MICHAEL SORIERO linkedin,
1694580,,BRIAN KENNEY linkedin,
1694604,,CHARLES SMITH linkedin,
1694609,,RONALD MENTZER linkedin,
1694320,,DEAN ZACK linkedin,
1694620,,Ray Reese linkedin,
1693102,,JEFF GILBERT linkedin,
1694369,,KYLE STEVENS linkedin,
1694537,,GREGG TORTI linkedin,
1694831,,Janice Swickard linkedin,
1693283,,DEBORAH MYERS linkedin,
1694647,,GREGORY GIBSON linkedin,
1694738,,Peter Ju linkedin,
1694868,,JOHN SUMMERS linkedin,
1694741,,GARY BICKHAM linkedin,
1694611,,Mike Worthington linkedin,
1694470,,JEFFREY GAMMILL linkedin,
1694572,,CHRISTOPHER KELM linkedin,
1694910,,JOHN WIET linkedin,
1694373,,DANIEL BUCHANAN linkedin,
1694665,,PEGGY DONAHUE linkedin,
1694458,,Deborah Capria linkedin,
1694920,,BRYON HOLZ linkedin,
1695078,,JORGE VENEGAS linkedin,
1694993,,JAMES KELLEY linkedin,
1695031,,JEFFREY WALTERS linkedin,
1694986,,CURTIS WHITE linkedin,
1694992,,STEVEN KOURY linkedin,
1695133,,ANDREW OLSON linkedin,
1695005,,VALERIE QUARTIERE linkedin,
1694899,,Elaine Uttaro linkedin,
1695363,,KATRINA GOODE linkedin,
1695544,,JOSEPH BIONCI linkedin,
1695281,,Robert Yarbrough linkedin,
1693487,,BARRY MOORE linkedin,
1695543,,JAMES RYBARCZYK linkedin,
1694597,,RICHARD WALSH linkedin,
1695622,,GARY REED linkedin,
1694859,,CURT RADETICH linkedin,
1695283,,SANDRO RAMOS linkedin,
1695701,,Eugene Fetter linkedin,
1695704,,Robert Katz linkedin,
1695050,,JON HAAHR linkedin,
1695711,,Steven Soja linkedin,
1695068,,JOHN BALDO linkedin,
1695631,,PERRY SMITH linkedin,
1695116,,STEPHEN MANZO linkedin,
1695847,,JAMES STEPHENSON linkedin,
1695680,,JAN VANECK linkedin,
1695785,,DANNY WEBB linkedin,
1695714,,Dale Hearn linkedin,
1695860,,MELISSA SACHS linkedin,
1695773,,Mark Tribuna linkedin,
1695633,,JEFFREY SAMSON linkedin,
1696047,,ROBERT BARNES linkedin,
1695912,,PATRICK DONAHUE linkedin,
1696123,,SHAWN MEEKS linkedin,
1696132,,DEAN HATT linkedin,
1696008,,Matthew Wood linkedin,
1695892,,Curtis Launer linkedin,
1695754,,GLEN TITAN linkedin,
1695774,,DONNIE GLOVER linkedin,
1696167,,EVAN JOFFE linkedin,
1696093,,MICHAEL POPP linkedin,
1695970,,FRANCIS DAVIS linkedin,
1696391,,TINA HARMIER linkedin,
1696419,,Hugh Reilly linkedin,
1696577,,ROBYN SHARPE linkedin,
1696058,,WILLIAM CULLY linkedin,
1696137,,Malcolm Baird linkedin,
1696483,,Jack Heiss linkedin,
1696185,,ERIC MORROW linkedin,
1696366,,ANNE SWIADER linkedin,
1695996,,BRENT SHUNK linkedin,
1696426,,THOMAS PICONE linkedin,
1696435,,ANNE ELIZABETH LANE linkedin,
1696469,,ANTHONY PITARRESI linkedin,
1696252,,MARK HALL linkedin,
1696662,,Craig Galatas linkedin,
1696155,,ROBERT FLOE linkedin,
1696804,,KEVIN REESE linkedin,
1696684,,JOHN OWEN linkedin,
1696957,,SUSANA BATERNA linkedin,
1696839,,JOSEPH DURSO linkedin,
1696628,,MICHAEL NIERVA linkedin,
1696245,,ROBERTO SOLANO linkedin,
1696651,,William Hooper linkedin,
1696664,,MATTHEW SINCLAIR linkedin,
1697027,,ELIZABETH MOORE linkedin,
1696800,,RAMON FRANCISCO linkedin,
1696595,,CHRISTOPHER FERGUSON linkedin,
1697100,,CHARLES IMHOFF linkedin,
1696948,,SUSAN KOEGEL linkedin,
1696779,,RAY KAUFFMAN linkedin,
1696995,,MARK PETERS linkedin,
1696998,,PETER CIRIGNANO linkedin,
1697219,,TARIQ RAFIQUE linkedin,
1697205,,NOLAN SCHEXNAYDER linkedin,
1697253,,PHILLIP OWENS linkedin,
1696842,,DENNIS MEYER linkedin,
1697057,,MARI YURO linkedin,
1697697,,MICHAEL VOLPE linkedin,
1696944,,DAVID MAZZOTTA linkedin,
1697685,,STAFFORD VIATOR linkedin,
1697540,,RICHARD LEWIS linkedin,
1697422,,KENNETH TRAFICANTE linkedin,
1697484,,DEBBIE GEARY linkedin,
1697330,,Timothy Horkan linkedin,
1697090,,LYNNE KEYS linkedin,
1697327,,ANNE MARIE METRO linkedin,
1697368,,CHARLES MEHLING linkedin,
1697829,,SCOTT PRINCER linkedin,
1697209,,CARI SCHNIPPER linkedin,
1697649,,CHRISTOPHER PETER linkedin,
1697941,,FREDERIC BRYANT linkedin,
1697912,,KENNETH PODELL linkedin,
1698222,,BRIAN HILL linkedin,
1697409,,DAVID LAMBERT linkedin,
1698105,,STEVEN MEDWED linkedin,
1697481,,MICHAEL BIGGS linkedin,
1697888,,LAURA THURESON linkedin,
1697960,,ERIC PETERSON linkedin,
1697880,,JANET OLSON linkedin,
1698081,,DENNIS ROURKE linkedin,
1697812,,MICHAEL FREDA linkedin,
1697944,,WILLIAM GOURD linkedin,
1698476,,MARK FILARDI linkedin,
1698464,,GEORGE HILL linkedin,
1698549,,TERRI DELATOURDUPAVILLON linkedin,
1698033,,BRIAN BORTZ linkedin,
1698362,,GARY ANTONELLA linkedin,
1698085,,DAVID BECK linkedin,
1698407,,JAMES PARKS linkedin,
1698645,,ROSE COZAD linkedin,
1698482,,Deborah McNulty linkedin,
1698906,,GUS JACKSON linkedin,
1699030,,Anthony Ruggiero linkedin,
1698732,,YOUNG WON linkedin,
1698347,,MARK MOOBERRY linkedin,
1699289,,Robert Roden linkedin,
1698814,,CHRISTIAN FRAGOSO linkedin,
1698976,,GRANT CHAMBERLAIN linkedin,
1699228,,SELINA HOLGUIN-LUCERO linkedin,
1699048,,BRENDA SEABERG linkedin,
1699389,,SCOTT HERZ linkedin,
1699288,,KATHERINE MILLER linkedin,
1699378,,RICHARD POLICASTRO linkedin,
1698712,,PAUL DEAN linkedin,
1699160,,Samuel Huffman linkedin,
1699287,,DAVID RYAN linkedin,
1699317,,HUGH TANNER linkedin,
1699082,,NANCY LAKE linkedin,
1699468,,EDWARD RIBAUDO linkedin,
1699338,,Susan Camera linkedin,
1699455,,JOHN SINDERS linkedin,
1699459,,DAVID EBERHART linkedin,
1699486,,SEAN SLATTERY linkedin,
1699483,,DANIEL DOOLEY linkedin,
1699606,,BARBARA COHEN linkedin,
1699828,,PATRICIA GOEKE linkedin,
1699677,,MICHAEL WILLIS linkedin,
1698784,,MICHAEL MULLEN linkedin,
1699793,,SUSAN PECK linkedin,
1699540,,BESS MCKAY linkedin,
1700046,,DONNA DEVANEY linkedin,
1699940,,JOHN APGAR linkedin,
1699949,,Ellen Schoenfeld linkedin,
1699892,,CHRISTOPHER HOWELL linkedin,
1699611,,ROBERT BARTON linkedin,
1699773,,TIMOTHY TREBLE linkedin,
1699936,,JAMES TERRY linkedin,
1699543,,SHANNON SIRGO linkedin,
1699900,,Peter Melega linkedin,
1700168,,MICHAEL GULISH linkedin,
1700070,,STEPHEN DRAGOS linkedin,
1700433,,GREGORY HEATH linkedin,
1699825,,GERALD HENSHAW linkedin,
1700589,,JAMES JOHNSON linkedin,
1700268,,Debra Abramovitz linkedin,
1700640,,APRYL THOMPSON linkedin,
1700304,,ROBERT FOX linkedin,
1700303,,CHRISTOPHER BARTLETT linkedin,
1700525,,JOEL RUPP linkedin,
1700198,,JENNIFER PAI linkedin,
1700393,,Peter Latara linkedin,
1700517,,Susan Segall linkedin,
1700063,,ELAINA STUARD linkedin,
1700384,,MAUREEN KENNEDY linkedin,
1700627,,JAY POST linkedin,
1700616,,MARK KOCZAN linkedin,
1700741,,CHRISTOPHER SIMUTIS linkedin,
1700454,,PATRICIA KELLEY linkedin,
1700782,,JAMES KELLY linkedin,
1701172,,CARLOS GONZALEZ linkedin,
1701164,,ROBERT SHOR linkedin,
1700966,,DOUGLAS KEITH linkedin,
1701110,,RODNEY AMBROSE linkedin,
1700990,,STEVEN BENJAMIN linkedin,
1700761,,DONALD PORTERFIELD linkedin,
1701239,,RAYMOND KOJETIN linkedin,
1700497,,ANN REATH linkedin,
1701311,,MICHAEL DAY linkedin,
1701258,,DAVID JOFFE linkedin,
1701078,,DONALD MEYER linkedin,
1701341,,MITCHELL LITTLE linkedin,
1701275,,Michael Ward linkedin,
1700965,,JOHN SULLIVAN linkedin,
1701062,,Frederick Fram linkedin,
1701072,,MONA NEEL linkedin,
1701774,,STANLEY KIEC linkedin,
1701703,,Gail Grove linkedin,
1701436,,MARK O'CONNELL linkedin,
1701802,,PHILIP FRIED linkedin,
1701146,,SAYSANA SONGVILAY linkedin,
1701589,,Tina Barker linkedin,
1701376,,BRUCE LINGER linkedin,
1700756,,HOMAYOUN NEKOORAD linkedin,
1701248,,JAMES FOUNTAIN linkedin,
1701471,,KEMAL HALL linkedin,
1701185,,ROBERT MILLER linkedin,
1701651,,RICHARD WOODWARD linkedin,
1701384,,RONALD KAHN linkedin,
1701719,,SALIM KIMIAGAR linkedin,
1701441,,MICHAEL ANDERSON linkedin,
1701856,,IRENE STOLARZ linkedin,
1701967,,JASON SILLETTI linkedin,
1702117,,VERONICA DEAN linkedin,
1701901,,EDWIN BARNETT linkedin,
1702415,,ROBERT NEWSOCK linkedin,
1702160,,CHRISTOPH STRASSER linkedin,
1701882,,SUSAN ZELLER linkedin,
1702453,,BRYANT RILEY linkedin,
1702025,,BRADFORD THARP linkedin,
1702598,,JOSEPH O'KEEFE linkedin,
1702263,,BRENT KANITRA linkedin,
1702543,,GREGORY CABANOS linkedin,
1702669,,DANIEL ALBERT linkedin,
1702002,,Timothy Manion linkedin,
1702369,,MARC ENGELMAN linkedin,
1702099,,Juan Manuel Fernandez linkedin,
1702760,,AUTUMN TAYLOR linkedin,
1702688,,KAREN COFFEY linkedin,
1702479,,RUSSELL ANDREWS linkedin,
1702943,,CHERI MEASOM linkedin,
1702694,,DAWN LEWIS linkedin,
1702416,,BRETT DAVIS linkedin,
1702300,,DOUGLAS WALKER linkedin,
1702961,,MICHAEL WESSELN linkedin,
1703065,,EARL BOSART linkedin,
1703022,,AGNES WON PAT linkedin,
1702749,,DAVID MORALES linkedin,
1702913,,THOMAS GRENDA linkedin,
1702890,,HILLORY BURKETT linkedin,
1702829,,Keith Silverstein linkedin,
1702963,,LISA STRATTON linkedin,
1702944,,GERALD OLIVER linkedin,
1703348,,WILLIAM SHEA linkedin,
1703080,,JULIANNE PRZESZLO linkedin,
1703474,,MICHAEL LYNCH linkedin,
1703287,,JACK YALE linkedin,
1703208,,CATHLEEN GILLIES linkedin,
1703047,,RAYMOND CHASE linkedin,
1702971,,DONALD PISARO linkedin,
1703515,,R BARNES linkedin,
1703244,,DARREN DAY linkedin,
1703357,,STEPHEN MAZZEI linkedin,
1703576,,TIMOTHY MCCARTHY linkedin,
1703296,,LAWRENCE HIGGINS linkedin,
1703628,,DANIEL JEFFERS linkedin,
1703268,,Karen Martin linkedin,
1703798,,Ann Onhaizer linkedin,
1703657,,DIANE HANNE linkedin,
1703258,,PETER DICKSON linkedin,
1703853,,MICHAEL MCCORD linkedin,
1703785,,Christopher Goles linkedin,
1703961,,Kevin McDermott linkedin,
1703678,,LEE KONOPKA linkedin,
1703791,,Sheila Kaplan linkedin,
1703803,,James Chippi linkedin,
1703613,,DORA BAER linkedin,
1703706,,RUSSELL KING linkedin,
1703768,,Randy Schechter linkedin,
1704013,,CARLOS COUTO linkedin,
1703990,,JOHN DOODY linkedin,
1703647,,ROSEANN PARKER linkedin,
1704103,,BARBARA COLE linkedin,
1704025,,ROBERT ENGELS linkedin,
1704206,,DAVID PETERSON linkedin,
1704055,,MARK BERDAN linkedin,
1704112,,MARK THOMPSON linkedin,
1704486,,TIMOTHY NELSON linkedin,
1704579,,ALFRED PENNISI linkedin,
1704884,,RAYMOND SMESKO linkedin,
1704554,,ELISE DRAKE linkedin,
1703963,,KATHLEEN BING linkedin,
1704739,,GEORGE VONUFFEL linkedin,
1705195,,STEVEN MARKOVIC linkedin,
1704874,,FLOR SANTANA linkedin,
1704693,,RICHARD SANE linkedin,
1704999,,THOMAS ENNIS linkedin,
1705210,,JOHANNA WILLIAMS linkedin,
1704155,,STUART FORD linkedin,
1704657,,MARTIN VANAMEN linkedin,
1705391,,DAVID LEONARD linkedin,
1704620,,FRAN RAMBO linkedin,
1705255,,BRIAN MAIER linkedin,
1705283,,ROBERT SAWYER linkedin,
1705314,,JOHN PEARSON linkedin,
1704577,,Robert Peters linkedin,
1705328,,KEVIN HOWARD linkedin,
1705346,,CHRISTOPHER SIFUENTES linkedin,
1705308,,MORRIS MAYERFELD linkedin,
1705362,,STEPHEN PAUL linkedin,
1705374,,Nicholas Navetta linkedin,
1705506,,James Aldag linkedin,
1705029,,GAIL LESH linkedin,
1705507,,JAMES EASTERLING linkedin,
1705738,,TODD NEIL linkedin,
1705670,,THERESA LEWIS linkedin,
1705745,,CHARLES CORONADO linkedin,
1705746,,Dexter Davis linkedin,
1705976,,FREDRIC JURMU linkedin,
1705671,,RANDY SITZMAN linkedin,
1705542,,EDWARD KOVEN linkedin,
1705729,,David Friezo linkedin,
1706022,,JAMES MANZI linkedin,
1705762,,SCOTT ZAGURSKI linkedin,
1705690,,RENE DIERKES linkedin,
1706030,,James Costello linkedin,
1705888,,FREDERICK FIFIELD VI linkedin,
1705792,,DENNIS DAHILL linkedin,
1705771,,GENE SYKES linkedin,
1705744,,KELLY BOLTON linkedin,
1705995,,JAMES LOHNES linkedin,
1706061,,HEATHER GINTY linkedin,
1706263,,BRETT POLLOCK linkedin,
1705589,,CATHI ROSKY linkedin,
1706359,,KRISTINE GILLY linkedin,
1706571,,HING LOI linkedin,
1706516,,STEPHEN MEYERS linkedin,
1706104,,Andrew Hirschler linkedin,
1706407,,LARRY BENDA linkedin,
1706564,,JOAN WHITE-MCCAIN linkedin,
1706398,,PATRICIA BONSALL linkedin,
1706396,,SUSAN CROSS linkedin,
1706101,,TAI HAH linkedin,
1706818,,WILLIAM MOORE linkedin,
1706549,,TOBIAS TIMM linkedin,
1706515,,JEFFREY SWENO linkedin,
1706462,,BRENDA BAGONIS-COOKE linkedin,
1706418,,JULIE RUSS linkedin,
1706633,,DOROTHY TIDWELL linkedin,
1706358,,BRIAN HEINS linkedin,
1707075,,Gary Vestal linkedin,
1707234,,FRANK RIZZO linkedin,
1707209,,JAMES WOHLFORD linkedin,
1706739,,VINCENT CRUDO linkedin,
1706932,,JOHN BOYLE linkedin,
1707310,,SONJA RYAN linkedin,
1707285,,RANDY ODOM linkedin,
1706903,,KATHERINE CRESCENZO linkedin,
1707311,,SCOTT KIMMEL linkedin,
1707054,,DENISE DAWSON linkedin,
1707316,,CRAIG ANDERSON linkedin,
1706523,,Randall Fox linkedin,
1707154,,SCOTT MACDONALD linkedin,
1707282,,FRED LILES linkedin,
1706990,,JONATHAN BERG linkedin,
1707525,,LORETTA COPPOLA linkedin,
1707391,,ARMANDO PEDROZA linkedin,
1707166,,MICHAEL VELARDE linkedin,
1707436,,DANIEL WEISS linkedin,
1706966,,GINA MARTINEZ linkedin,
1707288,,ANTHONY ROSS linkedin,
1707565,,GARDNER MACDONALD linkedin,
1707880,,NATHAN BEDELL linkedin,
1707463,,ANGELA WETHOR linkedin,
1707933,,James Blum linkedin,
1707534,,JAMES CAPPS linkedin,
1708014,,Stephen Trauber linkedin,
1707863,,Jeffrey Abt linkedin,
1707935,,SCOTT CURTIS linkedin,
1707448,,SUSANNE CLARK linkedin,
1708078,,JOHN HOWELL linkedin,
1707623,,JAMES LORENZ linkedin,
1708068,,STEPHANIE RANZO linkedin,
1708117,,JOHN HOLLIS linkedin,
1708135,,EDWIN YOUNG linkedin,
1708245,,STEVEN RESTIFO linkedin,
1707699,,VICTOR MURO linkedin,
1708296,,PETER CARR linkedin,
1708238,,KENTON WILSON linkedin,
1707453,,LAWRENCE BAKER linkedin,
1708432,,JOSEPH STANGO linkedin,
1708187,,BOBBY GASTON linkedin,
1708211,,DONNA FITZER linkedin,
1708331,,John Baxter linkedin,
1708492,,MARY JONES linkedin,
1708259,,PAULETTA BONNER linkedin,
1706272,,DAVID FEINMAN linkedin,
1708498,,GARY HULTQUIST linkedin,
1708354,,DAVID TUEBNER linkedin,
1708654,,SUSAN CHRISTY linkedin,
1708436,,CHARLES KINSMAN linkedin,
1708653,,KURTISS NELSON linkedin,
1708094,,GEORGE HERGET linkedin,
1709031,,JAMES RAIOLA linkedin,
1708658,,JEFFREY ZOLKIN linkedin,
1709026,,Phillip Rodowicz linkedin,
1708978,,THOMAS NORRIS linkedin,
1708709,,DAVID CHARLTON linkedin,
1709053,,Sean Stone linkedin,
1708779,,DAVID WALSH linkedin,
1709086,,ERIC RUBENSTEIN linkedin,
1708526,,LANCE VAINIK linkedin,
1708829,,GARY WAGEMAN linkedin,
1709095,,ALFRED CORDELL linkedin,
1709394,,MICHELLE COOK linkedin,
1709460,,VIRGIL BRENNY linkedin,
1709277,,KEVIN WELU linkedin,
1708986,,MICHAEL CUCCURULLO linkedin,
1709403,,JULIE PAUL linkedin,
1709159,,Michael Kimble linkedin,
1709421,,DONNA REICH linkedin,
1709669,,christopher Davis linkedin,
1709782,,Salvatore Vella linkedin,
1709682,,MICHAEL NACINOVICH linkedin,
1709584,,WILLIAM MALE linkedin,
1709783,,Jeremy Motz linkedin,
1709536,,KEVIN WILCOX linkedin,
1709865,,GARY ORF linkedin,
1709612,,SHEILA GOLDEN linkedin,
1709155,,JAMES MEEKS linkedin,
1709450,,KENNETH KOVALCHUK linkedin,
1709892,,Robert Rosso linkedin,
1709891,,JOHN RUSTUM linkedin,
1709837,,JEFFREY HOLZSCHUH linkedin,
1709731,,JAMES FREDRIKSON linkedin,
1709879,,ANTHONY MONTEMURRO linkedin,
1709647,,JAMES GIBSON linkedin,
1709748,,Edmund Steinert linkedin,
1709947,,MICHAEL BARRY linkedin,
1709928,,BARRY CHIN linkedin,
1709986,,CHARLES NEMES linkedin,
1709916,,NORMAN PLOTKIN linkedin,
1709864,,MICHAEL ANTOSCA linkedin,
1710056,,PETER TAUCKUS linkedin,
1709923,,GEORGE SALEM linkedin,
1710292,,WENDELL CAYTON linkedin,
1710180,,JOHN DESTEFANO linkedin,
1709869,,GARY WALLACE linkedin,
1710349,,LYLE VANHORN linkedin,
1710011,,JOHN DUGOS linkedin,
1710298,,GIANLUCA SUMBERAC linkedin,
1710002,,PATRICK GAITENS linkedin,
1710176,,RAYMOND SAMORI linkedin,
1710095,,Ylissa Sekuler linkedin,
1710321,,ALYCE SHAW linkedin,
1710090,,GARY LETENDRE linkedin,
1710297,,JEFFREY O'SULLIVAN linkedin,
1710547,,NORMAN JUNIEWIC linkedin,
1710448,,KIMBERLY STOLL linkedin,
1710484,,JEANETTE KENNY linkedin,
1710326,,TODD KALTMAN linkedin,
1710193,,HENRY LI linkedin,
1710356,,EILEEN GRADY linkedin,
1710422,,LAURA CATALANO linkedin,
1710355,,NEVILLE GOLVALA linkedin,
1710705,,Thomas Sorensen linkedin,
1710404,,Adrienne Hiatt linkedin,
1710753,,PETER FORD linkedin,
1710881,,GARY SMITH linkedin,
1710905,,JAY MARKS linkedin,
1710953,,DAVID GRAY linkedin,
1710987,,NICHOLAS ZICHELLA linkedin,
1710835,,JAMES STAHLE linkedin,
1710915,,George Fisher linkedin,
1710653,,RANDALL POWERS linkedin,
1710944,,Charles Wold linkedin,
1711021,,KATHLEEN KELLER linkedin,
1711041,,WILLIAM DEBILLE linkedin,
1710649,,B. VOIGT linkedin,
1711064,,DEBORA SUMMERS linkedin,
1711046,,STEPHEN POSTON linkedin,
1710882,,ARON KAHAN linkedin,
1710909,,EZEKIEL MEISELS linkedin,
1708784,,DALE WIESE linkedin,
1710936,,EDWARD CROOKS linkedin,
1711264,,MELVIN TAYLOR linkedin,
1711425,,ERIC WOLF linkedin,
1708800,,JOEL CLOUSING linkedin,
1708919,,James Salus linkedin,
1711949,,DAVID KINIRY linkedin,
1711531,,JAIME GOODMAN linkedin,
1711231,,JAMES LEGER linkedin,
1711280,,FRANCIS LANCIA linkedin,
1711784,,ERIC BAHR linkedin,
1711357,,Michael Bianco linkedin,
1711380,,Guy Ortmann linkedin,
1711220,,LAWRENCE SHULL linkedin,
1711249,,TODD GINDY linkedin,
1711020,,Tommaso Mellone linkedin,
1711708,,STEVEN SABO linkedin,
1711994,,MICHAEL RIORDEN linkedin,
1711557,,MAXINE BOLTON linkedin,
1712021,,WALTER TRAMONTIN linkedin,
1712028,,ANDREW GELEMBYN linkedin,
1712061,,WILLIAM GIBBONS linkedin,
1711966,,Robert Kaufman linkedin,
1712573,,Joanne Sheldon linkedin,
1712517,,PHILIP PASCUCCI linkedin,
1712470,,ANDREW LIPPMAN linkedin,
1712683,,MARK KROMMENHOEK linkedin,
1712265,,PETER STRATAKOS linkedin,
1712541,,ROBERT KAY linkedin,
1712090,,GEORGE WALKER linkedin,
1712121,,DAVID CONNOR linkedin,
1712260,,STACY MURDOCH linkedin,
1712125,,ROBERT KAUTZMANN linkedin,
1712444,,LINDA HALL linkedin,
1712893,,JAY TWEED linkedin,
1712858,,Joseph Fortino linkedin,
1712799,,TIMOTHY HERRERA linkedin,
1712866,,Anne Byerwalter linkedin,
1712745,,GEORGE BLAISDELL linkedin,
1712590,,GLENN NELSON linkedin,
1713071,,CONSTANCE SUGIMOTO linkedin,
1712983,,MICHAEL KOLER linkedin,
1712466,,GERARD LORDEN linkedin,
1712709,,JAMES RONAYNE linkedin,
1712713,,EDMUND BROOMHEAD linkedin,
1713061,,TRACY RAYNOR linkedin,
1712985,,CHARLES NEMPHOS linkedin,
1713098,,JOSEPH JOHNSON linkedin,
1713313,,JOHN HOLLY linkedin,
1713212,,NANCY KWAIN linkedin,
1712898,,STEVEN RINGQUIST linkedin,
1713206,,RICHARD KING linkedin,
1713130,,MARK STIVERS linkedin,
1713518,,JOEL STARK linkedin,
1713470,,GENE MAGGIO linkedin,
1713263,,JULIE PRINKEY linkedin,
1713550,,SCOTT THOMPSON linkedin,
1713343,,DAVID OLSEN linkedin,
1713524,,JAMES TAYLOR linkedin,
1714005,,JOHN CONNEALY linkedin,
1713682,,MICHAEL EVERETH linkedin,
1713915,,ROBERT BARNES linkedin,
1714280,,JOSETTE GREECHAN linkedin,
1713756,,STERLING ZERBE linkedin,
1714026,,STEVEN KENNY linkedin,
1713143,,STEPHEN MCDONALD linkedin,
1713791,,THOMAS GARCIA linkedin,
1713772,,JAY DOBBS linkedin,
1714354,,MICHAEL ROUSE linkedin,
1714100,,AARON KIDD linkedin,
1714162,,TERI HERRICK linkedin,
1713660,,CHARLES BAER linkedin,
1714275,,DONNA DE LEON linkedin,
1714405,,COLLEEN SORRENTINO linkedin,
1714367,,VERNON BILLINGSLEY linkedin,
1714590,,DOUGLAS KELLER linkedin,
1714171,,KEVIN HENLEY linkedin,
1714808,,CLEMENT BROWN linkedin,
1714336,,PAULA POISSON linkedin,
1714682,,JEFFREY UNTERREINER linkedin,
1714604,,QUINCY MCKEAN linkedin,
1714362,,Kevin Weiner linkedin,
1714628,,MARVA KING linkedin,
1714343,,ANDREAS KOKKINOS linkedin,
1714929,,CAROLINE MYERS linkedin,
1714899,,PATRICK MCGUIRL linkedin,
1714966,,Mark Giles linkedin,
1714991,,Debi Vasques linkedin,
1715113,,ROBERT KOERNER linkedin,
1715059,,DOUGLASS CORN linkedin,
1714302,,DONNA SEYMOUR linkedin,
1715160,,BRIAN SOLOMON linkedin,
1714811,,DALE RAYMOND linkedin,
1714144,,DODIE KIRBY linkedin,
1714999,,WALTER MCBAY linkedin,
1714660,,ANTHONY GUZZARDO linkedin,
1715217,,ANDREW BANKS linkedin,
1715256,,JAMES CRANDALL linkedin,
1715022,,ARTHUR KNORI linkedin,
1715218,,ROBERT BISHOP linkedin,
1715151,,MICHELLE MAST linkedin,
1715263,,DEBORAH GORDON linkedin,
1715034,,STEWART KIM linkedin,
1715316,,Elbert Hicks linkedin,
1715699,,JAMES BLAUW linkedin,
1715120,,CHRISTOPHER PADGETT linkedin,
1715424,,LINCOLN YERSIN linkedin,
1715688,,BARI VENETSKY linkedin,
1715462,,DENISE GARTEN linkedin,
1715456,,MALCOLM PROCHASKA linkedin,
1714993,,Daniel Palmer linkedin,
1715798,,John Maita linkedin,
1715323,,MICHAEL MCPEEK linkedin,
1715417,,MARION PORTER linkedin,
1715499,,RUFINO RABANG linkedin,
1715893,,MICHELLE CASPER linkedin,
1715876,,DANIEL SETO linkedin,
1715805,,RICHARD GRUBE linkedin,
1715239,,JULIE KARR linkedin,
1715686,,JOSE RASCO linkedin,
1716084,,Dragoljub Rajkovic linkedin,
1716044,,HENRY TROESE linkedin,
1716148,,DAVID MOSS linkedin,
1716110,,DAVID HERMAN linkedin,
1716613,,JAMES BELL linkedin,
1716324,,Thomas Quigley linkedin,
1715871,,GARDI GILLES linkedin,
1716523,,PAYTON CROSSLEY linkedin,
1716037,,Timothy Dolan linkedin,
1716622,,WILLIAM VANPELT linkedin,
1716603,,DAVID STUTSMAN linkedin,
1716626,,JOHN BAXA linkedin,
1716141,,Brett Dean linkedin,
1716128,,DALE NELSEN linkedin,
1716669,,JOHN LEE linkedin,
1716597,,NELSON NG linkedin,
1716220,,MARCUS HWONG linkedin,
1716325,,ANDREW PILLARELLA linkedin,
1716768,,JAMES LEWIS linkedin,
1716940,,SHANE TAYLOR linkedin,
1716736,,JOHN SELAS linkedin,
1716810,,LARRY PRUTCH linkedin,
1716995,,JEFFREY ROGATZ linkedin,
1715879,,MARY BEST linkedin,
1716913,,ADAM BROWN linkedin,
1716304,,LAWRENCE COHEN linkedin,
1716699,,Gregg Lentz linkedin,
1717173,,LEONARD WILSON linkedin,
1717111,,JOANNA CHAN MUI linkedin,
1717323,,ROBERT HARRIGAN linkedin,
1717248,,MICHAEL SAVINO linkedin,
1717571,,BRADLEY WAZNIK linkedin,
1717174,,JONATHAN SMITH linkedin,
1716484,,MICHAEL SEI JR linkedin,
1717597,,MICHAEL HREHOVCIK linkedin,
1717126,,LINDA LEE linkedin,
1717039,,DONALD HANNI linkedin,
1717602,,LEO IACOBELLI linkedin,
1717492,,ERIC JOHNSON linkedin,
1716979,,SHANNON LEWIS linkedin,
1717288,,BEVERLY MOORE linkedin,
1717059,,ARNOLD SARABELLA linkedin,
1717117,,KRISTIN TANGEN linkedin,
1717234,,CYNTHIA GARNER linkedin,
1717290,,WANDA WILLIAMS linkedin,
1717718,,PAUL SCHECHNER linkedin,
1717681,,JOEL WEBER linkedin,
1717409,,JOHN OLERIO linkedin,
1717326,,MARK VELAPOLDI linkedin,
1717680,,THOMAS MASSEY linkedin,
1717697,,STEPHEN CONTE linkedin,
1717836,,ALBERT STEVES V linkedin,
1717679,,MARK LOFT linkedin,
1717849,,JAMES WYANT linkedin,
1717701,,James Friedland linkedin,
1718048,,RAMINE MAHDION linkedin,
1717898,,WILLIAM ADAIR linkedin,
1715425,,MAUREEN MCCARRICK linkedin,
1717853,,DAVID MORTON linkedin,
1717911,,CAROLYN WEAVER linkedin,
1717603,,LAUREEN HOLLYDAY linkedin,
1717974,,MICHAEL COOPER linkedin,
1717816,,MARK PETRON linkedin,
1718317,,LAWRENCE HAMILTON linkedin,
1717900,,JAMES DRYDEN linkedin,
1718038,,MICHAEL PURCELL linkedin,
1717960,,ANNA BONHAM linkedin,
1718145,,NICHOLAS GORMLEY linkedin,
1718255,,Kathy Wilson linkedin,
1718295,,RICHARD BOSS linkedin,
1718365,,WILLIAM RAPAVY linkedin,
1718126,,MICHAEL HOLDEN linkedin,
1718438,,Patrick Bell linkedin,
1718425,,MICHAEL PULTRO linkedin,
1718411,,DAVID SIMPSON linkedin,
1718773,,MARA MILLER linkedin,
1718688,,JOSEPH ANDREOLI linkedin,
1718424,,KEVIN BOLTON linkedin,
1718085,,LISA RUCKER linkedin,
1719051,,ROBERT VOLLMER linkedin,
1719091,,MARK SICILIA linkedin,
1718637,,PETER LAMURAGLIA linkedin,
1718102,,RAYMOND STOCK linkedin,
1718358,,LISA QUAN linkedin,
1718581,,DAVID TORRY linkedin,
1719123,,DURWARD JOHNSON linkedin,
1718406,,NESTOR TURCZAN linkedin,
1719418,,GREGORY HICKS linkedin,
1719420,,RICHARD VANDYKE linkedin,
1719342,,James Altieri linkedin,
1719217,,MERLE ZISLIN linkedin,
1719065,,MICHELE HEFNER linkedin,
1719380,,JOSEPH MAYA linkedin,
1719423,,GARRETT OREILLY linkedin,
1718865,,THOMAS PETERS linkedin,
1719193,,WILLIAM FRANCA linkedin,
1719366,,Donald Dennis linkedin,
1719576,,GEORGE FEID linkedin,
1719683,,Alphonse Antonitis linkedin,
1719033,,Gray von Adelung linkedin,
1719480,,JEFFREY NATIVI linkedin,
1719722,,BARBARA VILLELLA linkedin,
1719199,,Christopher Lewis linkedin,
1719503,,JOHN IRBY linkedin,
1719818,,SIBYL PRICE linkedin,
1719822,,JOSEPH KELLY linkedin,
1719959,,GROVER FITCH linkedin,
1719836,,Debra Hall linkedin,
1719693,,Harold Kaplan linkedin,
1719892,,CURTIS WILLARDSON linkedin,
1719794,,STEPHEN GALLI linkedin,
1719929,,TRACY FLINTON linkedin,
1719933,,MICHAEL DONOHUE linkedin,
1719819,,JERRY EADES linkedin,
1719808,,MARK CHAPMAN linkedin,
1719854,,Michael Wasz linkedin,
1719988,,SAMUEL HARPER linkedin,
1720088,,Marcus Jones linkedin,
1720042,,CHARLES VITTON linkedin,
1719101,,THOMAS COSMER linkedin,
1720097,,BRIAN SULLIVAN linkedin,
1719867,,DANIEL SIMKOWITZ linkedin,
1720181,,STEVEN WIENER linkedin,
1719931,,CORINA CHOU linkedin,
1720024,,WILLIAM UNDERTAJLO linkedin,
1719765,,ERNEST TEMPLETON linkedin,
1719970,,Caroline Krider linkedin,
1720201,,TERRANCE JOYCE linkedin,
1719971,,Alden Sulger linkedin,
1720328,,MARK LOFTUS linkedin,
1720395,,PETER DREYFUSS linkedin,
1720242,,WILLIAM RODDY linkedin,
1720327,,RAY MODESTE linkedin,
1720190,,RICHARD RIEDER linkedin,
1720225,,KRISTINE IVERSON linkedin,
1720515,,LISA RITZEL linkedin,
1720462,,DANIEL QUINN linkedin,
1720299,,MICHAEL PEACOCK linkedin,
1720424,,CHERYL ANGELINI linkedin,
1720517,,TRACEY WEST linkedin,
1720698,,ANTIPAZ CABOTAJE linkedin,
1720436,,John Sokol linkedin,
1719998,,NEVA HAGOPIAN linkedin,
1720607,,JAMES QUICKSILVER linkedin,
1720596,,CHRISTOPHER NICKLE linkedin,
1720173,,William Queally linkedin,
1720093,,GEORGE NARDONE linkedin,
1720756,,ROSEMARY FRANCAVILLA linkedin,
1720583,,SUSAN WOLFF linkedin,
1720332,,JON S. ROY linkedin,
1720849,,SHELLY ROBIN linkedin,
1721110,,DANIEL LIFF linkedin,
1720475,,JOHN HARTER linkedin,
1721002,,KATHRYN VAN LOON linkedin,
1720777,,AMY IANNELLA linkedin,
1721082,,HERBERT WOLF linkedin,
1721111,,MITCHELL ARNOLD linkedin,
1721100,,Eric Subliskey linkedin,
1721193,,Robert Rakossy linkedin,
1721309,,BENJAMIN WOLOSHIN linkedin,
1721210,,BRIAN DUELFER linkedin,
1721052,,REBECCA BENAVIDEZ linkedin,
17213,,LESLIE BELF linkedin,
1720575,,DEAN COOK linkedin,
1721454,,JEFF HILL linkedin,
1721127,,AMY NG linkedin,
1720988,,RANDAL WALTERS linkedin,
1721409,,DAVID MEAD linkedin,
1721172,,JORGE RAGDE linkedin,
1721393,,LIN EDWARDS linkedin,
1721196,,MARIE RAMIREZ linkedin,
1721283,,ROBERT SERVIDIO linkedin,
1721353,,Cheryl Hickman linkedin,
1721673,,PHILIP ARONOFF linkedin,
1721595,,Celeste Guth linkedin,
1721846,,SHELLEY MAU linkedin,
1721602,,Thomas Turpin linkedin,
1721461,,LINDA STIRLING linkedin,
1721533,,STEVEN SPENCE linkedin,
1721752,,ALAN DEMATTIA linkedin,
1721566,,RICHARD BIAGIOTTI linkedin,
1721729,,JOHN VILLERS linkedin,
1721754,,EMILY CHAMBERS-BINGO linkedin,
1721973,,DOUGLAS SINGER linkedin,
1721581,,CHRISTOPHER YOUNG linkedin,
1721724,,Katherine Grusy linkedin,
1722026,,ARTHUR PIERCE linkedin,
1722115,,MICHAEL COOK linkedin,
1721699,,KENT CRAWFORD linkedin,
1722037,,DINA HALL linkedin,
1722032,,STEVEN BARU linkedin,
1721954,,LINDA KOHUT linkedin,
1721412,,JAMES HORN linkedin,
1721943,,LAWRENCE DELANO linkedin,
1722263,,MICHAEL FAUGHNAN linkedin,
1721961,,BRIAN MILLER linkedin,
1722150,,DANIEL FOUNTAIN linkedin,
1721338,,MARISA Welch linkedin,
1722319,,MARTIN NORCINI linkedin,
1722001,,Ellen Finkelstein linkedin,
1722177,,MARTINA GODDARD linkedin,
1721589,,CHRISTOPHER COLE linkedin,
1722282,,BRUCE PARRY linkedin,
1722532,,MARTIN WASCHITZ linkedin,
1722471,,BRENDA GOUDEAU linkedin,
1722053,,WOODY MARGOZEWITZ linkedin,
1722117,,Gregory Cappel linkedin,
1722227,,Kerry Pulliam linkedin,
1722548,,RALPH WIMSATT linkedin,
1722420,,JANET HOKAJ linkedin,
1722730,,JEFFREY FAZIO linkedin,
1722534,,N. HOOVER linkedin,
1722450,,ADRIAN FORCE linkedin,
1722544,,RICHARD MULCAHY linkedin,
1722594,,LISA GRAVES linkedin,
1722796,,MICHAEL PREISZ linkedin,
1722814,,PETER VALDEZ linkedin,
1722754,,SEAN SCANLON linkedin,
1722558,,BERNARD ZAIA linkedin,
1722744,,Freddy Rojas linkedin,
1722334,,Patrick Franke linkedin,
1722646,,ROBERT RAYMOS linkedin,
1722030,,Daniel Cote linkedin,
1723407,,RAGAN DEFREESE linkedin,
1723087,,JOHN GIBSON linkedin,
1722936,,THOMAS PICKETT linkedin,
1723220,,George Wilson linkedin,
1723446,,VIRGINIA ROUSH linkedin,
1723274,,SHARILYN CHRISTENSEN linkedin,
1723044,,FRANCESCO CRISTIANO linkedin,
1722406,,WILLIAM VARNAS linkedin,
1723451,,SCOTT JOLLY linkedin,
1722817,,EMILY PANASETH linkedin,
1723580,,DONN WAITE linkedin,
1723426,,Collette Bishop linkedin,
1723684,,Peter Zucco linkedin,
1722459,,GLEN SUSDORF linkedin,
1723157,,GUY AMICO linkedin,
1723277,,PAUL KING linkedin,
1723450,,BETH MICHEL linkedin,
1723925,,Dean Vernoia linkedin,
1723316,,Rodolfo Gamboa linkedin,
1724012,,LANE NAKASHIMA linkedin,
1723896,,PAUL KORDZIEL linkedin,
1723578,,SUSAN ARNOLD linkedin,
1723699,,RICHARD BINTLIFF linkedin,
1724076,,ARDELL ROAN linkedin,
1723312,,SUZANNE DUGAN linkedin,
1723996,,LYNNE RACH linkedin,
1724183,,JANET PETERS linkedin,
1724279,,FRANKLIN PARKS linkedin,
1723865,,WILLIAM PORTERFIELD linkedin,
1724292,,Dolph Green linkedin,
1723573,,NATHANIEL BERNOS linkedin,
1723981,,TRACEY MCLAIN linkedin,
1724119,,DONNA GUERRERO linkedin,
1724177,,Gregory Kelly linkedin,
1724205,,PETER ZIOBRO linkedin,
1724463,,DAVID CIRULI linkedin,
1724234,,JACQUELINE MAIELLO linkedin,
1724403,,PATRICIA DRPICH linkedin,
1724047,,Patrick Tiernan linkedin,
1724270,,Tamara O'Neal linkedin,
1724233,,JOHN DOYLE linkedin,
1724568,,CHARLES WISE linkedin,
1724650,,SAVERIO FIORELLO linkedin,
1724334,,VERONICA MILLER linkedin,
1724581,,OCTEON KELLY linkedin,
1724506,,Nina Jennings linkedin,
1723908,,REBECCA MOORE linkedin,
1724623,,DAVID TURNER linkedin,
1724627,,STEVEN POHLE linkedin,
1724698,,DAVID TESITOR linkedin,
1725007,,PHYLLIS TABACHNICK linkedin,
1725010,,ROBERT DERKS linkedin,
1725066,,Bradley Rish linkedin,
1724886,,JEFFREY DECKER linkedin,
1724315,,PATRICK BEAMAN linkedin,
1725072,,MICHAEL CHILL linkedin,
1724676,,RANDEL EVLETH linkedin,
1724734,,SHERRY DUNN linkedin,
1724658,,Kevin Fitzpatrick linkedin,
1725124,,RICHARD NALBANDIAN linkedin,
1725123,,TIMOTHY HOLDSWORTH linkedin,
1725109,,TONY FELICIANO linkedin,
1724744,,ERIC SUTHERLAND linkedin,
1725131,,WILSON LEE linkedin,
1725364,,CINDY NG linkedin,
1725441,,LEE GORDON linkedin,
1725155,,MICHAEL GUERNIER linkedin,
1725340,,PHILLIP BAILEY linkedin,
1725402,,MICKEY MILLER linkedin,
1724394,,HOLLY BANFORD linkedin,
1725218,,ANDREW FRIEDMAN linkedin,
1725201,,DEBORAH BERNER linkedin,
1725495,,HORACE WALFALL linkedin,
1725526,,PHILIP GRAHAM linkedin,
1725604,,NANCY KAYEKIRSCH linkedin,
1725552,,CATHERINE ELLIS linkedin,
1725436,,JAMES GRIEN linkedin,
1725675,,ERIC FORNELL linkedin,
1725636,,MAUREEN WALSH linkedin,
1725746,,SCOTT CHAMBERS linkedin,
1726034,,MICHELE LANDA-BROOKER linkedin,
1726017,,PAUL RAPELLO linkedin,
1725994,,JAMES IANNONE linkedin,
1725984,,DANE GUSSIN linkedin,
1726152,,FRANK SHIMKUS linkedin,
1725985,,JEFFREY VANDERWEELE linkedin,
1726101,,NICOLAAS PRONK linkedin,
1725723,,MILDRED DORTA linkedin,
1726077,,TROY RILLO linkedin,
1726235,,TODD GLAW linkedin,
1726130,,GREGORY SIRAVO linkedin,
1726199,,WILLIAM KAPTEYN linkedin,
1726291,,Taylor Hanex linkedin,
1726214,,STEVEN MINTER linkedin,
1726365,,JOHN YEE linkedin,
1726155,,RUSSELL SAMPLES linkedin,
1726327,,THOMAS FITZGERALD linkedin,
1726161,,SASSENE DYER linkedin,
1726395,,STEVE MITCHELL linkedin,
1726447,,STEPHEN DI GIROLAMO linkedin,
1726462,,ERNEST GUZMAN linkedin,
1726306,,ADAM STERN linkedin,
1725732,,DAWN STIL linkedin,
1726454,,Matthew Kirby linkedin,
1726484,,Jeff Lin linkedin,
1726384,,THOMAS OLEXA linkedin,
1726457,,GERALD LANE linkedin,
1726375,,Patrick Giamanco linkedin,
1726520,,KIM ANNUNZIATA linkedin,
1726628,,Ewa Oliveira linkedin,
1726609,,JAMES PAIGE linkedin,
1726775,,ANDREW GOLD linkedin,
1726540,,CRAIG RUBIN linkedin,
1726463,,Floyd Schwartz linkedin,
1726660,,Robert Hall linkedin,
1726718,,BRYAN AUSTIN linkedin,
1726973,,DARREL MARKLEY linkedin,
1726919,,SAMUEL TORREZ linkedin,
1726822,,JAMES TOLLUS linkedin,
1726947,,RICKY HIGGINS linkedin,
1726803,,CHRISTIANE COPELAND linkedin,
1726968,,JOHN EARY linkedin,
1726633,,Robert Toth linkedin,
1727079,,KEVIN CAMPBELL linkedin,
1727214,,MARK SCHNEIDER linkedin,
1727005,,EVAN YELLIN linkedin,
1727300,,BRIAN MITCHELL linkedin,
1727253,,KEVIN GOURRIER linkedin,
1727339,,DAVIES BELLER linkedin,
1726938,,ANDREW F PERRY linkedin,
1727077,,CHARLES MECHLER linkedin,
1727440,,JOSEPH DOTOLO linkedin,
1726845,,Michelle Miller linkedin,
1727435,,LINDA TEWKSBURY linkedin,
1727433,,STEVE SELAKOVICH linkedin,
1727210,,RODERICK GIST linkedin,
1727458,,VINCENT CAMERON linkedin,
1727390,,DOUGLAS GILMORE linkedin,
1727393,,TIMOTHY KEMPER linkedin,
1727071,,RUSSELL BELL linkedin,
1727374,,KERRICK BUBB linkedin,
1727552,,THOMAS MEHL linkedin,
1727607,,Wendy Johnson linkedin,
1727653,,ALAN HAIG linkedin,
1727644,,CHRISTINE LANE linkedin,
1727291,,MATTHEW SAWYER linkedin,
1727654,,CARLOS GUZMAN linkedin,
1728052,,MATTIE ADAMS linkedin,
1727578,,George Orr linkedin,
1727740,,KARL KIM linkedin,
1727623,,MICHAEL BAUER linkedin,
1727963,,PETER LEWIS linkedin,
1727889,,RANDALL HART linkedin,
1727557,,VICTORIA RAMIREZ linkedin,
1727541,,Kristina Jensen linkedin,
1728068,,DAVID HOOD linkedin,
1727444,,MARY ANN ALEXANDER linkedin,
1727595,,KERRY MULLER linkedin,
1728096,,WALTER SCHRAM linkedin,
1728073,,RALPH GIANSANTI linkedin,
1728150,,MICHAEL JONES linkedin,
1728063,,BRIAN PUTNEY linkedin,
1727969,,BENJAMIN SEGAL linkedin,
1728371,,ROGER MATSON linkedin,
1728156,,BRUCE TURNER linkedin,
1728505,,Eileen Bloxom linkedin,
1725750,,MICHAEL THOMPSON linkedin,
1728101,,MARK ZUNICK linkedin,
1728185,,THOMAS GALUHN linkedin,
1728404,,ADAM FLEISHMAN linkedin,
1728163,,LUCY O'CONNELL linkedin,
1728503,,JOHN NANNI linkedin,
1728512,,MELODY ANDERSON linkedin,
1728518,,GREGORY DOBESH linkedin,
1728514,,JAMES AZELTINE linkedin,
1725551,,Robert Moore linkedin,
1728557,,LONDA WILLEMS linkedin,
1728082,,ROBERT SMITH linkedin,
1728763,,Michael Hokin linkedin,
1728399,,CHARLES IRACE linkedin,
1728729,,LANE GANS linkedin,
1728618,,PAUL FUNKHOUSER linkedin,
1728838,,JUAN QUINTERO linkedin,
1728834,,ROBERT SHIPP linkedin,
1728900,,STEPHEN HLIBOK linkedin,
1729005,,PAUL GIGIS linkedin,
1728708,,RHONDA WIND linkedin,
1729107,,JONATHAN COUNTESS linkedin,
1729021,,CHRISTOPHER TAYLOR linkedin,
1728969,,ANTHONY FLANAGAN linkedin,
1729126,,ROBY MIZE linkedin,
1729146,,APRIL GUINCHARD linkedin,
1728704,,Cynthia Serbia linkedin,
1729163,,Michael Zimits linkedin,
1729324,,ROBERT ANDERSON linkedin,
1729177,,RICHARD WILSON linkedin,
1729139,,KRISTIN CAREY linkedin,
1729089,,LOUISE TEEPLE linkedin,
1728788,,Maryanne Zawlocki linkedin,
1729537,,JONATHAN PACE linkedin,
1729029,,JOSEPH PELLITTERI linkedin,
1729463,,MONTAGUE HENRY linkedin,
1729365,,GREGORY SHEETS linkedin,
1729254,,DILIP GUPTA linkedin,
1729390,,WILLIAM BERGNER linkedin,
1729214,,BRADLEY MITCHELL linkedin,
1729605,,JAMES SAYLER linkedin,
1729561,,GERALD CRAIG linkedin,
1729758,,Phillip Porter linkedin,
1729024,,William Ng linkedin,
1729368,,CHARLES GIRLING linkedin,
1729684,,MICHAEL LAWYER linkedin,
1729541,,IRWIN MAZUR linkedin,
1729986,,JOHN ISZARD linkedin,
1729586,,JOSEPH BOYLE linkedin,
1730028,,HAL RUTLAND linkedin,
1729620,,AMY STENDER linkedin,
1729857,,KAZUSHI YOSHIDA linkedin,
1729950,,DAVID RAINS linkedin,
1730005,,Patrick Kergosien linkedin,
1729907,,Kathleen Augusta linkedin,
1730090,,STEPHEN GOLDSMITH linkedin,
1730351,,DAVID LINTON linkedin,
1729538,,JEFF WOLK linkedin,
1730428,,JONATHAN MOSKOWITZ linkedin,
1730525,,JILL KELLY linkedin,
1730068,,THOMAS HAMPTON linkedin,
1730359,,PAUL LOCKWOOD linkedin,
1730007,,Franklin Norce linkedin,
1730206,,Jenny Savallo linkedin,
1730750,,SAMUEL YANKA linkedin,
1730845,,MARK YOUNGER linkedin,
1730633,,ROSTEN TSUHA linkedin,
1730576,,Sally Butler linkedin,
1730787,,Joy Mead linkedin,
1730513,,THOMAS BURRELL linkedin,
1730565,,Lauren Rudd linkedin,
1730720,,NANCY OBREMSKI linkedin,
1730718,,BRADFORD RASOR linkedin,
1730784,,WILLIAM FRENCH III linkedin,
1730862,,ELLIOT SPIELER linkedin,
1730893,,CHRISTOPHER MCMAHON linkedin,
1730695,,MARK HOGAN linkedin,
1730796,,Neil Goetzman linkedin,
1731064,,PATRICK GLYNN linkedin,
1730859,,TAMI NELSON linkedin,
1730894,,JOAN BROCK linkedin,
1730256,,Timothy Tanner linkedin,
1730969,,CHRISTOPHER TURNER linkedin,
1731365,,SHARON KOESTER linkedin,
1731229,,DUDLEY OTEY linkedin,
1731092,,Charles Solomon linkedin,
1731129,,STEPHEN LIPMANN linkedin,
1730802,,Jacqueline Cicale linkedin,
1731456,,MARK HARMS linkedin,
1731440,,JOHN STRACK linkedin,
1731580,,KAREN VICK linkedin,
1731303,,Holly Liss linkedin,
1730911,,KEITH SAMS linkedin,
1731190,,Daniel Conmy linkedin,
1731146,,JOSEPH GURGONE linkedin,
1731124,,BRIAN LEE linkedin,
1730936,,ANTHONY MANZO linkedin,
1730472,,JOSHUA SCHWARTZ linkedin,
1731172,,ALAN STONE linkedin,
1731809,,BARBARA GRIFFIN linkedin,
1731849,,John Linge linkedin,
1731699,,THOMAS HARTE linkedin,
1731661,,IVY JONES linkedin,
1731864,,DIANE MARTIN linkedin,
1731866,,DAVID BEAGLEHOLE linkedin,
1732074,,RICHARD FISCHER linkedin,
1731999,,STEPHEN RUHMEL linkedin,
1732103,,SUZANNE TATIS linkedin,
1732009,,SOBANI WARNER linkedin,
1731945,,ANNE KINSMAN linkedin,
1731988,,MEGAN BRASSIL linkedin,
1732243,,DAVID MILLER linkedin,
1731908,,NAZAM SATTAUR linkedin,
1732379,,SUSAN MOY SOKAN linkedin,
1732434,,Adam Walsh linkedin,
1732306,,LESLIE WEIGAND linkedin,
1732340,,RONDA ZATTERA linkedin,
1732615,,KAREN PLOTKIN linkedin,
1732562,,Jeffrey Martinides linkedin,
1732846,,RAYMOND FIDANZA linkedin,
1732696,,PHILIP TOWNSEND linkedin,
1732698,,Mark Ruyle linkedin,
1731934,,RYAN POSNER linkedin,
1732551,,HENRY DUARTE linkedin,
1732675,,Debbie Feest linkedin,
1732967,,HANA PINARD linkedin,
1732598,,JAMES TIMMINS linkedin,
1733106,,MICHAEL MCDERMOTT linkedin,
1732827,,MARK HENRY linkedin,
1732586,,MATZI Chong linkedin,
1733048,,ANDREW SLIMMON linkedin,
1733179,,HOLLY ELLSWORTH linkedin,
1733003,,Frank Winters linkedin,
1732855,,BRENT WILLS linkedin,
1732968,,RONALD MAZZARELLA linkedin,
1732640,,WILLIAM NARAMORE linkedin,
1731807,,CYNTHIA STAGGS linkedin,
1733184,,DONNA BOWLER linkedin,
1733064,,MILA PENANO linkedin,
1733417,,ILENE TAYLOR linkedin,
1733350,,SHELLY COPE linkedin,
1733477,,RANDY PODELL linkedin,
1733478,,BENJAMIN JOEL linkedin,
1733452,,CHARLES REESE linkedin,
1733288,,MARK RICHMAN linkedin,
1733323,,KARMEN FROSS linkedin,
1733415,,BRIAN SULLIVAN linkedin,
1733260,,Lloyd Silk linkedin,
1733300,,TODD ONDA linkedin,
1732557,,JEFFREY SIMPSON linkedin,
1733431,,MATTHEW WORD linkedin,
1733348,,MICHAEL GRAY linkedin,
1733598,,SHELDON FREISINGER linkedin,
1733557,,ANTHONY HARRIS linkedin,
1733638,,EUNJOO FENTON linkedin,
1733492,,JAMES SHERROD linkedin,
1733740,,DAVID BEDARD linkedin,
1733614,,NANNETTE ADLAWAN linkedin,
1733707,,DENISE SALIGA linkedin,
1733832,,DAVID KELLY linkedin,
1733738,,JAMES JOBES linkedin,
1733839,,DANIEL FRALEY linkedin,
1733863,,TERENCE TINKHAM linkedin,
1733744,,SHARON STEINER linkedin,
1734310,,DANIEL SIPE linkedin,
1733928,,Robert Gilbert linkedin,
1734145,,DAVID BECK linkedin,
1733481,,STANLEY BOST linkedin,
1733935,,EDWIN TREIMANIS linkedin,
1733345,,Harry Loftus linkedin,
1733787,,MICHAEL BENSEY linkedin,
1734195,,ERIN CANDLER linkedin,
1734442,,ANTHONY ERENYI linkedin,
1734092,,MICHAEL GARVIN linkedin,
1734379,,DAVID GAGNON linkedin,
1734388,,MICHAEL GREGOR linkedin,
1734689,,JOHN PRICE linkedin,
1733516,,Lisa Britt linkedin,
1734414,,JILL PERRY linkedin,
1734415,,DAVID DIAZ linkedin,
1734403,,CYNTHIA LEWIS linkedin,
1734390,,ROBERT WERMUTH linkedin,
1734605,,CHRISTOPHER CAPUTO linkedin,
1734242,,MICHAEL ROBINSON linkedin,
1734345,,JOSEPH MARRAZZO linkedin,
1734400,,SUE VERMILLION linkedin,
1734850,,DAVID PORTNY linkedin,
1734420,,Jonathan Rogers linkedin,
1734911,,ENRICO ZOLLO linkedin,
1734699,,NANCY ANSTOETTER linkedin,
1734569,,SARAH DEVEREUX linkedin,
1734651,,KATHERINE FLOWERS linkedin,
1734570,,ELIZABETH WAGNER linkedin,
1734739,,STEVEN FISH linkedin,
1734775,,ROBERT COOK linkedin,
1734967,,Scott Fried linkedin,
1734783,,RICK CLEMONS linkedin,
1734916,,STEPHEN DENAMUR linkedin,
1734997,,JAMES CARTER linkedin,
1735086,,WEIHSIUNG LIANG linkedin,
1735243,,Jayanti Bajpai linkedin,
1734719,,JERRY WILLENBORG linkedin,
1735156,,ALLYSON COOPER linkedin,
1735177,,TIMOTHY JOHNSON linkedin,
1735270,,RANDALL BROWN linkedin,
1735405,,MICHAEL GAULDIN linkedin,
1734960,,RACHEL OWENS linkedin,
1735371,,KAREN FLEMING linkedin,
1735031,,Victor DeLucie linkedin,
1735484,,JEFFREY RUBENSTEIN linkedin,
1735486,,Kevin O'Brien linkedin,
1734992,,NANCY GLASSMAN linkedin,
1735529,,JOSEPH MCBRIDE linkedin,
1734915,,KARLA SPEARING linkedin,
1735503,,ROBERT ANDREWS linkedin,
1735337,,WILLIAM TUNG linkedin,
1735474,,Shirley Yang linkedin,
1735281,,CRAIG FRANK linkedin,
1735489,,LISA BEESON linkedin,
1735378,,JACK WEST linkedin,
1735617,,GEORGE MEILLAREC linkedin,
1735758,,RANDOLPH POINTER linkedin,
1735786,,THEODORA PORTELOS linkedin,
1735664,,ELIZABETH HART linkedin,
1735667,,EDWARD GROSS linkedin,
1735615,,JOHN KELTY linkedin,
1735583,,MARK FISHER linkedin,
1735817,,JAY D'MEZA linkedin,
1736021,,DAVID HILTON linkedin,
1735706,,BRIAN DEAN linkedin,
1735984,,KIMBERLY CLARK-SCHWEITZER linkedin,
1735533,,PATRICIA THORNTON linkedin,
1736280,,TERRY CROSS linkedin,
1736154,,DANIEL DICKMAN linkedin,
1736125,,HARVEY MCINERNY linkedin,
1736228,,ANTHONY KOWALSKI linkedin,
1736159,,KRAIG MCFARLAND linkedin,
1735923,,James Walker linkedin,
1735898,,MIYUKI KIYOTA linkedin,
1736025,,DAVID BRADY linkedin,
1735924,,KEVIN MCCARTHY linkedin,
1735905,,DARRELL HESFORD linkedin,
1736332,,Kathy Frazier linkedin,
1736397,,FELICIA ANGUS linkedin,
1735609,,PATRICK NICOLINI linkedin,
1735775,,SUEANNE SCHULMAN linkedin,
1736405,,WILLIAM HOGUE linkedin,
1736382,,MARY ELLEN FITZPATRICK linkedin,
1735555,,CHERYL LARSEN linkedin,
1736577,,SEAN BOYEA linkedin,
1736424,,EDWIN ROLAND linkedin,
1736289,,CHRISTINE STERR linkedin,
1736777,,CHARLES LAROCCO linkedin,
1736492,,ANDREW FELDMAN linkedin,
1736785,,Joshua Sucov linkedin,
1736915,,Raymond Mackenzie linkedin,
1736854,,DEREK LEE linkedin,
1736733,,ERNEST JOSEPH linkedin,
1736907,,SHARON COURSEY linkedin,
1736910,,DAVID GRICE linkedin,
1736202,,John Donovan linkedin,
1736417,,CHRISTOPHER MIZE linkedin,
1736858,,VIVIAN DIMSON linkedin,
1736831,,Robert Theiss linkedin,
1736699,,JOYLYNN GANDOLFI linkedin,
1736514,,MICHAEL FOGARTY linkedin,
1737171,,SCOTT FABYAN linkedin,
1737421,,BUZ ZAMARRON linkedin,
1737384,,WILLIAM NOONAN linkedin,
1737173,,SONYA JOHNSON linkedin,
1737379,,DANIEL RIVERS linkedin,
1737486,,TED NORRIS linkedin,
1737224,,GERRY GOLDMAN linkedin,
1737053,,MARK DONAHUE linkedin,
1737178,,CARLOS MOLINA linkedin,
1737504,,LARRY THOMAS linkedin,
1737511,,MARIBEL SAMANO linkedin,
1737137,,ROBERT RICHARDS linkedin,
1736697,,Stephen Hickey linkedin,
1737777,,Michael Murray linkedin,
1737426,,SPENCER SEAMAN linkedin,
1737573,,PEG DAVIDSON linkedin,
1737587,,DONALD GLAB linkedin,
1737706,,TERRENCE IX linkedin,
1737649,,BARBARA WEBSTER linkedin,
1737684,,BRUCE WILSON linkedin,
1737738,,GLORIA FOX linkedin,
1737491,,MARC FISCHER linkedin,
1737752,,MICHAEL DERRICO linkedin,
1737830,,Robert J Matos linkedin,
1738184,,RICHARD ANDERSON linkedin,
1737662,,CHRISTINE POWELL linkedin,
1737860,,GREY PROWSE linkedin,
1737872,,ROBERT NICHOLS linkedin,
1737945,,DONALD VAUGHT linkedin,
1738119,,RANDY DAY linkedin,
1738134,,MICHAEL COHEN linkedin,
1737778,,PETER CARLSON linkedin,
1738003,,GEORGE TELLES linkedin,
1737980,,PENNY RIGHTHAND linkedin,
1738218,,ANDREW ERTMAN linkedin,
1738353,,Peter Kline linkedin,
1737551,,PAUL BAKER linkedin,
1738281,,GENE WARDO linkedin,
1738346,,STEPHANIE FERRY linkedin,
1738231,,Rodney Brandon linkedin,
1738148,,Leonard Segal linkedin,
1738412,,ROBERT GILMAN linkedin,
1737882,,MICHAEL WARREN linkedin,
1738437,,William Dutra linkedin,
1738234,,MICHAEL MEADE linkedin,
1737907,,LOREN JAMES linkedin,
1738165,,JOSEPH CHIARANTONA linkedin,
1738425,,CLARK DURHAM linkedin,
1738559,,MARK THOMPSON linkedin,
1738740,,GEORGE THOMPSON linkedin,
1738446,,MICHAEL HACKMAN linkedin,
1738537,,LOIS DAVIES linkedin,
1738225,,BEVERLEE CHENAULT linkedin,
1738779,,ANNIE NORRIS linkedin,
1738518,,MARK PROCKNAL linkedin,
1738660,,JANINE KEATING linkedin,
1738863,,KAREN FRENCH linkedin,
1738964,,JEFFREY TUCCI linkedin,
1739000,,EDGAR GEORGE linkedin,
1738891,,ELIZABETH KNIGHT linkedin,
1738561,,ANTHONY GIORDANO linkedin,
1738970,,CHARLES BROWN linkedin,
1739120,,JAMES PETTUS linkedin,
1738791,,ANTHONY LOTT linkedin,
1738927,,FREDERICK JORIN linkedin,
1738908,,Christine Potterton linkedin,
1739124,,JAY DAY linkedin,
1739149,,CRAIG LADAY linkedin,
1739129,,JANE FRUIN linkedin,
1738624,,Richard Norman linkedin,
1739192,,DEBRA FRIEND linkedin,
1739505,,STEPHEN FUHRER linkedin,
1739562,,William O'Shaughnessey linkedin,
1739564,,ERIC WERBLOW linkedin,
1739606,,JOSEPH GENZARDI linkedin,
1739454,,LAURIE GODDARD linkedin,
1739210,,Christy Green linkedin,
1739588,,EDWARD RUBIN linkedin,
1739014,,RANDALL CHENOT linkedin,
1739169,,SHAMI PATEL linkedin,
1739582,,LANCE BECK linkedin,
1739554,,EDWARD DEEDS linkedin,
1739683,,Alan Geier linkedin,
1739539,,MARK ORTON linkedin,
1739836,,SCOTT PUGAN linkedin,
1739550,,MARIA JOSE PESSOA linkedin,
1739974,,JUDY WIMPEY linkedin,
1739479,,DEBRA LOGAN linkedin,
1739609,,STEVE APOSTOLOPOULOS linkedin,
1739933,,CHRISTOPHER YARITZ linkedin,
1740470,,Carla Welcome linkedin,
1739529,,DONNIE DEYOUNG linkedin,
1740138,,RAYMOND VELAZQUEZ linkedin,
1740078,,TERESA BELL linkedin,
1739905,,JOSEFINA SANCHEZ linkedin,
1740152,,MICHAEL KANE linkedin,
1740491,,LINDA DUNBAR linkedin,
1739664,,SAMUEL KOLTUN linkedin,
1740620,,LAUREN CASEY linkedin,
1740361,,PETER PALION linkedin,
1740028,,NANCY GARRISON linkedin,
1740513,,WAYNE HORNE linkedin,
1740720,,ANGEL SUGLERIS linkedin,
1740147,,JOSEPH AUGOSTINO linkedin,
1740709,,RUSSELL HOLMGREN linkedin,
1740770,,WELDON LOVE linkedin,
1740163,,NORBERT SIMMONS linkedin,
1740691,,Joseph B Lee linkedin,
1740713,,CATHLEEN OKEN linkedin,
1740613,,MARLENE MCCRACKEN linkedin,
1740255,,David Tyrie linkedin,
1740797,,John Smyth linkedin,
1740453,,JOAN CLEVELAND linkedin,
1740815,,ROBERT MEYER linkedin,
1740594,,Marion Felix linkedin,
1740960,,ROBERT PRESTON linkedin,
1741259,,JOHN GRITIS linkedin,
1741029,,SUZANNE FRALIEX linkedin,
1740900,,JOHN GRIGG linkedin,
1741007,,LANCE HARDY linkedin,
1741053,,Herminia Ramirez linkedin,
1741185,,MARK FINNESTAD linkedin,
1741238,,VALERIE CHASE linkedin,
1741116,,CHRISTOPHER POLK linkedin,
1741049,,FRANK QUINN linkedin,
1741466,,J Brit Stephens linkedin,
1741521,,ANDREW STULL linkedin,
1741484,,SANDRA UHL linkedin,
1741243,,DONALD MARANEY linkedin,
1741512,,KENNETH BROWN linkedin,
1741575,,Palma Kimbrell linkedin,
1740886,,JOHN MCCALLUM linkedin,
1740821,,KATHERINE RAND linkedin,
1741628,,SHEILA KING linkedin,
1741664,,WILLIAM GROSS linkedin,
1741283,,GEORGE DOMINO linkedin,
1741750,,Thomas Moyer linkedin,
1741111,,Robert Cooper linkedin,
1741751,,Steven Meier linkedin,
1741752,,RICHARD DOTOLO linkedin,
1741650,,LAURA HOLM linkedin,
1741704,,Lawrence Ramos linkedin,
1741705,,John Doyamis linkedin,
1741780,,WILLIAM LADNER linkedin,
1742345,,JAMES CANNON linkedin,
1742347,,MICHAEL DAVIS linkedin,
1741615,,Robert Lewis linkedin,
1741754,,WILLIAM STEWART linkedin,
1742503,,RICHARD KOSAI linkedin,
1742532,,KEISUKE MORI linkedin,
1741649,,GRACE REYES linkedin,
1742611,,JUDITH SEAVER linkedin,
1741746,,LILY LI linkedin,
1742310,,RICKEY PITTS linkedin,
1742525,,LIA CONS linkedin,
1742614,,RAJAT RAJAN linkedin,
1742154,,LUANN MANER linkedin,
1742720,,John Duffy linkedin,
1742565,,ADAM REEDER linkedin,
1742771,,EDWIN HAGERTY linkedin,
1742952,,JESS HURST linkedin,
1742850,,JOSEPH MANN linkedin,
1742830,,RANDALL ZINN linkedin,
1742820,,KELLIE BEYER linkedin,
1742859,,MITCHELL BARNES linkedin,
1742935,,LESLIE REIS linkedin,
1743041,,DAVID MONKELIEN linkedin,
1743006,,PAUL ORRSON linkedin,
1742921,,GENIE ZEIGLER linkedin,
1742648,,BRIDGET HOMMEY linkedin,
1742857,,GAIL DISTEFANO linkedin,
1742910,,JUAN HERRANS BARRERAS linkedin,
1743229,,BRIAN CANTEL linkedin,
1742721,,DONALD CUSSEN linkedin,
1743255,,HOLLY KOGAN linkedin,
1743072,,Kenneth Potts linkedin,
1743206,,AMY FERRERO linkedin,
1743011,,BRIAN DUFFY linkedin,
1743406,,DANIEL MACRI linkedin,
1742904,,ALAN RIFFLE linkedin,
1743303,,GEORGE SCHMIDT linkedin,
1743180,,LISA REYNOLDS linkedin,
1743353,,JOHN WALSH linkedin,
1743439,,MARK FITZPATRICK linkedin,
1743506,,BARRY PORTER linkedin,
1743727,,Ronald Price linkedin,
1743402,,LEON MOLOKIE JR linkedin,
1743576,,MARK GEERTSMA linkedin,
1743294,,HAL FINBERG linkedin,
1743356,,JOHN MAPES linkedin,
1743459,,GERALD LONG linkedin,
1743520,,Terry Prince linkedin,
1744135,,KENNETH SMITH linkedin,
1743636,,Nelson Lake linkedin,
1744214,,John Tagliaferri linkedin,
1743305,,PAUL DARR linkedin,
1743904,,Teri Jaeger linkedin,
1744224,,Kara Boudreau linkedin,
1744226,,WILLIAM DICKE linkedin,
1743832,,DAVID TAYLOR linkedin,
1744292,,DANIEL BREEN linkedin,
1743743,,MICHAEL SOSA linkedin,
1744184,,CLAUDE BOWEN linkedin,
1743799,,DONALD HENRY linkedin,
1744400,,SCOTT FREDRICKSON linkedin,
1743707,,KIMBERLEE ORTH linkedin,
1744452,,James Kelleher linkedin,
1744471,,CURTIS DAVIS linkedin,
1744513,,JOSEPH CRONIN linkedin,
1744457,,JEFFREY BENSON linkedin,
1744413,,PATRICK VAUGHN linkedin,
17443,,MARSHALL BELL linkedin,
1744599,,Dan Osborne linkedin,
1744328,,ROBERT JOHNSON linkedin,
1744397,,Youssef Haek linkedin,
1744430,,CHARLES DODSON linkedin,
1744797,,JAMES BOLAND linkedin,
17447,,MICHAEL BELL linkedin,
1744638,,CHARLES PADALA linkedin,
1744672,,JANE RASKIN linkedin,
1744429,,David Kingsley linkedin,
1744567,,JOHN GANNON linkedin,
1744811,,SANDRA MONTGOMERY linkedin,
1744728,,STEPHEN EUSTACE linkedin,
1744761,,MARGARET BOYD linkedin,
1744704,,CVETLANA GIACUMAKIS linkedin,
1745001,,VICTORIA SILVER linkedin,
1744943,,JANICE COBB linkedin,
1744802,,STEVEN HILFER linkedin,
1745041,,LAURA WILLIAMS linkedin,
1744836,,ROBERT ANDREWS linkedin,
1745520,,CURT CHRISTENSEN linkedin,
1744953,,SHEILA MCCULLOUGH linkedin,
1744899,,JACK SMITHWICK linkedin,
1744858,,Greg Poplarski linkedin,
1745448,,JUDY CARUSO linkedin,
1745534,,LORI BAYBA linkedin,
1744908,,DAVID RICH linkedin,
1745176,,Carol Bezner linkedin,
1745765,,JOHN WOFFORD linkedin,
1745853,,WILLIAM MILLER linkedin,
1745327,,DAVID P. STAATS linkedin,
1745985,,CHRISTOPHER VISCONTI linkedin,
1745670,,WINSOME GOODALE linkedin,
1745374,,Alisia Robin linkedin,
1745810,,JOHN NATALO linkedin,
1745641,,TODD MENDEL linkedin,
1745917,,KENDALL TEMPLETON linkedin,
1746051,,JOHN DALY linkedin,
1744951,,Paul Barnes linkedin,
1745940,,SUSAN PAYNE linkedin,
1745785,,HAROLD HINZ linkedin,
1745927,,TIMOTHY HELM linkedin,
1745758,,JOHN BEALL linkedin,
1745734,,TAECHAN YANG linkedin,
1745855,,JAMES FRANKLIN linkedin,
1746329,,WILLIAM BILLINGSLEY linkedin,
1746334,,TONY LEW linkedin,
1746267,,JOHN COBAN linkedin,
1746210,,Michael Garcia linkedin,
1746081,,JON BRAUSCH linkedin,
1746014,,Robert Hicks linkedin,
1746167,,DAVID PATON linkedin,
1746215,,MICHAEL SIDELLO linkedin,
1746170,,JAMES LANE linkedin,
1746062,,JAMES SHELBY linkedin,
1746078,,PENNY TIPSWORD linkedin,
1746554,,EUGENE CROOKSHANKS linkedin,
1746654,,JAMES KING linkedin,
1746382,,RUSSELL STUMP linkedin,
1746733,,CHRISTOPHER BERGIN linkedin,
1746580,,BENJAMIN DYCHALA linkedin,
1746923,,THOMAS DAY linkedin,
1746930,,GREGORY DUNN linkedin,
1746564,,TROY HENDRICKS linkedin,
1746940,,LAURA COHN linkedin,
1747025,,RANDALL CHAFETZ linkedin,
1747080,,MALCOLM PRICE linkedin,
1746751,,ROBERT WEIMER linkedin,
1746675,,HELEN ECKLUND linkedin,
1746447,,PETER SHARPE linkedin,
1746384,,DeBorah Gant linkedin,
1747090,,ANDREW SILVER linkedin,
1747086,,PHILIP SEEFRIED linkedin,
1746857,,BENJAMIN ZABEL linkedin,
1747074,,ALAN JONES linkedin,
1746788,,MICHAEL MEYER linkedin,
1747118,,STEVEN BRAUN linkedin,
1747126,,Jaime Rios linkedin,
1747319,,ROBERT TAYLOR linkedin,
1747251,,LEONARD DAYTON linkedin,
1747182,,ATHAN VORILAS linkedin,
1747255,,James Hesson linkedin,
1747283,,Carolyn Simon linkedin,
1747270,,GARY NOECKER linkedin,
1747688,,WALTER LIM linkedin,
1747593,,RICHARD BARRY linkedin,
1747744,,CHRISTOPHER QUINN linkedin,
1747180,,MICHAEL DOSE linkedin,
1747786,,KEITH LEONG linkedin,
1747868,,ALEXANDRA ANTHONY linkedin,
1747051,,Jonathan Rouner linkedin,
1747340,,David Russell linkedin,
1747115,,JOHN CRAWFORD linkedin,
1747855,,JOHN ROSSITTO linkedin,
1747140,,ROBERT ANDREWS linkedin,
1748286,,JAMES B DALEY linkedin,
1748146,,C SNYDER linkedin,
1747610,,PAUL SAITTA linkedin,
1747849,,YONG SOO KIM linkedin,
1748605,,MARY ELLIOTT linkedin,
1748337,,BENNIE ZANGARA linkedin,
1748328,,RONALD HENSON linkedin,
1748224,,ALAN CREECH linkedin,
1747980,,TRINA TRACY linkedin,
1747895,,KEVIN MONACO linkedin,
1748493,,MARTIN TELL linkedin,
1748334,,JOEL TALISH linkedin,
1748760,,HORACE SMITH linkedin,
1748789,,VONDA GRANT linkedin,
1748415,,PAUL BARR linkedin,
1748778,,GREGORY JOHNSON linkedin,
1748759,,Richard Weiss linkedin,
1748706,,TIMOTHY WALSH linkedin,
1748587,,ROBERT KITTS linkedin,
1748690,,CHRISTOPHER PASKO linkedin,
1748064,,RICHARD PETREE linkedin,
1748809,,YVONNE TRENTMAN linkedin,
1748378,,ROBERT DOLL linkedin,
1748855,,LOUIS FIUMARA linkedin,
1748812,,Marsha Kaufman linkedin,
1748944,,RENEE RHEM linkedin,
1749026,,JOHN JOSTEN linkedin,
1748899,,GERARD TAYLOR linkedin,
1748856,,DEANNA STRELLA linkedin,
1749005,,MARC PRDA linkedin,
1748873,,CARLINE MURPHY linkedin,
1748942,,RICHARD FERGUSON linkedin,
1749324,,ERNESTO ZURITA linkedin,
1748995,,DAWN ROBINSON linkedin,
1749247,,RICHARD PRIORE linkedin,
1749209,,RICHARD HESS linkedin,
1749298,,KENNETH GREEN linkedin,
1749470,,Richard Low linkedin,
1749487,,ANNE ZACHARA linkedin,
1749385,,James Braun linkedin,
1749429,,LISA HILL-MILLAR linkedin,
1749197,,LISA STAVSKY linkedin,
1749234,,CYNTHIA KULA linkedin,
1749507,,THOMAS HILL linkedin,
1749124,,DAVID DURHAM linkedin,
1749523,,DARRELL MEIER linkedin,
1749044,,LAWRENCE MAGID linkedin,
1749012,,ANTHONY PRINCIPATO linkedin,
1749491,,JANE LAFATA linkedin,
1749192,,FRANK MOY linkedin,
1749669,,JOHN MORROW linkedin,
1749655,,PAUL STOCK linkedin,
1749751,,BHARAT SONDHI linkedin,
1749510,,MASUO FUKUDA linkedin,
1749643,,GINA FREDERICKS linkedin,
1749775,,JOHN LENTZ linkedin,
1749801,,CHRISTIAN PHILLIPS linkedin,
1749571,,VINCENT FREUDENBERGER linkedin,
1749805,,RICHARD CROWNE linkedin,
1749706,,ESTHER WINTNER linkedin,
1749777,,MARGARET HALBERT linkedin,
1749700,,JAMES BURNS linkedin,
1749822,,DANIEL SOLENDER linkedin,
1749882,,THOMAS CORRADO linkedin,
1749832,,ROBERT BANAS linkedin,
1750087,,BENJAMIN GREENE linkedin,
1750265,,MARTHA GUTRICK linkedin,
1750070,,CHARLES HILLA linkedin,
1749953,,SANDRA O'GORMAN linkedin,
1749793,,WILLIAM LEWIS linkedin,
1750249,,JAMES LASCHOBER linkedin,
1749876,,Peter Koffler linkedin,
1750441,,TAMMY BUTTS linkedin,
1749982,,CHRISTOPHER DUPUY linkedin,
1749947,,RONALD SARRA linkedin,
1750524,,JAMES DEL FAVERO linkedin,
1750495,,NORALEE MEEKS linkedin,
1750079,,KENNETH FONTEYN linkedin,
1750259,,CHARLES RIHARB linkedin,
1750381,,WARREN LELAND linkedin,
1750856,,SCOTT MENTA linkedin,
1750228,,NANCY SIDES linkedin,
1750626,,DIANA NAVARRE linkedin,
1750761,,THOMAS MOORE linkedin,
1750977,,JONNY HEATH linkedin,
1750555,,JOHN BRADLEY linkedin,
1749910,,CHRISTOPHER WRAY linkedin,
1750807,,MICHAEL LOFTUS linkedin,
1751101,,BILL MOSBY linkedin,
1751108,,GLEN MCCORMICK linkedin,
1750229,,ROBIN JORDAN linkedin,
1751099,,STEVEN NEARMAN linkedin,
1751137,,JENNIFER HELT linkedin,
1751352,,DEAN ANDERSEN linkedin,
1750425,,RICARDO PEREZ linkedin,
1751175,,CHRISTINE SIMON linkedin,
1751184,,KATHARINE MUELLER linkedin,
1750694,,JEFFREY ULLMAN linkedin,
1750623,,ARTHUR CAMERON linkedin,
1751014,,Lori McGuinness linkedin,
1751177,,GAIL GRAHAM linkedin,
1751378,,JONATHAN HAULENBEEK linkedin,
1751430,,ROBERT SULLIVAN linkedin,
1751181,,GERALD RIZZIERI linkedin,
1751431,,Thomas Wiese linkedin,
1751368,,HUGH OHERN linkedin,
1751452,,PILAR ESTRELLA linkedin,
1751511,,JOHN MORRISON linkedin,
1751443,,Michael King linkedin,
1751507,,JOE JONES linkedin,
1750895,,MONICA WOODWARD linkedin,
1751409,,GUY BARUDIN linkedin,
1751436,,THOMAS PARKER linkedin,
1751526,,KENNETH GROSS linkedin,
1751604,,ERNEST REYES linkedin,
1751659,,SANDRA GIBSON linkedin,
1751501,,EDDIE RIVERA linkedin,
1751690,,CECIL JESTER linkedin,
1751531,,Serre Murphy linkedin,
1751775,,George Bell linkedin,
1751557,,NOEL BENNETT linkedin,
1751599,,Renato Powell linkedin,
1751832,,DAVID GHIO linkedin,
1751568,,ROGER RICHTER linkedin,
1751770,,DAVID LUSTEG linkedin,
1751606,,KENNETH POPOVEC linkedin,
1751782,,JULIO GONZALEZ linkedin,
1751837,,JAMES ROW linkedin,
1751903,,Scott Golden linkedin,
1751989,,SHELIA HENRY linkedin,
1751963,,ANA FONSECA linkedin,
1751871,,MARC FRAGOLA linkedin,
1751872,,CHRISTOPHER SETTEN linkedin,
1752131,,PETER FIEDELHOLTZ linkedin,
1751930,,Bernard Holst Jr linkedin,
1751785,,RAYFORD JOHNSON linkedin,
1752342,,MITCHELL CAVES linkedin,
1751940,,DANIEL RIBECCHI linkedin,
1752137,,KEVIN CHAROS linkedin,
1752004,,ANNETTE BARONE linkedin,
1752359,,BLAKELY BIEDERMAN linkedin,
1752276,,SHANNON ROWAN linkedin,
1752385,,RICHARD GIMELLI linkedin,
1752629,,JAMES CHANEY linkedin,
1752482,,MICHAEL DOLAN linkedin,
1752403,,WILLIAM HSIEH linkedin,
1752372,,DERRICK MORTON linkedin,
1752435,,NANCY NOVAK linkedin,
1752420,,JAYESH PATEL linkedin,
1752509,,JEFFREY LAINE linkedin,
1752167,,RICHARD HIGGINS linkedin,
1751786,,PAMELA FISHER linkedin,
1752344,,MARK DAHL linkedin,
1752722,,TIMOTHY CARMEAN linkedin,
1752281,,SCOTT CULINER linkedin,
1752430,,JAMES RITTER linkedin,
1752703,,CHARLES FOUDREE linkedin,
1752732,,JANET SILOTTI linkedin,
1752635,,LARRY SELZER linkedin,
1752746,,DENNIS PALUMBO linkedin,
1752638,,Patrick Ford linkedin,
1752887,,TIMOTHY LEGAMARO linkedin,
1752903,,ROBERT FITZMAURICE linkedin,
1753069,,GEORGE CROUSE linkedin,
1752999,,MAURICE SLEEPER linkedin,
1752858,,DENISE KOWITZ linkedin,
1752630,,SCOTT KAULS linkedin,
1753271,,THOMAS BELL linkedin,
1753050,,Thomas Weyl linkedin,
1752889,,Joseph Walsh linkedin,
1753218,,MARY BENNETT linkedin,
1753266,,W LOGAN linkedin,
1752914,,WILLIAM DAY linkedin,
1753257,,JONNY WADDLE linkedin,
1753278,,JOHN HOFMAN linkedin,
1753465,,EDWARD IVERSEN linkedin,
1753045,,CATHERINE COLE linkedin,
1753359,,ANTHONY SAVIO linkedin,
1753144,,DONNA DORAZIO linkedin,
1753315,,JUAN BRASCHI linkedin,
1752976,,JEANNINE UNGER linkedin,
1753265,,DERRICK FREEMAN linkedin,
1753640,,ROBERT PEEL linkedin,
1753252,,John Cross linkedin,
1753290,,MARK MOYER linkedin,
1753810,,SUSAN KRICK linkedin,
1753696,,SHERRIE LAWRENCE linkedin,
1753700,,LIZA HOWARD linkedin,
1753729,,PHILIP WOLFE linkedin,
1753869,,GARY TANTLEFF linkedin,
1754003,,JEFFREY VELEPEC linkedin,
1753612,,Marilyn Ward linkedin,
1753482,,KENNETH SIZEMORE linkedin,
1753772,,Paul Monaco linkedin,
1753671,,PAUL NASSAR linkedin,
1754042,,Douglas Modico linkedin,
1753814,,MARY KEARNEY linkedin,
1753921,,MARC DEMELLO linkedin,
1753959,,CHRISTOPHER ROTH linkedin,
1753963,,JAMES LAUER linkedin,
1753981,,ERIK JOHNSON linkedin,
1754008,,GORDON DYAL linkedin,
1754256,,JOHN O'HAGAN linkedin,
1753935,,KENNETH AUSTIN linkedin,
1754077,,Peter Reikes linkedin,
1754275,,MICHAEL TAYLOR linkedin,
1754043,,ROBERT BERK linkedin,
1754268,,Steve Soma linkedin,
1754538,,Christopher OConnor linkedin,
1754575,,MARK BROWN linkedin,
1754123,,GREGORY GENOVESE linkedin,
1754422,,ELMER SOLORZANO linkedin,
1754210,,Ronald Hebert linkedin,
1754525,,Jerry Raio linkedin,
1754285,,Henry Worden linkedin,
1754528,,ROBERT NEWTON linkedin,
1754706,,ELIZABETH LACHANSKI linkedin,
1754669,,CHRISTOPHER PETTY linkedin,
1754441,,MARY DAVIS linkedin,
1754670,,ANDREW KISS linkedin,
1754804,,Daniel Engel linkedin,
1754108,,Jill White linkedin,
1754725,,DOUGLAS DHOM linkedin,
1754536,,John Scala linkedin,
1754711,,VICTOR RUSSO linkedin,
1755099,,JOSEPH TAIT linkedin,
1754925,,THOMAS TARABICOS linkedin,
1754719,,SEAN BERGER linkedin,
1754908,,Eric Vallejo linkedin,
1755377,,PAULINE MALMGREN linkedin,
1754938,,KEVIN FITZGERALD linkedin,
1755095,,FRANK COPPOLA linkedin,
1755398,,GLENDA GIBSON linkedin,
1754657,,MARK RENTON linkedin,
1755414,,Abe Nayfa linkedin,
1754944,,AJAY DAVE linkedin,
1755424,,Douglas Hibbard linkedin,
1755450,,Stephen Heller linkedin,
1755515,,CHARLES POTTS linkedin,
1755714,,PATRICK ROBISON linkedin,
1754859,,CHRISTIAN HAUSSER linkedin,
1755791,,LAURA BUCHANAN linkedin,
1755525,,KENNETH BERLINER linkedin,
1755520,,Michael Kelly linkedin,
1755858,,Rebecca Decesaro linkedin,
1755911,,CAROL O'NEIL linkedin,
1755348,,George Fuscsick linkedin,
1755942,,CHARLES PISONI linkedin,
1756050,,JOHN WHITE linkedin,
1756073,,Amelia Prounis linkedin,
1755633,,MAURA LOPEZ linkedin,
1755115,,ELLENORE BAKER linkedin,
1755879,,KENNETH HOULDSWORTH linkedin,
1756097,,DOUGLAS REVELLO linkedin,
1756246,,Terrie Rudolph linkedin,
1756532,,LAURENCE LANGLEY linkedin,
1756081,,JOHN ODEN linkedin,
1756592,,DONNA WESS linkedin,
1756680,,SUSAN QUINTYNE linkedin,
1756127,,MICHELE STIFF linkedin,
1755955,,VICKY CHOW linkedin,
1755641,,CARLOS CONDE linkedin,
1756735,,LLOYD GAW linkedin,
1756779,,MELANIE TREXLER linkedin,
1755904,,VIRGIL BIGGS linkedin,
1756345,,Noreen Decker linkedin,
1756757,,LESLIE CADLE linkedin,
1755857,,Mitchell Mellen linkedin,
1756862,,WILLIAM MEIKLE linkedin,
17568,,ALBERT BELLAS linkedin,
1756762,,KENNETH POWERS linkedin,
1757136,,HECTOR MERCADO linkedin,
1756264,,Brian Bell linkedin,
1756411,,BRIAN YOUNG linkedin,
1756659,,Christopher Frankel linkedin,
1756995,,MEGGAN GENTILE linkedin,
1757610,,Sheldon Reynolds linkedin,
1757032,,BRIAN MAVOR linkedin,
1757312,,Christopher McAdoo linkedin,
1757520,,JOHN POWER linkedin,
1757428,,WILLARD PUGH linkedin,
1756831,,PATRICIA BINION linkedin,
1757246,,RICHARD CRANE linkedin,
1757749,,KENDALL AVERY linkedin,
1757135,,JACOB SOLOMON linkedin,
1756940,,Richard Sica linkedin,
1757511,,ERIC WILD linkedin,
1757748,,KEVIN ANDERSON linkedin,
1757779,,PAUL MORI linkedin,
1757799,,MICHAEL ZIEGELBAUM linkedin,
1758071,,MARK FUHRMAN linkedin,
1757539,,NATALIE WARD linkedin,
1757524,,JUDY KENG linkedin,
1757518,,VICKI SINAR linkedin,
1757617,,ROBERT SWIKART linkedin,
1757620,,ANTHONY MCAFEE linkedin,
1757627,,KATHLEEN BROCKMEIER linkedin,
1757946,,THOMAS SANT linkedin,
1758252,,BRUCE KIDD linkedin,
1758002,,CHRISTINE TAYLOR linkedin,
1757882,,MARY FRANK linkedin,
1758335,,Andrew Wooldridge linkedin,
1758444,,JOHN SHORT linkedin,
1758198,,GREG ANDERSON linkedin,
1758036,,Jeffrey McGee linkedin,
1758268,,Michael Wayne linkedin,
1758499,,Brenda Vaughn linkedin,
1758389,,MARK NORDBROCK linkedin,
1758026,,MICHAEL FLOYD linkedin,
1758562,,SHARON BENTZ MUSTERED linkedin,
1758364,,DANIEL PEDERSON linkedin,
1758341,,TONI DOMINO linkedin,
1757874,,PETER CROWE linkedin,
1758464,,TAMELA BRANT linkedin,
1758111,,DANIEL HUMBERT linkedin,
1758561,,CRAIG CYMROT linkedin,
1758454,,Angela Ipock linkedin,
1758716,,DAMON TRAMMELL linkedin,
1758592,,DWIGHT FROST linkedin,
1758717,,CHARLES HAIS linkedin,
1758643,,ROGER ZAHN linkedin,
1758765,,RALPH PERRY linkedin,
1758484,,JOHN LONGO linkedin,
1758570,,JAMES YAMEEN linkedin,
1758764,,ANINDITA DHAR linkedin,
1758777,,RANDALL MASON linkedin,
1758528,,SANJAY GREWAL linkedin,
1758804,,STEVEN LARSON linkedin,
1758877,,CLAUDIA BILLEAUD linkedin,
1758865,,JOHN ULWICK linkedin,
1759211,,LISA GALLO linkedin,
1758996,,WILLIAM FOLLIS linkedin,
1759078,,JOHN POWERS linkedin,
1759312,,DENISE DE DIEGO linkedin,
1759137,,ALAN SCUDI linkedin,
1758590,,Joseph Friend linkedin,
1758878,,JAMES ZIEN linkedin,
1759063,,CHRISTOPHER CATLIN linkedin,
1759340,,ROBIN LONG linkedin,
1759509,,STEPHEN ROHAN linkedin,
1759375,,Scott Blackburn linkedin,
1759537,,JEFF ROSS linkedin,
1759336,,PATRICIA SCHULER linkedin,
1759450,,MICHAEL T. HOGAN linkedin,
1759274,,LARRY MILTON linkedin,
1759628,,WILLIAM COSTAS linkedin,
1759557,,DAVID OSHEA linkedin,
1759456,,BRUCE BROWN linkedin,
1759804,,CURTIS OLSON linkedin,
1758735,,NICHOLAS LOBASSO linkedin,
1760018,,JOHN THOMAS linkedin,
1760172,,TROY RHOADS linkedin,
1759879,,STEVEN POST linkedin,
1759347,,NICHOLAS BEARE linkedin,
1759472,,GARY CAMP linkedin,
1760408,,MICHAEL ST. PIERRE linkedin,
1760163,,Walter Huber linkedin,
1760032,,JOHN KOTH linkedin,
1759698,,JOHN SEEL linkedin,
1760346,,TAD GEIMAN linkedin,
1759564,,PETER SOBEL linkedin,
1760070,,WILLIAM ROCHE linkedin,
1759510,,ELIZABETH COOPER linkedin,
1760196,,WALTON ROBINSON linkedin,
1760581,,WERNER GRASER linkedin,
1760458,,MICHAEL LOSIK linkedin,
1760651,,DIANNE CROWLVENTURA linkedin,
1760370,,BRUCE GILMORE linkedin,
1761008,,BRIAN BOWER linkedin,
1759897,,MICHELLE LUCAS linkedin,
1760928,,MARY TOTARO linkedin,
1760854,,TIMOTHY SHANK linkedin,
1759963,,MARTIN ZYGMUND linkedin,
1760767,,VICTORIA PADALA linkedin,
1760817,,Ellen Laurie linkedin,
1761019,,RENEE RAYMOND linkedin,
1760782,,DANNY ACEDO linkedin,
1761268,,HUBERT CRUZ linkedin,
1761466,,BRIAN GLICK linkedin,
1761176,,ANGELO OJEDA linkedin,
1761482,,George Eberle linkedin,
1761025,,BETH ANDERSON linkedin,
1760899,,KEVIN BAUM linkedin,
1761545,,ROBERT KER linkedin,
1761110,,MICHAEL WOOD linkedin,
1761468,,Daniel Tai linkedin,
1761643,,STEPHEN VOLPE linkedin,
1761538,,THOMAS FOSTER linkedin,
1761756,,Scott Belval linkedin,
1761699,,SUSAN OTT linkedin,
1760936,,JOHN CULLEN linkedin,
1761768,,DAVID HOGAN linkedin,
1761710,,GEOFFREY NOVACK linkedin,
1761477,,Steven Sax linkedin,
1761570,,Amy Woo linkedin,
1760046,,JOHN DE MARIGNY linkedin,
1761850,,R GAILLARD linkedin,
1761386,,Tami Peterson linkedin,
1761848,,CHRISTOPHER COBURN linkedin,
1760511,,CINDY NEITZKE linkedin,
1761733,,ANTHONY SALERNO linkedin,
1761877,,JOHN ZIMMER linkedin,
1761876,,BRUCE THOMPSON linkedin,
1761825,,MICHAEL FORSBERG linkedin,
1761950,,GLADYS GIVENS-BARBER linkedin,
1762458,,TROY SHREVE linkedin,
1762534,,KEVIN NEAGLE linkedin,
1761779,,PAUL DRACH linkedin,
1762559,,Carmine Pezzella linkedin,
1762571,,MARTIN BROWN linkedin,
1762309,,NANCY ROBILOTTA linkedin,
1761886,,ROBERT RUSSO linkedin,
1760944,,Bradford Hesla linkedin,
1762546,,Ana Brinkley linkedin,
1762504,,JAMES LISKA linkedin,
1762575,,CHRISTOPHER TEEVENS linkedin,
1762212,,ANTONIOS LEE linkedin,
1761926,,GERALD NOWOTNY linkedin,
1762464,,GLEN CASEY linkedin,
1762536,,EAMON MCCOOEY linkedin,
1762582,,RICHARD TROPEA linkedin,
1762316,,NANCY BIDROWSKI linkedin,
1762413,,CHARLES BROWN linkedin,
1762607,,ARTHUR WALTERS linkedin,
1762762,,WALTER PECZON linkedin,
1762797,,MAXIM MEYERS linkedin,
1762713,,THOMAS PORTER linkedin,
1762897,,SHERI VENA linkedin,
1762794,,RUSSELL DEAKIN linkedin,
1762666,,KEVIN THOMPSON linkedin,
1762810,,JOHN LEWENAUER linkedin,
1762649,,JOHN DECORSO linkedin,
1762887,,WARREN HENSON linkedin,
1763015,,JOHN CUSATE linkedin,
1763121,,ANN FARRAR linkedin,
1762755,,Charles Duckworth linkedin,
1763065,,MELINDA ROSS linkedin,
1762726,,MICKEY PORTNOY linkedin,
1762956,,J WINCHESTER linkedin,
1763093,,RACHAEL NAYLOR linkedin,
1763163,,MICHAEL LAGOS linkedin,
1763133,,DOMENICA PRICE linkedin,
1762584,,FRANK WOODS linkedin,
1763235,,KEVIN BEAMON linkedin,
1762975,,REBECCA MAAS linkedin,
1763185,,CHAD LARSEN linkedin,
1763155,,JOHN FORTE linkedin,
1763376,,CHARLES HEAD linkedin,
1763162,,RANDY BAKER linkedin,
1763413,,JAMES HIRSCHBERGER linkedin,
1763583,,MICHAEL LOTH linkedin,
1763575,,DAVID FINCI linkedin,
1763535,,Mark Delton linkedin,
1763663,,HIRONORI OKA linkedin,
1763285,,TERI BRENDSEL linkedin,
1763165,,GARY WITTEN linkedin,
1763464,,WILLIAM BERGIN linkedin,
1763389,,GEORGE RACIN linkedin,
1763815,,NELSON LINK linkedin,
1763701,,Maxine Mannino linkedin,
1763872,,MATTHEW HOWE linkedin,
1763581,,WESLEY CUMBIE linkedin,
1763279,,FELIX PEREZ-RETES linkedin,
1763930,,SHEILA ROGAN linkedin,
1763501,,TERRI PEKARCIK linkedin,
1764239,,MARC SACKS linkedin,
1763776,,ALAN COOPER linkedin,
1763674,,KAREN PREBONICK linkedin,
1763846,,John Glade linkedin,
1763942,,JOSEPH RUBINSTEIN linkedin,
1764251,,TODD RINDERER linkedin,
1764345,,Richard Cretella linkedin,
1764403,,Raj Sharma linkedin,
1764148,,Sean Grady linkedin,
1763919,,JOYCE KOTUSKY-DEDMON linkedin,
1764053,,JULIAN OWENS linkedin,
1764303,,STEVEN LOHEIT linkedin,
1764008,,Mark Wolff linkedin,
1764494,,KIMBERLY PRINTZ linkedin,
1764250,,JAMES POWNER linkedin,
1764398,,VICTORIA CORRIGAN FINE linkedin,
1764431,,KATHLEEN TRIBOUT linkedin,
1764346,,C MORRIS linkedin,
1764756,,MARK RICKLEFS linkedin,
1764577,,PAUL DEMARCO linkedin,
1764451,,JOEL TAYLOR linkedin,
1764941,,KENT VOGES linkedin,
1764802,,STEVEN SCHULTZ linkedin,
1765058,,TIMOTHY CLARK linkedin,
1764453,,ROBERT QUINN linkedin,
1764405,,ALAN STAYTON linkedin,
1764549,,NAOMI SHAPIRO linkedin,
1764579,,BRUCE HEYMONT linkedin,
1765142,,MATTHEW RONAN linkedin,
1765438,,ANDREW BODNER linkedin,
1764965,,GREGORY QUINLAN linkedin,
1765371,,RANDALL COLEMAN linkedin,
1765455,,AMY PEIRCE linkedin,
1765292,,WILLIAM IHAZA linkedin,
1764728,,KATHIE RICKETTS linkedin,
1765158,,THOMAS CASE linkedin,
1765457,,DAVID LAMB linkedin,
1765247,,DONALD TINNIN linkedin,
1765505,,DAVID RICHTER linkedin,
1765774,,JOHN BUCHANAN linkedin,
1765543,,DAVID KOSHINSKI linkedin,
1765677,,THOMAS BURDICK linkedin,
1765890,,GRACE ROMASANTA linkedin,
1766040,,Kathleen Auth linkedin,
1765777,,James Purcell linkedin,
1765463,,GEORGE O'BRIEN linkedin,
1766200,,MICHAEL COOKE linkedin,
1766284,,STEPHEN CARLO linkedin,
1765517,,David Ellis linkedin,
1766036,,CARYN DONALD linkedin,
1766205,,RICHARD BASSO linkedin,
1765551,,LARRY NORTON linkedin,
1766214,,WILLIAM STONE linkedin,
1766453,,JOHN SIMMONS linkedin,
1766116,,JOHN GARCIA linkedin,
1766450,,MALON WICKHAM linkedin,
1766455,,NANCY SKONBERG linkedin,
1766147,,JANET NICKEL linkedin,
1766054,,DANIEL CASEY linkedin,
1766529,,CHRISTOPHER CAIRNS linkedin,
1766508,,RONALD BRIGGS linkedin,
1766534,,BENJAMIN DAMSKER linkedin,
1766663,,DENNIS LINGO linkedin,
1766909,,VALERIE DUGAN linkedin,
1766527,,GERARD CAPPELLO linkedin,
1766442,,ANDREAS DAILEY linkedin,
1767009,,MICHAEL KING linkedin,
1766576,,GAETANO CARUSO linkedin,
1766759,,THEODORE HART linkedin,
1766754,,SUSAN GUCCIARDO-FILINGERI linkedin,
1767104,,DANIEL SEELY linkedin,
1766987,,CARTER BAUMERT linkedin,
1767090,,LISA PRICE linkedin,
1766504,,MILIND VAIDYA linkedin,
1766627,,ALVIN OWENS linkedin,
1767062,,RICHARD FREEDMAN linkedin,
1766537,,MICHAEL PALM linkedin,
1767138,,JERRY PERFECT linkedin,
1767015,,WILLIAM PANARO JR. linkedin,
1767176,,Mary Wynne Estes linkedin,
1767228,,MONICA GUTTMANN linkedin,
1767195,,MATTHEW PRESJAK linkedin,
1767364,,Diane La Marr linkedin,
1767284,,Tammy Rector linkedin,
1767353,,KELLY GRAHAM linkedin,
1767171,,MARK SHAFIR linkedin,
1767327,,Marc Feuer linkedin,
1767435,,PETER DE CASTRO linkedin,
1767052,,Frederick Palmer linkedin,
1767453,,EDWIN ANDREWS linkedin,
1767472,,PAUL DOWLING linkedin,
1767390,,Daniel Webster linkedin,
1767326,,STEPHANIE DRAPER linkedin,
1767569,,WALLACE SMITH linkedin,
1767206,,KERRY DAVIES linkedin,
1767492,,BRIAN BRODE linkedin,
1767583,,David Nardi linkedin,
1767742,,IRENE KOSIK linkedin,
1767631,,Mary Huff-Earnest linkedin,
1767600,,JORDAN NETBURN linkedin,
1767680,,Dawn Burgher linkedin,
1767718,,VICTOR RIVERA linkedin,
1768086,,PHILIP FREDERICKS linkedin,
1767819,,MARK HOWARD linkedin,
1767736,,KENT OVERHOLT linkedin,
1768018,,TIMOTHY PEIFFER linkedin,
1767931,,SHARON BIERER linkedin,
1767968,,Julie Frederick linkedin,
1767785,,RONALD RING linkedin,
1767955,,ANDREW SACHS linkedin,
1768061,,Richard Frank linkedin,
1768161,,GEORGE HURLEY linkedin,
1768472,,JACKIE DURHEIM linkedin,
1768140,,CHARLTON SIMONS linkedin,
1768160,,CYNTHIA PENNER linkedin,
1768853,,TIMOTHY CALABRESE linkedin,
1768149,,ALLEN BRINCKERHOFF linkedin,
1769051,,DAVID GUENSCH linkedin,
1769041,,RICHARD INA linkedin,
1768529,,JOHN HINEMAN linkedin,
1769064,,Mark Reich linkedin,
1768849,,JOHN MAIS linkedin,
1768553,,BYRON ROTH linkedin,
1768298,,Daniel Thompson linkedin,
1768444,,JANE OMAN linkedin,
1768965,,BETH STALEY linkedin,
1768396,,Stephen Quattrochi linkedin,
1769000,,JEFFREY RING linkedin,
1769079,,Kenneth Buss linkedin,
1769133,,CHRISTOPHER VANE linkedin,
1768385,,MARK ANDRUS linkedin,
1769174,,THOMAS FRANK linkedin,
1769109,,David Beaton linkedin,
1769162,,JAMES SHAVER linkedin,
1769171,,TODD MOULTON linkedin,
1769239,,MATTHEW LEYDEN linkedin,
1769206,,DAVID RANKIN linkedin,
1769354,,TERRY EVERSON linkedin,
1769184,,William Sommers linkedin,
1769197,,TIMOTHY PITERA linkedin,
1769373,,LEONARD LANGNER linkedin,
1769246,,MARK TUPA linkedin,
1769313,,NEIL KIRK linkedin,
1769315,,EDWARD ZIMMER linkedin,
1769186,,JESSE RANKINS linkedin,
1769343,,JEFFREY RIVLIN linkedin,
1769352,,MARK NUELLE linkedin,
1769148,,MARK GARROD linkedin,
1769455,,TERRI DETRE linkedin,
1769328,,John Billhardt linkedin,
1769314,,JOHN PICKERING linkedin,
1769484,,STEVEN BOGINSKY linkedin,
1769325,,ANDREA CARLIN linkedin,
1769506,,ANTHONY GERMANO linkedin,
1769480,,GUILLERMO ROSES linkedin,
1769542,,TERRY HALL linkedin,
1769622,,STEVEN TAYLOR linkedin,
1769609,,JEFFREY PIEPGRAS linkedin,
1769469,,DAVID FILIPPINI linkedin,
1769199,,GARREN MAYER linkedin,
1769550,,DONALD BELL linkedin,
1769647,,SUSAN BONANNO linkedin,
1769652,,ANTHONY DIVALERIO linkedin,
1769808,,MICHELE ANGER linkedin,
1769610,,JOHN RUTSKI linkedin,
1769643,,LAURA BORNHEIMER linkedin,
1769626,,ALTON DAVIS linkedin,
1769933,,KENNETH REILLY linkedin,
1769667,,PETER REILLY linkedin,
1769872,,WENDY FOLKERS linkedin,
1769970,,STUART SMITH linkedin,
1769941,,MATTHEW FOREBAUGH linkedin,
1770003,,BARRY JACOBSON linkedin,
1769982,,Jason Cherny linkedin,
1769851,,DANNETTE TRIVISONNO linkedin,
1769990,,GERALD GILLESPIE linkedin,
1769827,,CINDY WATSON linkedin,
1770123,,KATHLEEN MCKEE linkedin,
1770333,,JULIE ALBANO-LASALLA linkedin,
1770075,,CHRISTINE SUBOTIN-PRENTICE linkedin,
1770217,,Timothy Patrick linkedin,
1770100,,CAROLE ROSE linkedin,
1770101,,ANTHONY LARIZZA linkedin,
1770425,,AMY TILLSON linkedin,
1770415,,CORONA HOCH linkedin,
1770226,,Elizabeth Sullivan linkedin,
1770459,,THOMAS KIM linkedin,
1770315,,ROBERT GAETA linkedin,
1770451,,JEFFREY PORASIK linkedin,
1770447,,Jay Triemstra linkedin,
1770537,,FRANK TAMAKLOE linkedin,
1770488,,DAVID MIMS linkedin,
1770432,,SCOTT DEWITZ linkedin,
1770574,,PEARL LEE linkedin,
1770810,,MARK MCHUGH linkedin,
1770720,,TIMOTHY DOUGLAS linkedin,
1770866,,ALICE RUDD linkedin,
1770571,,MARVIN FLANIGAN linkedin,
1770501,,ROBERT BLOMMEL linkedin,
1770657,,ALLEN TEFFT linkedin,
1770544,,TIMOTHY REEVES linkedin,
1770847,,ANNE FLANAGAN linkedin,
1770937,,MELISSA DARDEN linkedin,
1771193,,ROSE-ANNE RICHTER linkedin,
1771350,,Janet Mabry linkedin,
1770718,,JAMES TAYLOR linkedin,
1771279,,RAJU PANJWANI linkedin,
1771122,,TREVOR LEVY linkedin,
1771452,,MARY ROBBINS linkedin,
1771362,,Linda Stover linkedin,
1771455,,JOHN KESSLER linkedin,
1771158,,TIMOTHY KELLEY linkedin,
1771521,,JOHN CAVEN linkedin,
1771530,,KEVIN TYRRELL linkedin,
1770894,,CYNTHIA CHAVANA linkedin,
1771386,,JAMES KIPER linkedin,
1771218,,GRANT GIER linkedin,
1771625,,CHRISTOPHER FISHER linkedin,
1771558,,KENNETH NERSESIAN linkedin,
1771579,,SIMON CANNING linkedin,
1771485,,ROBIN KRAUS linkedin,
1771636,,PETER LONGO linkedin,
1771768,,RONALD SMITH linkedin,
1771511,,DONNA MCKENZIE GRIMM linkedin,
1771827,,Dora Loaiza linkedin,
1771823,,TONI TAVEIRA linkedin,
1771882,,DONALD BOWERS linkedin,
1771786,,KENNETH REEVES linkedin,
1771830,,Bruce Waller linkedin,
1771723,,DAVID MILNE linkedin,
1771925,,CHARLES SMITH linkedin,
1771968,,JOHN DESIO linkedin,
1771991,,PATRICK HAYES linkedin,
1771891,,JONATHAN SIEGEL linkedin,
1771978,,DEANN PETER linkedin,
1772192,,JAMES VICECONTE linkedin,
1772296,,STANLEY RUSHFORD linkedin,
1772068,,STEVEN FISCHER linkedin,
1772084,,ROBERTO FELICIANO linkedin,
1772041,,MARK ISHIBASHI linkedin,
1771965,,CHRISTOPHER VAUGHAN linkedin,
1772699,,James Reed linkedin,
1772511,,KEITH ANDRUS linkedin,
1772410,,ROBERT GOLAMBOS linkedin,
1772568,,DAVID PRUETT linkedin,
1772102,,ROBERT WOODBURN linkedin,
1772397,,KEVIN CAPUTO linkedin,
1772713,,DOUGLAS PARKER linkedin,
1772716,,VERNON HOBBS linkedin,
1772549,,ALLEN SENG linkedin,
1770980,,LESLIE WALTERS linkedin,
1772798,,CAROL DONALD linkedin,
1772535,,MICHAEL GIANFRANCESCO linkedin,
1772803,,BETH HEMMER linkedin,
1772697,,DOUGLAS BANKS linkedin,
1772918,,DIANA GAUS linkedin,
1772915,,JEFFREY GELLER linkedin,
1773003,,STEVEN WELLINS linkedin,
1772842,,STEVE RICCI linkedin,
1773158,,BERNARD CARRICO linkedin,
1773088,,Theresa Zaleck linkedin,
1773028,,TIMOTHY GOOD linkedin,
1773057,,RICHARD RAMIREZ linkedin,
1773250,,STUART RASBACH linkedin,
1773274,,KATHIE OKUN linkedin,
1773357,,DAVID POLLARD linkedin,
1773043,,MARGARET HASKELL linkedin,
1773551,,MARC MAZUR linkedin,
1773203,,Christopher Sitler linkedin,
1773166,,GRAZIELLA RUFFO linkedin,
1773430,,SHARON YOUNG linkedin,
1773809,,WARREN PIERSON linkedin,
1773456,,GARY KARCH linkedin,
1773817,,TIM PEYTON linkedin,
1773889,,TRACEY FRANK linkedin,
1773586,,MICHAEL HODSON linkedin,
1773394,,STEVEN NOTO linkedin,
1773958,,KEVIN GREEN linkedin,
1773664,,MARY FEDELI linkedin,
1773963,,KIMILA SETZER linkedin,
1774022,,CHRISTOPHER HAMILTON linkedin,
1773979,,JOHN VARAO linkedin,
1774147,,Elizabeth Locksley linkedin,
1774030,,STEPHEN DEYETTE linkedin,
1774263,,MARK SERRIAN linkedin,
1773834,,HYMAN BELL linkedin,
1774469,,PAUL HUMMEL linkedin,
1774363,,WELLINGTON HILTON linkedin,
1774653,,KENNISTER DALEY linkedin,
1774749,,David Fischbach linkedin,
1774725,,RICHARD FELDER linkedin,
1774457,,SHIRLEY KELLENBERGER linkedin,
1774845,,Robert Branthover linkedin,
1775046,,RODNEY MCLEOD linkedin,
1774926,,ROBERT GETTINGER linkedin,
1774870,,GARY TIBBS linkedin,
1775014,,BRUNO LAMBRAIA linkedin,
1775062,,JOHN SUH linkedin,
1775161,,CYNTHIA CROSSEN linkedin,
1775121,,ANNMARIE RAGUSA linkedin,
1775193,,KAREN CROVICZ linkedin,
1774422,,MARK WERTHMANN linkedin,
1775127,,ROSEMARIE FOSTER linkedin,
1775012,,JOHN THUNHOLM linkedin,
1775260,,TIMOTHY MONNIN linkedin,
1774866,,TREVOR COLBY linkedin,
1775415,,CURTIS ALMY linkedin,
1775316,,TODD WERT linkedin,
1775242,,SUZANNE WALSH linkedin,
1775347,,CONNIE WONG linkedin,
1775562,,KIMBERLY MATTINGLY GASS linkedin,
1775630,,DOUGLAS JONES linkedin,
1775338,,JACQUELINE ROSEN linkedin,
1775228,,JOHN KENAN linkedin,
