crd,linkedin_url,query,engine
5705151,https://www.linkedin.com/in/patmccusker,"""PATRICK MCCUSKER"" ""ROBERT W. BAIRD & CO. INCORPORATED"" site:linkedin.com/in",ddgs
5705164,https://www.linkedin.com/in/jonathon-rearick-87936399,"""JOSEPH REARICK"" ""LPL ENTERPRISE, LLC"" site:linkedin.com/in",ddgs
5705166,https://www.linkedin.com/in/adam-newon-00703b36,"""ADAM NEWON"" site:linkedin.com/in",ddgs
5705176,https://www.linkedin.com/in/thomas-n-tullo-8ba3976,"""Thomas Tullo"" ""MERRILL LYNCH, PIERCE, FENNER & SMITH INCORPORATED"" site:linkedin.com/in",ddgs
5705181,https://www.linkedin.com/in/jeffbrown0110,"""JEFF BROWN"" site:linkedin.com/in",ddgs
5705197,https://www.linkedin.com/in/gonzalesmichelle,"""MICHELLE GONZALES"" site:linkedin.com/in",ddgs
5705198,https://www.linkedin.com/in/terri-ichinose-715b2a39,"""TERRI ICHINOSE"" ""LPL FINANCIAL LLC"" site:linkedin.com/in",ddgs
5705200,https://www.linkedin.com/in/kylemwarner,"""KYLE WARNER"" site:linkedin.com/in",ddgs
5705206,https://www.linkedin.com/in/caitlin-rose-465538b9,"""CAITLIN ROSE"" ""PRIVATE CLIENT SERVICES, LLC"" site:linkedin.com/in",ddgs
5705224,https://www.linkedin.com/in/daniel-sherr-b7048637,"""DANIEL SHERR"" ""COMMONWEALTH FINANCIAL NETWORK"" site:linkedin.com/in",ddgs
5705234,https://www.linkedin.com/in/ryan-malec-3b617337,"""RYAN MALEC"" site:linkedin.com/in",ddgs
5705237,https://www.linkedin.com/in/marioprivera,"""MARIO RIVERA"" site:linkedin.com/in",ddgs
5705252,https://www.linkedin.com/in/mark-postema-ba163767,"""Mark Postema"" ""EDWARD JONES"" site:linkedin.com/in",ddgs
5705255,https://mx.linkedin.com/in/hironobu-murakami-tahira-44455a15,"""HIRONOBU MURAKAMI"" site:linkedin.com/in",ddgs
5705299,https://www.linkedin.com/in/nikolas-pugatchenko-1ba9211b6,"""Nikolas Pugatchenko"" site:linkedin.com/in",ddgs
5705303,https://www.linkedin.com/in/casey-thompson-b6711b11,"""CASEY THOMPSON"" site:linkedin.com/in",ddgs
5705309,https://www.linkedin.com/in/greg-bentley-b32b853,"""GREG BENTLEY"" site:linkedin.com/in",ddgs
5705315,https://www.linkedin.com/in/ryan-bly,"""RYAN BLY"" site:linkedin.com/in",ddgs
5705318,https://www.linkedin.com/in/rose-watson-55492112,"""ROSE WATSON"" site:linkedin.com/in",ddgs
5705325,https://www.linkedin.com/in/rosemarie-mendoza-0bab7449,"""ROSEMARIE MENDOZA"" site:linkedin.com/in",ddgs
5705326,https://www.linkedin.com/in/timmogensen28,TIMOTHY MOGENSEN  linkedin,ddgs
5705390,https://www.linkedin.com/in/nicholas-popovec-crpc-7a034450,"""Nicholas Popovec"" ""LPL FINANCIAL LLC"" site:linkedin.com/in",ddgs
5705404,https://www.linkedin.com/in/albertbui1,"""Albert Neubert"" ""MCDONNAUGH SECURITIES LLC"" site:linkedin.com/in",ddgs
5705419,,"NICHOLAS PENIDO MML INVESTORS SERVICES, LLC linkedin",
5705441,https://www.linkedin.com/in/mike-nielsen-20442b6b,"""MICHAEL NIELSEN"" ""FBL MARKETING SERVICES, LLC"" site:linkedin.com/in",ddgs
5705445,https://www.linkedin.com/in/justin-yoon,"""Justin Yoon"" site:linkedin.com/in",ddgs
5705461,https://www.linkedin.com/in/adam-meyers-7a58481,"""ADAM MEYERS"" site:linkedin.com/in",ddgs
5705491,https://www.linkedin.com/in/keith-sweigert-cpfa-182a218,"""KEITH SWEIGERT"" ""RAYMOND JAMES FINANCIAL SERVICES, INC."" site:linkedin.com/in",ddgs
5705499,https://www.linkedin.com/in/eugenechoi-finance,"""EUGENE CHOI"" site:linkedin.com/in",ddgs
5705520,https://za.linkedin.com/in/kwasifrimpong,"""KWASI FRIMPONG"" site:linkedin.com/in",ddgs
5705532,,MA KAREN BIGLAEN  linkedin,
5705533,,ANNIE MICHELLE CHONG  linkedin,
5705540,https://www.linkedin.com/in/deanshore,"""DEAN SHORE"" ""LPL FINANCIAL LLC"" site:linkedin.com/in",ddgs
5705556,,DAIRY REEVES  linkedin,
5705558,https://www.linkedin.com/in/randy-stuart,"""RANDY STUART"" site:linkedin.com/in",ddgs
5705584,https://www.linkedin.com/in/zoriaospina,"""ZORIA OSPINA"" site:linkedin.com/in",ddgs
5705585,https://br.linkedin.com/in/diogo-yoshinaga-38318b,"""DIOGO YOSHINAGA"" site:linkedin.com/in",ddgs
5705587,https://sg.linkedin.com/in/xjshu,Xiaoyan Shu  linkedin,ddgs
5705589,https://www.linkedin.com/in/jeffrey-carey-cfbs-80668615,"""JEFFREY CAREY"" ""MML INVESTORS SERVICES, LLC"" site:linkedin.com/in",ddgs
5705594,https://www.linkedin.com/in/jamie-goldsmith-855141b8,"""JAMIE GOLDSMITH"" site:linkedin.com/in",ddgs
5705595,https://www.linkedin.com/in/adam-dale-7826182b,"""ADAM DALE"" ""WELLS FARGO CLEARING SERVICES, LLC"" site:linkedin.com/in",ddgs
5705616,https://www.linkedin.com/in/nicholasbeck,"""Nicholas Beck"" site:linkedin.com/in",ddgs
5705620,https://www.linkedin.com/in/anaduran,"""ANA DURAN"" site:linkedin.com/in",ddgs
5705631,https://www.linkedin.com/in/davidwshannon,"""DAVID SHANNON"" ""UBS FINANCIAL SERVICES INC."" site:linkedin.com/in",ddgs
5705636,https://www.linkedin.com/in/patricia-cook,"""Patricia Cook"" site:linkedin.com/in",ddgs
5705637,https://www.linkedin.com/in/victoriatrudeau,"""VICTORIA TRUDEAU"" ""UBS FINANCIAL SERVICES INC."" site:linkedin.com/in",ddgs
5705639,https://www.linkedin.com/in/jason-b-curtis,"""Jason Curtis"" site:linkedin.com/in",ddgs
5705643,https://www.linkedin.com/in/justin-puya-023ab08,"""JUSTIN PUYA"" site:linkedin.com/in",ddgs
5705644,https://www.linkedin.com/in/drwilliamdavis,"""WILLIAM DAVIS"" site:linkedin.com/in",ddgs
5705645,https://www.linkedin.com/in/william-sofen-5b991564,"""WILLIAM SOFEN"" site:linkedin.com/in",ddgs
5705654,https://www.linkedin.com/in/james-turner-bb64a73b,"""JAMES TURNER"" site:linkedin.com/in",ddgs
5705667,https://uk.linkedin.com/in/james-gilbert-96b29213,"""JAMES GILBERT"" site:linkedin.com/in",ddgs
5705689,https://www.linkedin.com/in/lionel-warshauer-4684b77,"""LIONEL WARSHAUER"" ""MERRILL LYNCH, PIERCE, FENNER & SMITH INCORPORATED"" site:linkedin.com/in",ddgs
5705692,https://www.linkedin.com/in/deana-hale-5078a173,"""Deana Hale"" ""EDWARD JONES"" site:linkedin.com/in",ddgs
5705701,https://www.linkedin.com/in/thomas-weems-1830991,"""THOMAS WEEMS"" site:linkedin.com/in",ddgs
5705710,https://www.linkedin.com/in/matthewwellsrfc,"""MATTHEW WELLS"" ""PFS INVESTMENTS INC."" site:linkedin.com/in",ddgs
5705714,https://www.linkedin.com/in/rlbeaston,"""Rebecca Boston"" ""EDWARD JONES"" site:linkedin.com/in",ddgs
5705718,https://www.linkedin.com/in/johnhboyle,"""JOHN BOYLE"" ""FIDELITY BROKERAGE SERVICES LLC"" site:linkedin.com/in",ddgs
5705730,https://www.linkedin.com/in/brianlimborg,"""BRIAN LIMBORG"" site:linkedin.com/in",ddgs
5705742,https://www.linkedin.com/in/matthew-greer-73867512,"""MATTHEW GREER"" site:linkedin.com/in",ddgs
5705762,https://www.linkedin.com/in/rob-rosin,"""ROBERT ROSIN"" site:linkedin.com/in",ddgs
5705768,https://www.linkedin.com/in/thaddaeusmoney,"""Thaddaeus Money"" ""MORGAN STANLEY"" site:linkedin.com/in",ddgs
5705774,https://www.linkedin.com/in/nicholastallent,"""Nicholas Tallent"" site:linkedin.com/in",ddgs
5705776,https://www.linkedin.com/in/justin-moore-aams®-8ab91778,"""Justin Moore"" ""EDWARD JONES"" site:linkedin.com/in",ddgs
5705780,https://www.linkedin.com/in/petersbrent,"""Brent Peters"" site:linkedin.com/in",ddgs
5705791,https://www.linkedin.com/in/troydpatterson,"""TROY PATTERSON"" site:linkedin.com/in",ddgs
5705804,https://www.linkedin.com/in/chase-moran-98023348,"""ELIZABETH MORAN"" ""BROOKFIELD PRIVATE ADVISORS LLC"" site:linkedin.com/in",ddgs
5705819,https://www.linkedin.com/in/jacobness,"""JACOB NESS"" site:linkedin.com/in",ddgs
5705824,https://www.linkedin.com/in/shana-savage-0a62b6123,"""SHANA SAVAGE"" site:linkedin.com/in",ddgs
5705835,https://www.linkedin.com/in/gina-betti,"""Gina Betti"" ""EDWARD JONES"" site:linkedin.com/in",ddgs
5705841,https://www.linkedin.com/in/donald-hardwick-3aa0b723b,"""Donald Hardwick"" site:linkedin.com/in",ddgs
5705848,https://www.linkedin.com/in/debrafitzgerald,"""DEBRA FITZGERALD"" site:linkedin.com/in",ddgs
5705865,https://uk.linkedin.com/in/michael-bird-39442a95,"""MICHAEL BIRD"" site:linkedin.com/in",ddgs
5705867,https://www.linkedin.com/in/kevin-proud,"""KEVIN PROUD"" site:linkedin.com/in",ddgs
5705870,https://www.linkedin.com/in/brianbohr,"""Brian Bohr"" ""EDWARD JONES"" site:linkedin.com/in",ddgs
5705873,https://www.linkedin.com/in/charles-imburgia-686359b,"""CHARLES IMBURGIA"" site:linkedin.com/in",ddgs
5705880,https://www.linkedin.com/in/david-qin-10430348,"""DAVID QIN"" ""PEAK6 CAPITAL MANAGEMENT LLC"" site:linkedin.com/in",ddgs
5705882,https://www.linkedin.com/in/ron-crupe-ba98987,"""RONALD CRUPE"" site:linkedin.com/in",ddgs
5705884,https://www.linkedin.com/in/michael-difonzo-89492916,"""MICHAEL DIFONZO"" site:linkedin.com/in",ddgs
5705890,https://www.linkedin.com/in/jimgordonmd,"""JAMES GORDON"" site:linkedin.com/in",ddgs
5705905,https://www.linkedin.com/in/claytonbentzen,"""CLAYTON BENTZEN"" ""LPL FINANCIAL LLC"" site:linkedin.com/in",ddgs
5705910,https://uk.linkedin.com/in/wan-tse-chu-6a4593213,SUK WAN TSE  linkedin,ddgs
5705922,https://ca.linkedin.com/in/carlmeyer,"""CARL MEYER"" site:linkedin.com/in",ddgs
5705927,https://www.linkedin.com/in/maxwellheller,"""Maxwell Heller"" site:linkedin.com/in",ddgs
5705931,https://www.linkedin.com/in/zach-bolden-6099b964,"""Zach Bolden"" site:linkedin.com/in",ddgs
5705935,https://www.linkedin.com/in/maria-di-palma-320ba1106,"""MARIA DI PALMA"" site:linkedin.com/in",ddgs
5705944,https://www.linkedin.com/in/p-andrew-kennedy,"""ANDREW KENNEDY"" site:linkedin.com/in",ddgs
5705952,https://www.linkedin.com/in/jesse-pruitt-2629a619b,"""Brian Pruitt"" ""J.P. MORGAN SECURITIES LLC"" site:linkedin.com/in",ddgs
5705955,https://www.linkedin.com/in/jefwu,"""JEFFREY WU"" site:linkedin.com/in",ddgs
5705965,https://www.linkedin.com/in/stuart-garner-b3024ba9,"""STUART GARNER"" site:linkedin.com/in",ddgs
5706000,https://www.linkedin.com/in/dianne-ogden-9261b3156,"""Dianne Ogden"" site:linkedin.com/in",ddgs
5706013,https://www.linkedin.com/in/harold-tinsley-5213b33b,"""Harold Tinsley"" ""EDWARD JONES"" site:linkedin.com/in",ddgs
5706018,https://www.linkedin.com/in/tracycoker,"""Tracy Coker"" ""EDWARD JONES"" site:linkedin.com/in",ddgs
5706022,,SANJAY MAHBUBANI J.P. MORGAN SECURITIES LLC linkedin,
5706027,https://www.linkedin.com/in/barry-rose,"""BARRY ROSE"" site:linkedin.com/in",ddgs
5706031,https://www.linkedin.com/in/tina-williams-3182b2149,"""Tina Williams"" ""EDWARD JONES"" site:linkedin.com/in",ddgs
5706034,https://www.linkedin.com/in/melanie-dehler-cfp®-190882289,"""MELANIE DEHLER"" ""J.P. MORGAN SECURITIES LLC"" site:linkedin.com/in",ddgs
5706039,https://uk.linkedin.com/in/lawrenceweller,"""LAWRENCE WELLER"" site:linkedin.com/in",ddgs
5706041,https://de.linkedin.com/in/yvonne-gundlach-651a07152,"""YVONNE GUNDLACH"" site:linkedin.com/in",ddgs
5706043,https://www.linkedin.com/in/christina-ramos-b3a64937,"""CHRISTINA RAMOS"" site:linkedin.com/in",ddgs
5706047,https://www.linkedin.com/in/crystal-williams-05792653,"""CRYSTEL WILLIAMS"" ""J.P. MORGAN SECURITIES LLC"" site:linkedin.com/in",ddgs
5706049,https://www.linkedin.com/in/joirushing,"""JOI RUSHING"" ""MERRILL LYNCH, PIERCE, FENNER & SMITH INCORPORATED"" site:linkedin.com/in",ddgs
5706051,https://www.linkedin.com/in/kurtis-anders-61579473,"""KURTIS ANDERS"" site:linkedin.com/in",ddgs
5706053,https://www.linkedin.com/in/nicoleyesko,"""NICOLE YESKO"" site:linkedin.com/in",ddgs
5706060,https://in.linkedin.com/in/bhavana-mehta,"""Bhavana Mehta"" site:linkedin.com/in",ddgs
5706062,https://www.linkedin.com/in/amandaverstegen,"""AMANDA VERSTEGEN"" site:linkedin.com/in",ddgs
5706075,,"MATTHEW ZANARDO AAG CAPITAL, INC linkedin",
5706077,https://www.linkedin.com/in/jennifer-george-mba-gaicd-120ba210,"""JENNIFER GEORGE"" ""AMERIPRISE FINANCIAL SERVICES, LLC"" site:linkedin.com/in",ddgs
5706078,https://www.linkedin.com/in/patricia-grimaldo-850251149,"""PATRICIA GRIMALDO"" site:linkedin.com/in",ddgs
5706090,,GEOFFREY DUWORS TRUMID FINANCIAL LLC linkedin,
5706093,https://www.linkedin.com/in/latishia-brown-robertson-380b4924b,"""LATISHIA BROWN ROBERTSON"" ""PFS INVESTMENTS INC."" site:linkedin.com/in",ddgs
5706104,https://www.linkedin.com/in/markdeulley,"""MARK DEULLEY"" site:linkedin.com/in",ddgs
5706127,https://www.linkedin.com/in/barb-fahnstrom-0a119215,"""BARBARA FAHNSTROM"" ""PNC CAPITAL MARKETS LLC"" site:linkedin.com/in",ddgs
5706135,,JUSTIN HANIKA J.P. MORGAN SECURITIES LLC linkedin,
5706136,https://www.linkedin.com/in/fredmerkich,"""FRED MERKICH"" site:linkedin.com/in",ddgs
5706142,https://www.linkedin.com/in/ching-hsu,"""CHING HSU"" site:linkedin.com/in",ddgs
5706149,,MARY BETH GILROY FIDELITY BROKERAGE SERVICES LLC linkedin,
5706154,https://www.linkedin.com/in/jason-allen-07572a176,"""JASON ALLEN"" site:linkedin.com/in",ddgs
5706161,https://www.linkedin.com/in/esilverstein,"""ELLIOT SILVERSTEIN"" site:linkedin.com/in",ddgs
5706179,https://www.linkedin.com/in/evelynsalcedo,"""EVELYN SALCEDO"" site:linkedin.com/in",ddgs
5706180,https://www.linkedin.com/in/greg-pratte-2264755,"""Greg Pratte"" site:linkedin.com/in",ddgs
5706182,https://www.linkedin.com/in/charlesthomas27,"""CHARLES THOMAS"" site:linkedin.com/in",ddgs
5706184,https://www.linkedin.com/in/cschiel,"""CHAD SCHIEL"" site:linkedin.com/in",ddgs
5706194,https://www.linkedin.com/in/btyost,"""BRIAN YOST"" site:linkedin.com/in",ddgs
5706198,https://uk.linkedin.com/in/beata-puk-925921227,"""BEATA PUK"" site:linkedin.com/in",ddgs
5706203,https://www.linkedin.com/in/woong-kim-aa025b97,"""Woong Kim"" ""OSAIC WEALTH, INC."" site:linkedin.com/in",ddgs
5706204,https://www.linkedin.com/in/amanda-blackshaw-cfp®-14862a28,"""AMANDA BLACKSHAW"" site:linkedin.com/in",ddgs
5706207,https://www.linkedin.com/in/wendy-hyde-rindfliesch-30501067,"""WENDY RINDFLIESCH"" ""MORGAN STANLEY"" site:linkedin.com/in",ddgs
5706211,https://www.linkedin.com/in/marcthuot,"""MARC THUOT"" site:linkedin.com/in",ddgs
5706217,https://pr.linkedin.com/in/ricardo-mercedes,"""Ricardo Mercedes"" site:linkedin.com/in",ddgs
5706221,https://www.linkedin.com/in/maggiemmay,"""Maggie May"" site:linkedin.com/in",ddgs
5706237,https://www.linkedin.com/in/markus-henain-mba-cpa-cfp-08489314,"""MARKUS HENAIN"" site:linkedin.com/in",ddgs
5706239,https://www.linkedin.com/in/samuel-trommler,"""Samuel Trommler"" site:linkedin.com/in",ddgs
5706257,https://www.linkedin.com/in/jonathanelliott01,"""JONATHAN ELLIOTT"" ""ALLSTATE FINANCIAL SERVICES, LLC"" site:linkedin.com/in",ddgs
5706273,https://www.linkedin.com/in/david-henderson-7761a035,"""DAVID HENDERSON"" ""LPL FINANCIAL LLC"" site:linkedin.com/in",ddgs
5706288,https://www.linkedin.com/in/karencurry,"""KAREN CURRY"" site:linkedin.com/in",ddgs
5706302,https://www.linkedin.com/in/michael-thompson-55109126,"""Michael Thompson"" site:linkedin.com/in",ddgs
5706312,https://www.linkedin.com/in/matthew-friess-621688143,"""MATTHEW FRIESS"" site:linkedin.com/in",ddgs
5706324,https://www.linkedin.com/in/stephencharlesgeorge,"""STEPHEN GEORGE"" site:linkedin.com/in",ddgs
5706329,https://www.linkedin.com/in/stefanie-helman-lpc-ncc-995028101,"""Steffanie Helsman"" site:linkedin.com/in",ddgs
5706331,https://www.linkedin.com/in/jamesreevesnyl,"""JAMES REEVES"" ""NYLIFE SECURITIES LLC"" site:linkedin.com/in",ddgs
5706334,https://www.linkedin.com/in/kevinpollardlinkedin,"""Kevin Pollard"" site:linkedin.com/in",ddgs
5706346,https://www.linkedin.com/in/norman-sohn-md-mba-crpc-facs-10688897,"""NORMAN SOHN"" site:linkedin.com/in",ddgs
5706352,https://www.linkedin.com/in/andrewlehman34,"""ANDREW LEHMAN"" site:linkedin.com/in",ddgs
5706357,https://www.linkedin.com/in/brandon-kizer-78365580,"""BRANDON KIZER"" site:linkedin.com/in",ddgs
5706365,https://www.linkedin.com/in/marcbivona,"""MARC BIVONA"" site:linkedin.com/in",ddgs
5706367,https://www.linkedin.com/in/chrisqualls,"""CHRIS QUALLS"" site:linkedin.com/in",ddgs
5706371,https://www.linkedin.com/in/justinrogerlynch,"""Justin Lynch"" site:linkedin.com/in",ddgs
5706381,https://www.linkedin.com/in/leo-acheson-cfa-a7622417,"""LEO ACHESON"" site:linkedin.com/in",ddgs
5706387,https://www.linkedin.com/in/hector-lopez-a48732109,"""HECTOR LOPEZ"" ""LPL FINANCIAL LLC"" site:linkedin.com/in",ddgs
5706392,https://www.linkedin.com/in/brian-tobin-02392715,"""BRIAN TOBIN"" site:linkedin.com/in",ddgs
5706394,https://uk.linkedin.com/in/hoi-yee-lo-7a387a22b,"""HOI YEE LO"" site:linkedin.com/in",ddgs
5706398,https://www.linkedin.com/in/anne-jordan-30037412,"""ANNE JORDAN"" ""ALLSTATE FINANCIAL SERVICES, LLC"" site:linkedin.com/in",ddgs
5706412,https://www.linkedin.com/in/mark-rummans-a49ab5143,"""MARK RUMMANS"" site:linkedin.com/in",ddgs
5706414,https://www.linkedin.com/in/daniel-song-7b0813125,"""DANIEL SONG"" site:linkedin.com/in",ddgs
5706423,https://www.linkedin.com/in/monica-reed-md-msc-84a99b6b,"""MONICA REED"" site:linkedin.com/in",ddgs
5706444,https://www.linkedin.com/in/holli-joyce-02a4b7ab,"""HOLLI JOYCE"" site:linkedin.com/in",ddgs
5706455,https://www.linkedin.com/in/melissaray-strategy,"""MELISSA RAY"" site:linkedin.com/in",ddgs
5706466,https://www.linkedin.com/in/davidsolow,"""DAVID SOLOW"" site:linkedin.com/in",ddgs
5706515,https://www.linkedin.com/in/david-newman-b5363b18,"""DAVID NEWMAN"" site:linkedin.com/in",ddgs
5706532,https://www.linkedin.com/in/cbeane,"""CHRISTOPHER BEANE"" site:linkedin.com/in",ddgs
5706535,https://www.linkedin.com/in/elvis-infante-b93a4110,"""ELVIS INFANTE"" site:linkedin.com/in",ddgs
5706543,https://www.linkedin.com/in/joyce-stewart-40482385,"""JOYCE STEWART"" site:linkedin.com/in",ddgs
5706549,https://jp.linkedin.com/in/hiroki-kanazawa-4720171a3,"""HIROKI KANAZAWA"" site:linkedin.com/in",ddgs
5706561,https://www.linkedin.com/in/andrewwethern,"""Andrew Wethern"" site:linkedin.com/in",ddgs
5706562,https://www.linkedin.com/in/tim-berry-410b854,"""TIMOTHY BERRY"" ""DAWSON JAMES SECURITIES, INC."" site:linkedin.com/in",ddgs
5706573,https://www.linkedin.com/in/zachary-kile-5682478b,"""ZACHARY KILE"" site:linkedin.com/in",ddgs
5706582,https://www.linkedin.com/in/katherine-pepper-74771b,"""KATHERINE Pepper"" site:linkedin.com/in",ddgs
5706599,https://www.linkedin.com/in/tcorcoran,"""TIMOTHY CORCORAN"" site:linkedin.com/in",ddgs
5706603,https://www.linkedin.com/in/narinder-puri-61932618,"""NARINDER PURI"" site:linkedin.com/in",ddgs
5706618,https://www.linkedin.com/in/arekpuzia,"""AREK PUZIA"" site:linkedin.com/in",ddgs
5706635,https://www.linkedin.com/in/joseph-meklin-cima®-68b519193,"""JOSEPH MEKLIN"" ""MERRILL LYNCH, PIERCE, FENNER & SMITH INCORPORATED"" site:linkedin.com/in",ddgs
5706639,https://www.linkedin.com/in/mzapalova,"""MARIANNA ZAPALOVA"" site:linkedin.com/in",ddgs
5706640,https://www.linkedin.com/in/travis-pittman,"""TRAVIS PITTMAN"" site:linkedin.com/in",ddgs
5706647,https://www.linkedin.com/in/adam-frapart-46158713,"""ADAM FRAPART"" site:linkedin.com/in",ddgs
5706656,https://www.linkedin.com/in/michael-milligan-845b459,"""MICHAEL MILLIGAN"" site:linkedin.com/in",ddgs
5706672,https://www.linkedin.com/in/courtney-pregler-b81a4821,"""COURTNEY PREGLER"" site:linkedin.com/in",ddgs
5706692,https://www.linkedin.com/in/jeffreyabarr,"""JEFFREY BARR"" site:linkedin.com/in",ddgs
5706696,https://www.linkedin.com/in/mitchell-siegel-46b0b4a,"""MICHAEL SIEGEL"" ""USQ SECURITIES LLC"" site:linkedin.com/in",ddgs
5706701,https://www.linkedin.com/in/douglas-heal-3489323a,"""DOUGLAS HEAL"" site:linkedin.com/in",ddgs
5706714,https://www.linkedin.com/in/danieldenboeralvarez,"""Daniel Alvarez"" ""J.P. MORGAN SECURITIES LLC"" site:linkedin.com/in",ddgs
5706725,https://www.linkedin.com/in/barbara-crane-0664a910,"""BARBARA CRANE"" site:linkedin.com/in",ddgs
5706733,https://www.linkedin.com/in/brian-davis-9765964b,"""Brian Davis"" site:linkedin.com/in",ddgs
5706753,https://www.linkedin.com/in/tj-gies-cima®-275465a,"""THOMAS GIES"" ""EDWARD JONES"" site:linkedin.com/in",ddgs
5706755,https://www.linkedin.com/in/sejal-patel-11b3507b,"""SEJAL PATEL"" ""EMPOWER FINANCIAL SERVICES, INC."" site:linkedin.com/in",ddgs
5706759,https://www.linkedin.com/in/al-tolli-10a8ba16,"""ALFRED TOLLI"" ""LPL ENTERPRISE, LLC"" site:linkedin.com/in",ddgs
5706761,https://www.linkedin.com/in/jamie-gresik,"""JAMIE GRESIK"" site:linkedin.com/in",ddgs
5706775,https://www.linkedin.com/in/erin-tice-3b2772186,"""ERIN TICE"" site:linkedin.com/in",ddgs
5706776,https://www.linkedin.com/in/teena-hostovich-1015697,"""TEENA HOSTOVICH"" site:linkedin.com/in",ddgs
5706777,https://www.linkedin.com/in/matthew-polansky-a9aa064b,"""MATTHEW POLANSKY"" site:linkedin.com/in",ddgs
5706788,https://www.linkedin.com/in/jamesrichardsvirtual,"""JAMES RICHARDS"" ""UBS FINANCIAL SERVICES INC."" site:linkedin.com/in",ddgs
5706796,https://www.linkedin.com/in/dkstone,"""DAVID STONE"" site:linkedin.com/in",ddgs
5706806,https://www.linkedin.com/in/kendrick-howard-8327b146,"""KENDRICK HOWARD"" site:linkedin.com/in",ddgs
5706814,https://www.linkedin.com/in/noel-goodrich-0232292b1,"""NOEL GOODRICH"" site:linkedin.com/in",ddgs
5706827,https://www.linkedin.com/in/patrick-king-aba3a3115,"""PATRICK KING"" site:linkedin.com/in",ddgs
5706831,https://www.linkedin.com/in/kassie-potter-001132a6,"""KASSIE POTTER"" ""MORGAN STANLEY"" site:linkedin.com/in",ddgs
5706834,https://www.linkedin.com/in/john-andersen-09416814,"""John Andersen"" ""LPL FINANCIAL LLC"" site:linkedin.com/in",ddgs
5706887,https://www.linkedin.com/in/michellechasebaum,"""MICHELLE BAUM"" site:linkedin.com/in",ddgs
5706890,,DEMETRIECE TREVILLION CETERA ADVISORS LLC linkedin,
5706914,https://www.linkedin.com/in/michael-gould-4ab287356,"""Michael Gould"" site:linkedin.com/in",ddgs
5706932,https://www.linkedin.com/in/r-wilkerson-789b8211,"""R WILKERSON"" site:linkedin.com/in",ddgs
5706934,https://www.linkedin.com/in/michael-anderson-8940424,"""MICHAEL ANDERSON"" site:linkedin.com/in",ddgs
5706936,https://www.linkedin.com/in/seanlawson,"""Sean Lawson"" site:linkedin.com/in",ddgs
5706938,https://www.linkedin.com/in/laura-gerstemeier-7166812a1,"""LAURA GERSTEMEIER"" site:linkedin.com/in",ddgs
5706940,https://www.linkedin.com/in/kelly-thornburg-5b5b071,"""Kelly Thornburg"" site:linkedin.com/in",ddgs
5706954,,KIMBERLY FEROLINO PFS INVESTMENTS INC. linkedin,
5706956,https://www.linkedin.com/in/harveydavismusic,"""HARVEY DAVIS"" site:linkedin.com/in",ddgs
5706966,https://www.linkedin.com/in/jenna-centofanti,"""JENNA CENTOFANTI"" site:linkedin.com/in",ddgs
5706988,https://www.linkedin.com/in/caragardner,"""CARA GARDNER"" site:linkedin.com/in",ddgs
5707001,https://www.linkedin.com/in/christopher-varga-02718952,CHRISTA VARGA  linkedin,ddgs
5707016,https://www.linkedin.com/in/yang-chen-757603a,"""yang chen"" site:linkedin.com/in",ddgs
5707057,https://www.linkedin.com/in/catharine-tondreau-cpa-271b8338,"""CATHARINE TONDREAU"" ""MORGAN STANLEY"" site:linkedin.com/in",ddgs
5707064,https://www.linkedin.com/in/amy-hertenstein-5350ba3,"""AMY HERTENSTEIN"" site:linkedin.com/in",ddgs
5707075,,ISAAC SUDUT  linkedin,
5707147,https://www.linkedin.com/in/wei-jen-yuan-3a899a8b,"""WEI-JEN YUAN"" site:linkedin.com/in",ddgs
5707162,https://www.linkedin.com/in/christopher-felt-992863314,"""CHRISTOPHER FELT"" site:linkedin.com/in",ddgs
5707179,https://www.linkedin.com/in/anthony-mcgill-71956823,"""ANTHONY MCGILL"" site:linkedin.com/in",ddgs
5707184,https://www.linkedin.com/in/amandaperkins89,"""Amanda Perkins"" site:linkedin.com/in",ddgs
5707193,https://www.linkedin.com/in/omar-a-ramos,"""OMAR ALEXANDER RAMOS"" site:linkedin.com/in",ddgs
5707198,https://www.linkedin.com/in/alfonso-garcia-1b1525123,"""ALFONSO GARCIA"" site:linkedin.com/in",ddgs
5707204,https://www.linkedin.com/in/tylerhague,"""Tyler Hague"" site:linkedin.com/in",ddgs
5707208,https://www.linkedin.com/in/daniel-nesmith-96b5298b,"""DANIEL NESMITH"" site:linkedin.com/in",ddgs
5707212,https://www.linkedin.com/in/dlnelson4,"""DANIEL NELSON"" site:linkedin.com/in",ddgs
5707233,https://www.linkedin.com/in/cassandra-dowd-5a092452,"""CASSANDRA DOWD"" ""MORGAN STANLEY"" site:linkedin.com/in",ddgs
5707250,https://www.linkedin.com/in/casey-d-johnson,"""CASEY JOHNS"" ""D & D SECURITIES, INC."" site:linkedin.com/in",ddgs
5707257,https://www.linkedin.com/in/allison-lane-1b19a3366,"""ALLISON LANE"" site:linkedin.com/in",ddgs
5707260,https://uk.linkedin.com/in/kevin-little-b51231194,"""KEVIN LITTLE"" site:linkedin.com/in",ddgs
5707284,https://www.linkedin.com/in/mathewmoon,"""MATHEW MOON"" site:linkedin.com/in",ddgs
5707287,https://www.linkedin.com/in/joseph-narens-4b492b5,"""JOSEPH NARENS"" site:linkedin.com/in",ddgs
5707288,https://www.linkedin.com/in/taylor-stone-a93369253,"""TAYLOR STONE"" site:linkedin.com/in",ddgs
5707296,https://www.linkedin.com/in/michael-son-7a11767,"""MICHAEL SON"" site:linkedin.com/in",ddgs
5707313,https://www.linkedin.com/in/marvel-richards-645593172,"""ARVEL RICHARDS"" site:linkedin.com/in",ddgs
5707320,https://www.linkedin.com/in/krystian-miara-03569b91,"""KRYSTIAN MIARA"" site:linkedin.com/in",ddgs
5707326,https://www.linkedin.com/in/meagan-parkin-55b020162,"""MICHAEL PARKIN"" ""FIDELITY BROKERAGE SERVICES LLC"" site:linkedin.com/in",ddgs
5707327,https://www.linkedin.com/in/elisa-roth-72223b18,"""EMELYNE ROTH"" ""EMPOWER FINANCIAL SERVICES, INC."" site:linkedin.com/in",ddgs
5707329,https://www.linkedin.com/in/patriciarodrigueztalavera,"""PATRICIA RODRIGUEZ"" site:linkedin.com/in",ddgs
5707330,https://www.linkedin.com/in/jenpowers,"""JENNIFER POWERS"" site:linkedin.com/in",ddgs
5707342,https://www.linkedin.com/in/adrianomedina,"""ADRIANO MEDINA"" site:linkedin.com/in",ddgs
5707356,https://www.linkedin.com/in/jamie-hare,"""JAMES HARE"" site:linkedin.com/in",ddgs
5707357,https://www.linkedin.com/in/nicholas-ocken-92847230,"""Nicholas Ocken"" site:linkedin.com/in",ddgs
5707370,https://ca.linkedin.com/in/avinashdsouza,"""AVINASH D'SOUZA"" site:linkedin.com/in",ddgs
5707371,https://www.linkedin.com/in/donnell-scott,"""DUSTIN DONNELL"" ""WOODMEN FINANCIAL SERVICES, INC."" site:linkedin.com/in",ddgs
5707379,https://www.linkedin.com/in/itai-bregman-1a05693,"ITAI BREGMAN CITIZENS JMP SECURITIES, LLC linkedin",ddgs
5707408,,Lawrence Comp  linkedin,
5707410,https://www.linkedin.com/in/joshcolewriteshome,"""JOSHUA COLE"" site:linkedin.com/in",ddgs
5707426,https://www.linkedin.com/in/randy-vail-9440511ab,"""Richard Vail"" ""NORTHWESTERN MUTUAL INVESTMENT SERVICES, LLC"" site:linkedin.com/in",ddgs
5707461,https://www.linkedin.com/in/gvntaylor,"""GAVIN TAYLOR"" site:linkedin.com/in",ddgs
5707514,https://www.linkedin.com/in/nick-tzefos,"""NICK TZEFOS"" site:linkedin.com/in",ddgs
5707520,https://www.linkedin.com/in/ganapathy-pattabiraman-58289610,"""GANAPATHY PATTABIRAMAN"" site:linkedin.com/in",ddgs
5707550,https://www.linkedin.com/in/brian-shaw-71a24547,"""BRIAN SHAW"" site:linkedin.com/in",ddgs
5707556,https://www.linkedin.com/in/graig-keklikian,"""GRAIG KEKLIKIAN"" site:linkedin.com/in",ddgs
5707557,https://www.linkedin.com/in/sherri-gilligan-ricp®-crpc®-cltc®-7a881b34,"""SHERRI GILLIGAN"" site:linkedin.com/in",ddgs
5707560,https://de.linkedin.com/in/matilda-skelton-mace,"""MATILDE SKELTON"" site:linkedin.com/in",ddgs
5707568,https://www.linkedin.com/in/michael-gandy-411361,"""Laura Gandy"" ""J.P. MORGAN SECURITIES LLC"" site:linkedin.com/in",ddgs
5707580,https://www.linkedin.com/in/pamelacapalad,"""PAMELA CAPALAD"" site:linkedin.com/in",ddgs
5707585,https://www.linkedin.com/in/ira-penza-70954a12,"""IRA PENZA"" site:linkedin.com/in",ddgs
5707589,https://www.linkedin.com/in/ralph-zulferino-874a5b12,"""RALPH ZULFERINO"" site:linkedin.com/in",ddgs
5707592,https://in.linkedin.com/in/pratish-das-32b2a921,"""PRATISH DAS"" site:linkedin.com/in",ddgs
5707602,https://au.linkedin.com/in/kenneth-locking-576766109,"""KENNETH LOCKING"" site:linkedin.com/in",ddgs
5707605,https://www.linkedin.com/in/jen-hu-74a621101/en,"""JEN HU"" site:linkedin.com/in",ddgs
5707618,https://www.linkedin.com/in/clayton-benway-0b46688,"""Clayton Benway"" site:linkedin.com/in",ddgs
5707648,https://www.linkedin.com/in/thomas-w-miller,"""THOMAS MILLER"" site:linkedin.com/in",ddgs
5707663,https://www.linkedin.com/in/pthopkinson,"""Peter Hopkinson"" ""MORGAN STANLEY"" site:linkedin.com/in",ddgs
5707666,https://www.linkedin.com/in/therakul-pulpanyawong-53581b249,"""THERAKUL PULPANYAWONG"" ""HILLTOP SECURITIES INC."" site:linkedin.com/in",ddgs
5707670,https://www.linkedin.com/in/megan-gunderson-02067a168,"""AMY GUNDERSON"" ""CETERA WEALTH SERVICES, LLC"" site:linkedin.com/in",ddgs
5707676,https://www.linkedin.com/in/michaeljgermana,"""MICHAEL GERMANA"" ""WELLS FARGO CLEARING SERVICES, LLC"" site:linkedin.com/in",ddgs
5707697,https://www.linkedin.com/in/eric-noto-17506b1a,"""ERIC NOTO"" site:linkedin.com/in",ddgs
5707703,https://www.linkedin.com/in/monte-gagnier-cfp®-9b88ba13,"""MONTE GAGNIER"" site:linkedin.com/in",ddgs
5707710,https://www.linkedin.com/in/johnfemenia,"""JOHN FEMENIA"" site:linkedin.com/in",ddgs
5707731,https://it.linkedin.com/in/maurizio-v-infante-b42a0519/it,"""VALENTINO INFANTE"" site:linkedin.com/in",ddgs
5707752,https://www.linkedin.com/in/marc-fox-a02b316,"""MARC FOX"" site:linkedin.com/in",ddgs
5707758,https://www.linkedin.com/in/william-vogt-ii-8167324,"""WESLEY VOGT"" ""COUNTRY CAPITAL MANAGEMENT COMPANY"" site:linkedin.com/in",ddgs
5707767,https://www.linkedin.com/in/peter-day,"""PETER DAY"" site:linkedin.com/in",ddgs
5707775,https://www.linkedin.com/in/ektapatel1,"""EKTA PATEL"" site:linkedin.com/in",ddgs
5707787,https://www.linkedin.com/in/justin-sayada-024a8251,"""Justin Sayada"" ""U.S. BANCORP ADVISORS, LLC"" site:linkedin.com/in",ddgs
5707789,https://www.linkedin.com/in/joanne-bowlus-24250575,"""JOANNE BOWLUS"" site:linkedin.com/in",ddgs
5707797,https://www.linkedin.com/in/grahamkeithriley,"""GRAHAM RILEY"" site:linkedin.com/in",ddgs
5707804,https://www.linkedin.com/in/dustin-osborne-cfp®-rma®-61894020,"""DUSTIN OSBORNE"" ""COMMONWEALTH FINANCIAL NETWORK"" site:linkedin.com/in",ddgs
5707807,https://www.linkedin.com/in/glennregan,"""Glenn Regan"" site:linkedin.com/in",ddgs
5707808,https://www.linkedin.com/in/realestateinarizona,"""RICHARD WEST"" ""LPL FINANCIAL LLC"" site:linkedin.com/in",ddgs
5707812,https://www.linkedin.com/in/esmeralda-aguilar-042b67406,"""Esther Aguilar"" ""J.P. MORGAN SECURITIES LLC"" site:linkedin.com/in",ddgs
5707816,https://www.linkedin.com/in/bradleyaellis,"""BRADLEY ELLINS"" site:linkedin.com/in",ddgs
5707818,https://www.linkedin.com/in/michael-delaney-a71697165,"""Michael Delaney"" site:linkedin.com/in",ddgs
5707829,https://www.linkedin.com/in/mark-short-6a519712,"""MARK SHORT"" site:linkedin.com/in",ddgs
5707831,https://sg.linkedin.com/in/taimur-baig-7644335,"""TAIMUR BAIG"" site:linkedin.com/in",ddgs
5707841,https://www.linkedin.com/in/rafael-antonio-gutierrez-balderrabano-a796a2b,"""RAFAEL GUTIERREZ BALDERRABANO"" ""MORGAN STANLEY"" site:linkedin.com/in",ddgs
5707868,https://www.linkedin.com/in/stephen-ference-897924137,"""STEPHEN FERENCE"" site:linkedin.com/in",ddgs
5707889,https://www.linkedin.com/in/thomas-mccurry-a1071040,"""Thomas McCurry"" ""ALLSTATE FINANCIAL SERVICES, LLC"" site:linkedin.com/in",ddgs
5707895,https://www.linkedin.com/in/grantmckay,"""GRANT MCKAY"" ""MORGAN STANLEY"" site:linkedin.com/in",ddgs
5707913,https://www.linkedin.com/in/anthony-fiore-6177563a7,"""ANTHONY FIORE"" ""MML INVESTORS SERVICES, LLC"" site:linkedin.com/in",ddgs
5707918,https://www.linkedin.com/in/rebeccakchin,"""REBECCA CHIN"" site:linkedin.com/in",ddgs
5707919,https://www.linkedin.com/in/irfan-dossani-a5866912,"""IRFAN DOSSANI"" site:linkedin.com/in",ddgs
5707943,https://www.linkedin.com/in/samuel-hawkins-b2a098171,"""Keif Samuel"" ""ROCKEFELLER FINANCIAL LLC"" site:linkedin.com/in",ddgs
5707949,https://www.linkedin.com/in/williamcowan-dvm,"""WILLIAM COWAN"" site:linkedin.com/in",ddgs
5707972,https://www.linkedin.com/in/brettkratzer,"""Brett Kratzer"" site:linkedin.com/in",ddgs
5707980,https://www.linkedin.com/in/mark-chioda-629b371,"""MARK CHIODA"" site:linkedin.com/in",ddgs
5707992,https://www.linkedin.com/in/camilleltaylor,"""CAMILLE TAYLOR"" site:linkedin.com/in",ddgs
5707993,https://www.linkedin.com/in/bianca-valdovinos-91322479,"""Bianca Valdovinos"" site:linkedin.com/in",ddgs
5707994,https://www.linkedin.com/in/scott-elgin-6a968b8a,"""SCOTT ELGIN"" site:linkedin.com/in",ddgs
5708002,https://www.linkedin.com/in/christopher-legaspi-30513519,"""CHRISTOPHER LEGASPI"" site:linkedin.com/in",ddgs
5708003,https://www.linkedin.com/in/judith-youngblood-2a4a515,"""JUDITH YOUNGBLOOD"" site:linkedin.com/in",ddgs
5708022,https://www.linkedin.com/in/andrew-tanenbaum-113744b,"""ANDREW TANENBAUM"" site:linkedin.com/in",ddgs
5708037,https://www.linkedin.com/in/ahmack,"""ALEXANDER MACK"" site:linkedin.com/in",ddgs
5708041,https://www.linkedin.com/in/matthew-courtney-cfa-5348a39,"""MATTHEW COURTNEY"" ""PIPER SANDLER & CO."" site:linkedin.com/in",ddgs
5708045,https://www.linkedin.com/in/andrewsouthwell,"""ANDREW SOUTHWELL"" site:linkedin.com/in",ddgs
5708050,https://uk.linkedin.com/in/andrew-spikins-53b05032,"""ANDREW SPIKINS"" site:linkedin.com/in",ddgs
5708052,https://www.linkedin.com/in/susan-dezio-37857715,"""SUSAN DEZIO"" site:linkedin.com/in",ddgs
5708053,https://www.linkedin.com/in/roberta-cruz-18538b172,"""ROBERT CRUZ"" ""UBS FINANCIAL SERVICES INC."" site:linkedin.com/in",ddgs
5708058,https://www.linkedin.com/in/jared-davin-83b05012,"""JARED DAVIN"" site:linkedin.com/in",ddgs
5708062,https://www.linkedin.com/in/josephmanno,"""JOSEPH MANNO"" site:linkedin.com/in",ddgs
5708070,https://www.linkedin.com/in/sarah-dodds-a21027b8,"""SARAH DODDS"" ""UBS FINANCIAL SERVICES INC."" site:linkedin.com/in",ddgs
5708084,https://www.linkedin.com/in/eytan-feldman-38691b4,"""EYTAN FELDMAN"" ""OLD CITY SECURITIES LLC"" site:linkedin.com/in",ddgs
5708124,https://www.linkedin.com/in/feldmeyerfinancial,"""EHREN FELDMEYER"" ""LPL FINANCIAL LLC"" site:linkedin.com/in",ddgs
5708130,https://www.linkedin.com/in/davidgehring,"""DAVID GEHRING"" site:linkedin.com/in",ddgs
5708131,https://cl.linkedin.com/in/jeny-villarroel-911a97186,"""JENY VILLARROEL"" site:linkedin.com/in",ddgs
5708171,https://www.linkedin.com/in/brandon-viers-3b086224,"""BRANDON VIERS"" site:linkedin.com/in",ddgs
5708172,https://www.linkedin.com/in/justinmdougherty,"""JUSTIN DOUGHERTY"" site:linkedin.com/in",ddgs
5708196,https://www.linkedin.com/in/michael-richards-1b7b1b4,"""MICHAEL RICHARDS"" ""JEFFERIES LLC"" site:linkedin.com/in",ddgs
5708200,https://www.linkedin.com/in/maddox,"""MICHAEL MADDOX"" site:linkedin.com/in",ddgs
5708205,https://www.linkedin.com/in/michaelgertner,ALBERT GERTNER  linkedin,ddgs
5708212,https://www.linkedin.com/in/johnzollinger,"""JOHN ZOLLINGER"" site:linkedin.com/in",ddgs
5708214,https://www.linkedin.com/in/michael-hastings-53959858,"""MICHAEL HASTINGS"" ""LPL FINANCIAL LLC"" site:linkedin.com/in",ddgs
5708237,https://www.linkedin.com/in/bhakti-kothary-96772615,"""BHAKTI KOTHARY"" site:linkedin.com/in",ddgs
5708242,https://www.linkedin.com/in/michael-gray-8404b87a,"""MAYLEEN GRAY"" ""PFS INVESTMENTS INC."" site:linkedin.com/in",ddgs
5708247,https://www.linkedin.com/in/jordanjulia,"""Julia Jordan"" site:linkedin.com/in",ddgs
5708249,https://www.linkedin.com/in/tim-gray-cia-cfe-crisc-559b1183,"""TIMOTHY GRAY"" ""WOODMEN FINANCIAL SERVICES, INC."" site:linkedin.com/in",ddgs
5708250,https://www.linkedin.com/in/pamela-moose-808109122,"""PAMELA MOOSE"" site:linkedin.com/in",ddgs
5708251,https://www.linkedin.com/in/lawanda-anderson-06867231,"""LAWANDA ANDERSON"" site:linkedin.com/in",ddgs
5708262,https://www.linkedin.com/in/johnhammons,"""JOHN HAMMONS"" site:linkedin.com/in",ddgs
5708271,https://www.linkedin.com/in/charlotte-jones-780aab1a,"""Carlton JONES"" ""LPL FINANCIAL LLC"" site:linkedin.com/in",ddgs
5708302,https://www.linkedin.com/in/luis-ramirez-55670729,"""LUIS RAMIREZ"" site:linkedin.com/in",ddgs
5708318,https://www.linkedin.com/in/lisa-nowka-473257131,"""LISA NOWKA"" site:linkedin.com/in",ddgs
5708327,https://www.linkedin.com/in/john-paul-mulligan-523948287,"""JOHN PAUL MULLIGAN"" ""WELLS FARGO SECURITIES, LLC"" site:linkedin.com/in",ddgs
5708329,https://www.linkedin.com/in/scott-ellsworth,"""SCOTT ELLSWORTH"" site:linkedin.com/in",ddgs
5708332,https://www.linkedin.com/in/siobhan-turano-7136a821,"""SIOBHAN Turano"" site:linkedin.com/in",ddgs
5708333,https://www.linkedin.com/in/janice-pinnell-88629b41,"""JANICE PINNELL"" site:linkedin.com/in",ddgs
5708339,https://www.linkedin.com/in/monte-bailey-2386954,"""MONTE BAILEY"" site:linkedin.com/in",ddgs
5708347,https://www.linkedin.com/in/connor-mckinney-caia-924a4041,"""CONNOR MCKINNEY"" ""MORGAN STANLEY"" site:linkedin.com/in",ddgs
5708361,https://www.linkedin.com/in/adam-fine-58b919b3,"""ADAM FINE"" ""EMPOWER FINANCIAL SERVICES, INC."" site:linkedin.com/in",ddgs
5708367,,"Margaret Goddeau AMERIPRISE FINANCIAL SERVICES, LLC linkedin",
5708368,https://www.linkedin.com/in/colby-moore-52990853,"""COLBY MOORE"" site:linkedin.com/in",ddgs
5708375,https://www.linkedin.com/in/gerald-messier-b6bba3105,"""GERALD MESSIER"" site:linkedin.com/in",ddgs
5708387,https://www.linkedin.com/in/justintannen,"""JUSTIN TANNEN"" ""HILLTOP SECURITIES INC."" site:linkedin.com/in",ddgs
5708398,https://www.linkedin.com/in/shawnleamon,"""SHAWN HINER-LEAMON"" site:linkedin.com/in",ddgs
5708407,https://www.linkedin.com/in/charles-manne,"""CHARLES MANNE"" site:linkedin.com/in",ddgs
5708412,https://www.linkedin.com/in/matthew-franklin-lyons-9a984720,"""Matthew Franklin-Lyons"" site:linkedin.com/in",ddgs
5708419,,LUIZ-EDUARDO FRACAO  linkedin,
5708420,https://www.linkedin.com/in/dhruv-menawat,"""Dhruv Menawat"" site:linkedin.com/in",ddgs
5708425,https://www.linkedin.com/in/danielle-juda-07a13122b,"""Danielle Juda"" ""J.P. MORGAN SECURITIES LLC"" site:linkedin.com/in",ddgs
5708429,https://www.linkedin.com/in/andrewshipley,"""Andrew Shipley"" site:linkedin.com/in",ddgs
5708431,https://www.linkedin.com/in/andrew-herr,"""Andrew Herr"" site:linkedin.com/in",ddgs
5708432,https://www.linkedin.com/in/kirsten-webb-ab3a8a91,"""KIRSTEN WEBB"" site:linkedin.com/in",ddgs
5708433,https://www.linkedin.com/in/jay-siembieda-809a815,"""JAY SIEMBIEDA"" site:linkedin.com/in",ddgs
5708438,https://uk.linkedin.com/in/charles-toye-2416198,"""CHARLES TOYE"" site:linkedin.com/in",ddgs
5708452,https://www.linkedin.com/in/yitchuinwong,"""YITCHUIN WONG"" site:linkedin.com/in",ddgs
5708453,https://www.linkedin.com/in/mariominotti,"""MARIO MINOTTI"" site:linkedin.com/in",ddgs
5708468,https://www.linkedin.com/in/justin-adomunes-b5b4b513,"""JUSTIN ADOMUNES"" site:linkedin.com/in",ddgs
5708470,https://www.linkedin.com/in/katie-fischer-6282b127,"""KATIE FISCHER"" site:linkedin.com/in",ddgs
5708490,https://www.linkedin.com/in/alexander-von-lockner-8a186a25,"""ALEXANDER VON LOCKNER"" site:linkedin.com/in",ddgs
5708495,https://www.linkedin.com/in/rsharrer,"""Ryan Sharrer"" site:linkedin.com/in",ddgs
5708498,https://www.linkedin.com/in/jeff-timmermann-b8907a5b,"""JEFFREY TIMMERMANN"" site:linkedin.com/in",ddgs
5708507,https://www.linkedin.com/in/anna-fortus-3b06b0175,"""ANNA Fortus"" ""J.P. MORGAN SECURITIES LLC"" site:linkedin.com/in",ddgs
5708523,https://www.linkedin.com/in/kevinjaykonicki,"""KEVIN KONICKI"" site:linkedin.com/in",ddgs
5708532,https://www.linkedin.com/in/caitlin-manzo-076827118,"""CAITLIN MANZO"" site:linkedin.com/in",ddgs
5708542,https://www.linkedin.com/in/joserdacruz,"""JOSE DA CRUZ"" site:linkedin.com/in",ddgs
5708552,https://ca.linkedin.com/in/john-di-renzo-72157032,"""JOHN DI RENZO"" ""TD SECURITIES (USA) LLC"" site:linkedin.com/in",ddgs
5708581,https://www.linkedin.com/in/patrick-thomas-193a877,"""PATRICK THOMAS"" site:linkedin.com/in",ddgs
5708601,https://www.linkedin.com/in/david-swift-7030262,"""DAVID SWIFT"" site:linkedin.com/in",ddgs
5708609,https://www.linkedin.com/in/marcia-beard-4bb18621,"""MARY BEARD"" ""RAYMOND JAMES FINANCIAL SERVICES, INC."" site:linkedin.com/in",ddgs
5708643,https://uk.linkedin.com/in/charles-green-68123a8,"""CHARLES GREEN"" site:linkedin.com/in",ddgs
5708649,https://www.linkedin.com/in/christopher-palid,"""CHESTER PALID"" site:linkedin.com/in",ddgs
5708654,https://www.linkedin.com/in/christinasburroughs,"""ALEXANDER BURROUGHS"" ""RAYMOND JAMES FINANCIAL SERVICES, INC."" site:linkedin.com/in",ddgs
5708655,https://www.linkedin.com/in/christopher-toye-cfa-caia-frm-261a483,"""CHRISTOPHER TOYE"" site:linkedin.com/in",ddgs
5708657,https://www.linkedin.com/in/maureen-j-poplaski-a51964329,MAUREEN POPLASKI  linkedin,ddgs
5708666,https://www.linkedin.com/in/adam-nielsen-advisor,"""ADAM NIELSEN"" ""EQUITABLE ADVISORS, LLC"" site:linkedin.com/in",ddgs
5708681,https://www.linkedin.com/in/jillhogan,"""Jill Hogan"" site:linkedin.com/in",ddgs
5708697,https://www.linkedin.com/in/carlo-lindo-cl221,"""CARLO LINDO"" site:linkedin.com/in",ddgs
5708703,https://www.linkedin.com/in/aileen-supena-throne,AILEEN THRONE  linkedin,ddgs
5708706,https://www.linkedin.com/in/charles-cho,"""CHARLES CHO"" site:linkedin.com/in",ddgs
5708719,https://www.linkedin.com/in/dr-adam-klein-94b3a3133,"""ALEX KLEIN"" ""NORTHWESTERN MUTUAL INVESTMENT SERVICES, LLC"" site:linkedin.com/in",ddgs
5708737,https://www.linkedin.com/in/brandon-short-13967a206,"""BRANDON SHORT"" ""VISTIA CAPITAL, LLC"" site:linkedin.com/in",ddgs
5708761,https://www.linkedin.com/in/jeremypomer,"""JEREMY POMER"" site:linkedin.com/in",ddgs
5708769,https://www.linkedin.com/in/ncutler,"""NOAH CUTLER"" site:linkedin.com/in",ddgs
5708774,https://www.linkedin.com/in/brianmlappin,"""BRIAN LAPPIN"" site:linkedin.com/in",ddgs
5708779,https://www.linkedin.com/in/kimheesoo,"""HEESOO KIM"" site:linkedin.com/in",ddgs
5708780,https://www.linkedin.com/in/keith-slifer-b76a0995,"""Keith Slifer"" site:linkedin.com/in",ddgs
5708790,https://www.linkedin.com/in/paul-covello-a971067,"""Paul Covello"" site:linkedin.com/in",ddgs
5708795,https://www.linkedin.com/in/chrisneumannisaprofessional,"""CHRISTOPHER NEUMANN"" ""MORGAN STANLEY"" site:linkedin.com/in",ddgs
5708814,https://www.linkedin.com/in/samuel-c-boyd,"""SAMUEL BOYD"" site:linkedin.com/in",ddgs
5708817,https://www.linkedin.com/in/ryan-tiller-05aa2a256,"""THOMAS TILLER"" ""VOYA FINANCIAL PARTNERS, LLC"" site:linkedin.com/in",ddgs
5708818,https://uk.linkedin.com/in/daniel-perry-95a16a1a3,"""Daniel Perry"" site:linkedin.com/in",ddgs
5708846,https://www.linkedin.com/in/timothy-barrett-89219b22,"""Timothy Barrett"" ""LPL ENTERPRISE, LLC"" site:linkedin.com/in",ddgs
5708848,https://www.linkedin.com/in/courtney-l-cotter-apma®-8084112b,"""Courtney Cotter"" ""AMERIPRISE FINANCIAL SERVICES, LLC"" site:linkedin.com/in",ddgs
5708851,https://www.linkedin.com/in/ericfranz,"""ERIC FRANZ"" ""ROCKEFELLER FINANCIAL LLC"" site:linkedin.com/in",ddgs
5708863,https://uk.linkedin.com/in/headofretailstoressharongreen,"""SHARON GREEN"" site:linkedin.com/in",ddgs
5708873,https://www.linkedin.com/in/tamaralthompson,"""TOMARAH THOMPSON"" site:linkedin.com/in",ddgs
5708888,https://uk.linkedin.com/in/edward-verner-795a622,"""EDWARD VERNER"" site:linkedin.com/in",ddgs
5708915,https://www.linkedin.com/in/ashtyn-kester-35a54b18a,"""Ashleigh Kester"" ""VOYA FINANCIAL PARTNERS, LLC"" site:linkedin.com/in",ddgs
5708919,https://www.linkedin.com/in/matthewbader,"""MATTHEW BADER"" site:linkedin.com/in",ddgs
5708929,https://www.linkedin.com/in/michaeljrose,"""MICHAEL ROSE"" site:linkedin.com/in",ddgs
5708931,https://www.linkedin.com/in/troy-whittle-3ab38723a,"""TROY WHITTLE"" ""FIDELITY BROKERAGE SERVICES LLC"" site:linkedin.com/in",ddgs
5708939,https://www.linkedin.com/in/jtylershelton,"""TYLER SHELTON"" site:linkedin.com/in",ddgs
5708940,https://www.linkedin.com/in/andrewthemis,"""ANDREW THEMIS"" site:linkedin.com/in",ddgs
5708945,https://www.linkedin.com/in/melissa-carr1,"""MELISSA CARR"" site:linkedin.com/in",ddgs
5708950,https://www.linkedin.com/in/donlin-ramsey-764667279,"""Donlin Ramsey"" site:linkedin.com/in",ddgs
5708951,https://www.linkedin.com/in/joseph-carson-9693b164,"""Joseph Carson"" site:linkedin.com/in",ddgs
5708965,https://www.linkedin.com/in/anil-halappa-298493295,"""ANIL HALAPPA"" site:linkedin.com/in",ddgs
5708977,https://www.linkedin.com/in/alvaro-alvarez-93281028a,"""Alvaro Perez"" ""GOLDMAN SACHS & CO. LLC"" site:linkedin.com/in",ddgs
5708985,https://www.linkedin.com/in/annie-chen-70b666b9,"""ANNIE CHEN"" site:linkedin.com/in",ddgs
5709002,https://www.linkedin.com/in/mary-poynter-b48bb8a,"""Mary Poynter"" site:linkedin.com/in",ddgs
5709012,,"JOHN MCGEE II SANCTUARY SECURITIES, INC. linkedin",
5709013,,NANCY SHAURETTE  linkedin,
5709014,https://www.linkedin.com/in/brianmarcinek,"""BRIAN MARCINEK"" site:linkedin.com/in",ddgs
5709020,https://www.linkedin.com/in/kjregan,"""KEVIN REGAN"" site:linkedin.com/in",ddgs
5709031,https://www.linkedin.com/in/lamar-rahden-ab29015,"""Lamar Rahden"" site:linkedin.com/in",ddgs
5709033,,ANJANETTE NICKOLOFF J.P. MORGAN SECURITIES LLC linkedin,
5709044,,ANANTH KANNIMANGALAM UBS FINANCIAL SERVICES INC. linkedin,
5709047,https://www.linkedin.com/in/michael-lopus-80685334,"""MICHAEL LOPUS"" site:linkedin.com/in",ddgs
5709049,https://www.linkedin.com/in/michaeljmital,"""MICHAEL MITAL"" ""CETERA FINANCIAL SPECIALISTS LLC"" site:linkedin.com/in",ddgs
5709064,https://www.linkedin.com/in/timothy-kane-56248039,"""TIMOTHY KANE"" ""MORGAN STANLEY"" site:linkedin.com/in",ddgs
5709069,https://www.linkedin.com/in/johnathan-horman-mba-ba866a197,"""Johnathan Horman"" site:linkedin.com/in",ddgs
5709092,https://www.linkedin.com/in/patrick-penn-857278199,"""PATRICK PAUL"" ""WELLS FARGO CLEARING SERVICES, LLC"" site:linkedin.com/in",ddgs
5709096,https://www.linkedin.com/in/caseycass,"""CASEY CASS"" ""PERPETUAL AMERICAS FUNDS DISTRIBUTORS, LLC"" site:linkedin.com/in",ddgs
5709097,https://www.linkedin.com/in/davidguthrie,"""DAVID GUTHRIE"" site:linkedin.com/in",ddgs
5709104,https://www.linkedin.com/in/caitlin-caldwell-2306421b,"""CAITLIN CALDWELL"" site:linkedin.com/in",ddgs
5709109,https://www.linkedin.com/in/paul-skoch-33bbba8,"""PAUL SKOCH"" site:linkedin.com/in",ddgs
5709112,https://www.linkedin.com/in/keith-kan-9263a2105,KeithMing-Yu Kan  linkedin,ddgs
5709114,https://www.linkedin.com/in/george-gevas-9471b87,"""GEORGE GEVAS"" site:linkedin.com/in",ddgs
5709163,https://it.linkedin.com/in/nicolaguerra,"""NICOLA GUERRA"" site:linkedin.com/in",ddgs
5709168,https://www.linkedin.com/in/ye-yin-wendy-he,"""YE YIN"" site:linkedin.com/in",ddgs
5709170,https://www.linkedin.com/in/brett-schneider-jpmorgan,"""BRETT SCHNEIDER"" ""J.P. MORGAN SECURITIES LLC"" site:linkedin.com/in",ddgs
5709179,https://www.linkedin.com/in/mark-detter-0162588,"""MARK DETTER"" site:linkedin.com/in",ddgs
5709187,https://www.linkedin.com/in/dinesh-jani-863021242,"""DINESH JANI"" ""LPL FINANCIAL LLC"" site:linkedin.com/in",ddgs
5709189,https://www.linkedin.com/in/ericjkoch,"""ERIC KOCH"" ""MORGAN STANLEY"" site:linkedin.com/in",ddgs
5709195,https://www.linkedin.com/in/sharathnitturi,"""SHARATH NITTURI"" site:linkedin.com/in",ddgs
5709201,https://www.linkedin.com/in/sergio-pinacho-holgado-8a3baab,"""Sergio Pinacho Holgado"" site:linkedin.com/in",ddgs
5709234,https://ca.linkedin.com/in/blair-morais-7119a475,"""BLAIR MORAIS"" site:linkedin.com/in",ddgs
5709250,https://www.linkedin.com/in/kymiller12,"""KYLE MILLER"" site:linkedin.com/in",ddgs
5709281,https://www.linkedin.com/in/corymontague,"""CORY MONTAGUE"" site:linkedin.com/in",ddgs
5709282,https://www.linkedin.com/in/dean-gunderson-08688a58,"""DANIEL GUNDERSON"" ""FIDELITY BROKERAGE SERVICES LLC"" site:linkedin.com/in",ddgs
5709293,https://www.linkedin.com/in/dennis-kelley-engineer,"""DENNIS KELLEY"" site:linkedin.com/in",ddgs
5709296,https://au.linkedin.com/in/katherine-beck-42077933,"""KATHERINE BECK"" site:linkedin.com/in",ddgs
5709324,https://www.linkedin.com/in/laica-cruz-226a97203,"""LAICA CAMMILLE DELA CRUZ"" site:linkedin.com/in",ddgs
5709333,https://www.linkedin.com/in/ron-defreitas-fss®-ricp®-aif®-729a63b,"""RON DEFREITAS"" ""LINCOLN INVESTMENT"" site:linkedin.com/in",ddgs
5709357,https://www.linkedin.com/in/tiffany-haggard-2364a6220,"""TIFFANY HAGGARD"" site:linkedin.com/in",ddgs
5709365,https://www.linkedin.com/in/scottlechner1994,"""SCOTT LECHNER"" site:linkedin.com/in",ddgs
5709379,https://www.linkedin.com/in/tina-haynie-ba1092265,"""Tina Haynie"" ""EDWARD JONES"" site:linkedin.com/in",ddgs
5709389,https://www.linkedin.com/in/tim-bilmanis-0647542,TIMOTHY BILMANIS  linkedin,ddgs
5709397,https://uk.linkedin.com/in/dr-laura-wood-doctor-and-menopause-coach,"""LAURA WOOD"" site:linkedin.com/in",ddgs
5709417,https://www.linkedin.com/in/nora-reddick-08b09a135,"""NORA REDDICK"" site:linkedin.com/in",ddgs
5709420,https://www.linkedin.com/in/williamjameshubbard,"""WILLIAM HUBBARD"" site:linkedin.com/in",ddgs
5709429,https://www.linkedin.com/in/brad-dubeck-ab480b126,"Bradley Dubeck BOFA SECURITIES, INC. linkedin",ddgs
5709436,https://www.linkedin.com/in/mihoko-ward-13823871,"""Mihoko Ward"" site:linkedin.com/in",ddgs
5709449,https://www.linkedin.com/in/lindzey-dau-3717a8b,"""LINDZEY DAU"" site:linkedin.com/in",ddgs
5709450,,NAKEITA Norman  linkedin,
5709460,https://www.linkedin.com/in/meiselke,"""KRISTIN MEISEL"" ""AMERIPRISE FINANCIAL SERVICES, LLC"" site:linkedin.com/in",ddgs
5709479,https://www.linkedin.com/in/michaelajadi,"""MICHAEL AJADI"" site:linkedin.com/in",ddgs
5709490,,DARYL WOROBOW  linkedin,
5709499,,COURTNEY SIEBKEN  linkedin,
5709502,https://www.linkedin.com/in/justin-gallo-7a035b62,"""JUSTIN GALLO"" site:linkedin.com/in",ddgs
5709508,https://www.linkedin.com/in/phchiang,PO-HUA CHIANG  linkedin,ddgs
5709527,https://www.linkedin.com/in/michael-eastwood-4690114,"""MICHAEL EASTWOOD"" ""JEFFERIES LLC"" site:linkedin.com/in",ddgs
5709539,https://www.linkedin.com/in/matthew-canela-5a728b15,"""MATTHEW CANELA"" site:linkedin.com/in",ddgs
5709543,https://www.linkedin.com/in/paulwwehner,"""PAUL WEHNER"" site:linkedin.com/in",ddgs
5709553,https://www.linkedin.com/in/bethany-b-webb,"""BETHANY WEBB"" site:linkedin.com/in",ddgs
5709567,https://www.linkedin.com/in/jeffrey-love-902129144,"""JEFFREY LOVE"" site:linkedin.com/in",ddgs
57096,https://www.linkedin.com/in/daniellecrihfield,"""ADIS CRIHFIELD"" site:linkedin.com/in",ddgs
5709600,https://www.linkedin.com/in/thomasmfinan,"""THOMAS FINAN"" site:linkedin.com/in",ddgs
5709602,https://www.linkedin.com/in/mike-besmer-04404322,"""Michael Besmer"" site:linkedin.com/in",ddgs
5709609,https://www.linkedin.com/in/victoria-moore-90324230,"""VICTORIA MOORE"" site:linkedin.com/in",ddgs
5709613,https://www.linkedin.com/in/bryan-grant-chfc®-990bb51a,"""BRYAN GRANT"" ""OSAIC WEALTH, INC."" site:linkedin.com/in",ddgs
5709618,https://www.linkedin.com/in/nicholas-risser,"""Nicholas Risser"" site:linkedin.com/in",ddgs
5709624,https://www.linkedin.com/in/nick-polidoroff-cfp®-chfc®-b142b3b,"""NICHOLAS POLIDOROFF"" site:linkedin.com/in",ddgs
5709634,https://www.linkedin.com/in/meetkumar-desai-7352331a8,"""MAYANK DESAI"" ""EQUITABLE ADVISORS, LLC"" site:linkedin.com/in",ddgs
5709646,https://www.linkedin.com/in/vishaal-turakhia-01995010,"""Vishaal Turakhia"" site:linkedin.com/in",ddgs
5709648,https://www.linkedin.com/in/troyrpeterson,"""TROY PETERSON"" site:linkedin.com/in",ddgs
5709651,https://www.linkedin.com/in/timothyseabolt1,"""TIMOTHY SEABOLT"" ""MORGAN STANLEY"" site:linkedin.com/in",ddgs
5709655,https://www.linkedin.com/in/emily-goodman-md-48885268,"""EMILY GOODMAN"" ""WEALTH ENHANCEMENT BROKERAGE SERVICES, LLC"" site:linkedin.com/in",ddgs
5709697,https://www.linkedin.com/in/mike-giblin-5a95898,"""MICHAEL GIBLIN"" ""CETERA WEALTH SERVICES, LLC"" site:linkedin.com/in",ddgs
5709720,https://www.linkedin.com/in/godwin-clarke-a7aa871b3,"""GODWIN CLARKE"" site:linkedin.com/in",ddgs
5709744,https://www.linkedin.com/in/lewis-affetto-5a010316,"""LEWIS AFFETTO"" ""KESTRA INVESTMENT SERVICES, LLC"" site:linkedin.com/in",ddgs
5709747,https://www.linkedin.com/in/osvaldo-delgado-534300195,"""OSVALDO DELGADO"" site:linkedin.com/in",ddgs
5709750,https://www.linkedin.com/in/keith-pinsoneault-62b4a11b,"""Keith Pinsoneault"" site:linkedin.com/in",ddgs
5709753,https://www.linkedin.com/in/michelle-reed-15873457,"""DANIELLE REED"" ""TD SECURITIES (USA) LLC"" site:linkedin.com/in",ddgs
5709765,https://www.linkedin.com/in/shaun-honda-2a847b192,"""Shaun Honda"" site:linkedin.com/in",ddgs
5709770,https://www.linkedin.com/in/luke-getz-9b41a836a,"""LUKE GETZ"" site:linkedin.com/in",ddgs
5709772,https://www.linkedin.com/in/trevorfried,"""TREVOR FRIED"" ""MORGAN STANLEY"" site:linkedin.com/in",ddgs
5709779,https://www.linkedin.com/in/jasoneaker,"""JASON EAKER"" ""COMMONWEALTH FINANCIAL NETWORK"" site:linkedin.com/in",ddgs
5709781,https://www.linkedin.com/in/jolene-lorg-052057110,"""JOLENE LORG"" ""HIGHTOWER SECURITIES, LLC"" site:linkedin.com/in",ddgs
5709782,https://www.linkedin.com/in/kory-schwarm-891055237,"""KORY SCHWARM"" ""EDWARD JONES"" site:linkedin.com/in",ddgs
5709792,https://www.linkedin.com/in/colingkoch,"""Colin Koch"" site:linkedin.com/in",ddgs
5709800,https://www.linkedin.com/in/suzanne-fuller-954ab91b3,SUZANNE FULLER-HARRISON  linkedin,ddgs
5709806,,ROBERT WOLFE III  linkedin,
5709835,,"SCOTT WECHSELBERGER RAYMOND JAMES & ASSOCIATES, INC. linkedin",
5709836,https://www.linkedin.com/in/rob-cano-315296120,"""ROBERT CANO"" ""LPL FINANCIAL LLC"" site:linkedin.com/in",ddgs
5709840,https://www.linkedin.com/in/justus-hedeen-cfa-6abb7716,"""JUSTUS HEDEEN"" site:linkedin.com/in",ddgs
5709844,https://www.linkedin.com/in/veena-williams-wright-712347305,"""VEENA WILLIAMS-WRIGHT"" site:linkedin.com/in",ddgs
5709853,https://www.linkedin.com/in/gil-wiechman-1434791,"""GIL WIECHMAN"" site:linkedin.com/in",ddgs
5709854,https://www.linkedin.com/in/brandon-freemon-mba-82577918,"""BRANDON FREEMON"" ""ADP BROKER-DEALER, INC."" site:linkedin.com/in",ddgs
5709862,https://www.linkedin.com/in/tim-kopchick-523a6725,"""TIMOTHY KOPCHICK"" ""CETERA WEALTH SERVICES, LLC"" site:linkedin.com/in",ddgs
5709865,https://uk.linkedin.com/in/chloe-wood-73a1a94,"""CHLOE WOOD"" site:linkedin.com/in",ddgs
5709877,https://www.linkedin.com/in/denise-wine-622617190,"""DENISE WINE"" ""MORGAN STANLEY"" site:linkedin.com/in",ddgs
5709882,https://www.linkedin.com/in/andrew-goulson-5100aa359,"""ANDREW GOULSON"" ""WELLS FARGO CLEARING SERVICES, LLC"" site:linkedin.com/in",ddgs
5709885,https://www.linkedin.com/in/leahjfink,"""Leah Fink"" ""LPL FINANCIAL LLC"" site:linkedin.com/in",ddgs
5709892,https://www.linkedin.com/in/danielcole,"""DANIEL COLE"" site:linkedin.com/in",ddgs
5709896,https://www.linkedin.com/in/davidvalenti,"""DAVID VALENTI"" site:linkedin.com/in",ddgs
5709904,https://www.linkedin.com/in/armandojmerino,"""Armando Merino"" ""AMERIPRISE FINANCIAL SERVICES, LLC"" site:linkedin.com/in",ddgs
5709931,https://www.linkedin.com/in/johnchichester,"""JOHN FRANCHI"" ""LPL FINANCIAL LLC"" site:linkedin.com/in",ddgs
5709935,https://www.linkedin.com/in/ryan-chimenti-3007438,"""RYAN CHIMENTI"" site:linkedin.com/in",ddgs
5709939,https://www.linkedin.com/in/diana-zamora,DIANA ZAMORA-SEPULVEDA  linkedin,ddgs
5709945,https://www.linkedin.com/in/larry-young-0ab59669,"""LARRY YOUNG"" site:linkedin.com/in",ddgs
5709979,https://www.linkedin.com/in/susan-beaver-399a924,"""SUSAN BEAVER"" site:linkedin.com/in",ddgs
5709980,https://www.linkedin.com/in/joseph-tremblay-27038a4,"""JOSEPH TREMBLAY"" site:linkedin.com/in",ddgs
5709982,https://www.linkedin.com/in/james-l-kelly-,"""JAMES KELLY"" site:linkedin.com/in",ddgs
5709989,https://www.linkedin.com/in/dimitri-rassias-6b078924,"""Dimitri Rassias"" site:linkedin.com/in",ddgs
5709995,https://www.linkedin.com/in/chu-kevin-9a54802b7,"""KAWA CHU"" ""THE BANK STREET GROUP L.L.C."" site:linkedin.com/in",ddgs
5710007,https://www.linkedin.com/in/deanroos,"""DEAN ROOS"" site:linkedin.com/in",ddgs
5710015,,"BORIS PIVTORAK JANE STREET CAPITAL, LLC linkedin",
5710030,https://www.linkedin.com/in/nathaniel-rutledge-03251a269,"""NATHANIEL RUTLEDGE"" site:linkedin.com/in",ddgs
5710033,https://www.linkedin.com/in/angela-davis-a7aa7b224,"""Angela Davis"" ""LPL FINANCIAL LLC"" site:linkedin.com/in",ddgs
5710044,https://www.linkedin.com/in/kevin-mcclure-8b9a08,"""Kevin McClure"" site:linkedin.com/in",ddgs
5710050,https://www.linkedin.com/in/cmcghee358,"""CHRIS MCGHEE"" site:linkedin.com/in",ddgs
5710051,https://www.linkedin.com/in/steven-hanes-82a2831b0,"""STEVEN HANES"" site:linkedin.com/in",ddgs
5710068,https://www.linkedin.com/in/jonathan-london-1501bb200,"""Jonathan London"" site:linkedin.com/in",ddgs
5710069,https://www.linkedin.com/in/fjgreco2,"""JOSHUA GRECO"" ""FRANKLIN DISTRIBUTORS, LLC"" site:linkedin.com/in",ddgs
5710070,https://kr.linkedin.com/in/kim-hwangmin-5757881b6,HWANGMIN KI  linkedin,ddgs
5710072,https://www.linkedin.com/in/maureen-elliott,"""Maureen Elliott"" ""EDWARD JONES"" site:linkedin.com/in",ddgs
5710083,https://www.linkedin.com/in/kevinjfitzgerald1,"""Kevin Fitzgerald"" site:linkedin.com/in",ddgs
5710111,https://www.linkedin.com/in/theodore-george,"""THEODORE GEORGE"" site:linkedin.com/in",ddgs
5710112,https://www.linkedin.com/in/jiao-qiao-81bb60aa,"""JIAO QIAO"" site:linkedin.com/in",ddgs
5710119,https://www.linkedin.com/in/karolina-koziec-abargil-797515233,"""Karolina Abargil Koziec"" site:linkedin.com/in",ddgs
5710121,https://www.linkedin.com/in/jordantayloryoung,"""JORDAN YOUNG"" site:linkedin.com/in",ddgs
5710125,https://www.linkedin.com/in/bherren,"""BLAKE HERREN"" site:linkedin.com/in",ddgs
5710128,https://www.linkedin.com/in/shana-singleton-62b66324,"""Shana Singleton"" site:linkedin.com/in",ddgs
5710136,https://www.linkedin.com/in/josepadillacabrera,"""JOSE PADILLA"" site:linkedin.com/in",ddgs
5710149,https://www.linkedin.com/in/josephmerino93,"""JOSEPH MERINO"" site:linkedin.com/in",ddgs
5710153,https://www.linkedin.com/in/linda-newman,"""LINDA NEWMAN"" site:linkedin.com/in",ddgs
5710155,https://www.linkedin.com/in/craig-davis-6b629658,"""CRAIG DAVIS"" site:linkedin.com/in",ddgs
5710161,https://www.linkedin.com/in/felix-moiso-39406a8a,"""FELIX MOISO"" site:linkedin.com/in",ddgs
5710166,https://www.linkedin.com/in/jose-erazo-a26805177,Jose Erazo Pineda  linkedin,ddgs
5710173,https://www.linkedin.com/in/staceycary,"""STACEY CARY"" site:linkedin.com/in",ddgs
5710180,https://www.linkedin.com/in/brian-neault-cfp®-57359719,"""BRIAN NEAULT"" site:linkedin.com/in",ddgs
5710208,https://www.linkedin.com/in/ryanpryslak,"""RYAN PRYSLAK"" site:linkedin.com/in",ddgs
5710210,https://mx.linkedin.com/in/juan-guerra-hernandez,"""Juan Guerra Hernandez"" site:linkedin.com/in",ddgs
5710212,https://www.linkedin.com/in/ana-gomez-usa,"""ANA GOMEZ"" site:linkedin.com/in",ddgs
5710224,https://uk.linkedin.com/in/jennifer-rose-b0022659,"""JENNIFER ROSE"" site:linkedin.com/in",ddgs
5710226,https://www.linkedin.com/in/edgargalvis,"""EDGAR GALVIS"" site:linkedin.com/in",ddgs
5710239,https://ca.linkedin.com/in/rob-macisaac-icd-d-46559316,"""Robin MacIsaac"" ""THE M & A GROUP LLC"" site:linkedin.com/in",ddgs
5710240,https://uk.linkedin.com/in/clare-mcadam-01884683,"""CLARE MCADAM"" site:linkedin.com/in",ddgs
5710244,https://sg.linkedin.com/in/david-pau-6a2605103,"""DAVID PAU"" site:linkedin.com/in",ddgs
5710251,https://www.linkedin.com/in/benjamin-borden,"""BENJAMIN BORDEN"" site:linkedin.com/in",ddgs
5710256,https://www.linkedin.com/in/drew-schaefer-651170202,"""Drew Schaefer"" site:linkedin.com/in",ddgs
5710264,https://www.linkedin.com/in/heesunchoidesign,"""Heesun Choi"" site:linkedin.com/in",ddgs
5710274,https://www.linkedin.com/in/stephenknightpm,"""STEADMAN KNIGHT"" ""TRUIST INVESTMENT SERVICES, INC."" site:linkedin.com/in",ddgs
5710301,https://www.linkedin.com/in/brian-kealey,"""Brian Kealey"" ""HAMILTON LANE SECURITIES LLC"" site:linkedin.com/in",ddgs
5710308,https://www.linkedin.com/in/lexi-short-527a6118,"""Lexis Short"" ""LPL FINANCIAL LLC"" site:linkedin.com/in",ddgs
5710325,https://www.linkedin.com/in/gregory-landa-44a22b3a7,"""GREGORY LANDA"" site:linkedin.com/in",ddgs
5710344,https://www.linkedin.com/in/wenyue-hsu-40932114,"""WENYUE HSU"" site:linkedin.com/in",ddgs
5710359,https://www.linkedin.com/in/will-van-tassel,"""William VanTassel"" ""PFS INVESTMENTS INC."" site:linkedin.com/in",ddgs
5710366,https://www.linkedin.com/in/michaelmikita,"""MICHAEL MIKITA"" site:linkedin.com/in",ddgs
5710396,https://www.linkedin.com/in/josephstein1,"""JOSEPH STEIN"" site:linkedin.com/in",ddgs
5710398,https://www.linkedin.com/in/kristen-keyes-87365416,"""KRISTEN KEYES"" site:linkedin.com/in",ddgs
5710402,https://www.linkedin.com/in/toddwingler,"""TODD SMALLING"" ""BTIG, LLC"" site:linkedin.com/in",ddgs
5710413,https://uk.linkedin.com/in/matthewmoore7,"""MATTHEW MOORE"" site:linkedin.com/in",ddgs
5710428,https://www.linkedin.com/in/matthew-kash-5854b3170,"""MATTHEW KASH"" ""JAG TRADING L.L.C."" site:linkedin.com/in",ddgs
5710431,https://www.linkedin.com/in/jennifermlin,"""Jennifer Lin"" site:linkedin.com/in",ddgs
5710432,https://es.linkedin.com/in/pedro-tamayo-5ab92932,"""PEDRO TAMAYO"" site:linkedin.com/in",ddgs
5710436,https://www.linkedin.com/in/laura-koplik,"""Laura Koplik"" site:linkedin.com/in",ddgs
5710438,https://www.linkedin.com/in/joelacox,"""JOEL COX"" site:linkedin.com/in",ddgs
5710442,https://www.linkedin.com/in/matt-houle-a914a814,"""MICHAEL HOULE"" ""BNY MELLON SECURITIES CORPORATION"" site:linkedin.com/in",ddgs
5710455,https://www.linkedin.com/in/lynn-verrilli-417233114,"""LYNN VERRILLI"" site:linkedin.com/in",ddgs
5710465,https://www.linkedin.com/in/josephcurtis2,"""JOSEPH CURTIS"" site:linkedin.com/in",ddgs
5710469,https://www.linkedin.com/in/brandon-unger-8a05999,"""Brandon Unger"" site:linkedin.com/in",ddgs
5710470,https://www.linkedin.com/in/ryandeanturner,"""RYAN TURNER"" site:linkedin.com/in",ddgs
5710473,https://www.linkedin.com/in/jessbeck,"""JESSICA BECK"" site:linkedin.com/in",ddgs
5710477,https://www.linkedin.com/in/clint-meyers-8494a2123,"""CLINT MEYER"" ""VOYA FINANCIAL ADVISORS, INC."" site:linkedin.com/in",ddgs
5710483,https://www.linkedin.com/in/victoria-migneron-43069a46,"""Victoria Migneron"" site:linkedin.com/in",ddgs
5710488,https://www.linkedin.com/in/paul-mcdonnell-a09581197,"""PAUL MCDONNELL"" ""LPL FINANCIAL LLC"" site:linkedin.com/in",ddgs
5710505,https://www.linkedin.com/in/aaron-halterman,"""AARON HALTERMAN"" site:linkedin.com/in",ddgs
5710512,https://www.linkedin.com/in/danielposthauer,"""DANIEL POSTHAUER"" site:linkedin.com/in",ddgs
5710523,https://www.linkedin.com/in/william-n-davis,"""WILLIAM DAVIS"" site:linkedin.com/in",ddgs
5710524,https://www.linkedin.com/in/david-kurtz-0333254b,"""DAVID KURTZ"" site:linkedin.com/in",ddgs
5710538,https://www.linkedin.com/in/cng-prof,"""CHRISTOPHER NG"" site:linkedin.com/in",ddgs
5710544,https://www.linkedin.com/in/robert-krell-31b72265,"""Kenneth Krell"" ""T. ROWE PRICE INVESTMENT SERVICES, INC."" site:linkedin.com/in",ddgs
5710546,https://www.linkedin.com/in/judith-leblanc-b3ba7a3,"""Judith LeBlanc"" site:linkedin.com/in",ddgs
5710581,https://www.linkedin.com/in/jonathan-graham-1131a07,"""Jonathan Graham"" site:linkedin.com/in",ddgs
5710582,https://my.linkedin.com/in/julie-foong-348a71183,"""JULIE FOONG"" site:linkedin.com/in",ddgs
5710586,https://www.linkedin.com/in/kevinboyd,"""KEVIN BOYD"" site:linkedin.com/in",ddgs
5710588,https://www.linkedin.com/in/aloysius-joseph-065678ab,"""ALOYSIUS JOSEPH"" site:linkedin.com/in",ddgs
5710608,https://www.linkedin.com/in/veronica-sangari-43b0b072,"""VERONICA SANGARI"" site:linkedin.com/in",ddgs
5710627,https://www.linkedin.com/in/michael-church-1139421,"""MICHAEL CHURCH"" ""LPL FINANCIAL LLC"" site:linkedin.com/in",ddgs
5710630,,ERIC GIACOBBA  linkedin,
5710639,https://www.linkedin.com/in/deborah-foust-3930611b,"""DEBORAH FOUST"" site:linkedin.com/in",ddgs
5710640,https://www.linkedin.com/in/benjamin-struck-3a459034,"""BENJAMIN STRUCK"" site:linkedin.com/in",ddgs
5710647,https://www.linkedin.com/in/joseph-rossiello-28612916,"""Joe Attinello"" ""J.P. MORGAN SECURITIES LLC"" site:linkedin.com/in",ddgs
5710652,https://www.linkedin.com/in/cpevanson,"""CHRISTOPHER EVANSON"" site:linkedin.com/in",ddgs
5710660,https://www.linkedin.com/in/luisanasanchez,"""LUISANA SANCHEZ"" site:linkedin.com/in",ddgs
5710662,https://www.linkedin.com/in/darren-armetta-82a54939,"""DARREN ARMETTA"" ""J.P. MORGAN SECURITIES LLC"" site:linkedin.com/in",ddgs
5710672,https://www.linkedin.com/in/andrew-sasso-7bb6291b,"""ANDREW SASSO"" site:linkedin.com/in",ddgs
5710677,https://www.linkedin.com/in/khansenrx,"""KEVIN HANSEN"" site:linkedin.com/in",ddgs
5710678,https://www.linkedin.com/in/luba-dulman-03694a4a,"""LYUBOV DULMAN"" site:linkedin.com/in",ddgs
5710679,https://www.linkedin.com/in/joseph-shahin-b7750a355,"""JOSEPH SHAHIN"" site:linkedin.com/in",ddgs
5710681,https://www.linkedin.com/in/john-boston-8a93aa,"""JOHN BOSTON"" site:linkedin.com/in",ddgs
5710715,https://www.linkedin.com/in/michael-niemeier-2aa46b214,"""MICHAEL NIEMEIER"" site:linkedin.com/in",ddgs
5710718,https://www.linkedin.com/in/paul-simmons-cfa-cfp®️-91792b14,"""Paul Simmons"" ""EDWARD JONES"" site:linkedin.com/in",ddgs
5710721,https://be.linkedin.com/in/rebecca-van-de-voorde-66a7106a,"""CANDACE VAN DE VOORDE"" site:linkedin.com/in",ddgs
5710732,https://www.linkedin.com/in/nickolus-finley,"""NICKOLUS FINLEY"" site:linkedin.com/in",ddgs
5710749,https://www.linkedin.com/in/alexander-gunderson-a459831b8,"""ALEXANDER GUNDERSON"" site:linkedin.com/in",ddgs
5710757,https://www.linkedin.com/in/thomas-morgan,"""Thomas Morgan"" site:linkedin.com/in",ddgs
5710767,https://www.linkedin.com/in/michael-lentz-00746b271,"""Michael Lentz"" ""LPL FINANCIAL LLC"" site:linkedin.com/in",ddgs
5710769,https://www.linkedin.com/in/bill-dillon-105389a,"""Bill Dillon"" site:linkedin.com/in",ddgs
5710773,https://www.linkedin.com/in/benjaminrobertjohnson,"""BENJAMIN JOHNSON"" site:linkedin.com/in",ddgs
5710783,https://www.linkedin.com/in/kevin-m-grobelny-1908821a,"""KEVIN GROBELNY"" ""PNC CAPITAL MARKETS LLC"" site:linkedin.com/in",ddgs
5710796,https://www.linkedin.com/in/david-reilly-cfp®-a85b893,"""DAVID REILLY"" ""AMERIPRISE FINANCIAL SERVICES, LLC"" site:linkedin.com/in",ddgs
5710816,https://www.linkedin.com/in/reuben-garner-cfa-91301311,"""Reuben Garner"" ""THE BENCHMARK COMPANY, LLC"" site:linkedin.com/in",ddgs
5710832,https://www.linkedin.com/in/elliottneumayer,"""ELLIOTT NEUMAYER"" site:linkedin.com/in",ddgs
5710844,https://www.linkedin.com/in/nicholas-fisher-44a45714b,"""NICHOLAS FISHER"" site:linkedin.com/in",ddgs
5710845,https://www.linkedin.com/in/chetan-jadhav-92185a97,"""CHETAN JADHAV"" site:linkedin.com/in",ddgs
5710851,https://www.linkedin.com/in/lenin-sanchez-a1568a174,"""LENIN SANCHEZ"" site:linkedin.com/in",ddgs
5710863,https://www.linkedin.com/in/colby-eckols-97067357,"""COLBY ECKOLS"" ""HILLTOP SECURITIES INC."" site:linkedin.com/in",ddgs
5710869,https://www.linkedin.com/in/aaron-m-buckalew-cfp®-cws®-4bba10161,"""AARON BUCKALEW"" site:linkedin.com/in",ddgs
5710875,https://ar.linkedin.com/in/roberto-lasa-lasa-478233359,"""ROBERTO LASA"" site:linkedin.com/in",ddgs
5710879,https://www.linkedin.com/in/eric-mccully-240650,"""ERIC MCCULLY"" site:linkedin.com/in",ddgs
5710885,https://www.linkedin.com/in/lucia-hurtado,"""LUCIA CRESPI"" site:linkedin.com/in",ddgs
5710886,https://www.linkedin.com/in/kalen-hanna-0979a997,"""KALEN HANNA"" ""SATURNA BROKERAGE SERVICES, INC"" site:linkedin.com/in",ddgs
5710888,https://www.linkedin.com/in/george-tsiaras-57744917,GEORGE TSIARAS FIDELITY BROKERAGE SERVICES LLC linkedin,ddgs
5710900,https://www.linkedin.com/in/carolinewilson,"""CAROLINE WILSON"" site:linkedin.com/in",ddgs
5710901,,ORIN PARVIN  linkedin,
5710903,https://www.linkedin.com/in/david-pikop-8244b471,"""DAVID PIKOP"" site:linkedin.com/in",ddgs
5710906,https://www.linkedin.com/in/julie-williams11,"""JULIE WILLIAMS"" site:linkedin.com/in",ddgs
5710915,https://www.linkedin.com/in/megan-kouba-mk100,"""Megan Kouba"" site:linkedin.com/in",ddgs
5710945,https://www.linkedin.com/in/alexeyzshukov,"""ALEX ZHUKOV"" site:linkedin.com/in",ddgs
5710950,https://www.linkedin.com/in/luca-d-italia-51b7065b,"""LUCA D ITALIA"" site:linkedin.com/in",ddgs
5710970,https://www.linkedin.com/in/gary-adams-51bb8a34,"""GARY ADAMS"" site:linkedin.com/in",ddgs
5710981,https://www.linkedin.com/in/andrewkitchings,"""ANDREW KITCHINGS"" ""COMMONWEALTH FINANCIAL NETWORK"" site:linkedin.com/in",ddgs
5710990,https://www.linkedin.com/in/william-galgan-91b66943,"""WILLIAM GALGAN"" site:linkedin.com/in",ddgs
5710993,https://www.linkedin.com/in/edward-nordberg-8338191b8,"""EDWARD NORDBERG"" site:linkedin.com/in",ddgs
5710996,https://www.linkedin.com/in/brian-deal-428418b,"""BRIAN DEAL"" site:linkedin.com/in",ddgs
5711001,https://be.linkedin.com/in/constancegérard,"""Constance Gerard"" site:linkedin.com/in",ddgs
5711017,https://www.linkedin.com/in/rachele-wilson-brouwer-092703149,"""RACHELE WILSON BROUWER"" ""LPL FINANCIAL LLC"" site:linkedin.com/in",ddgs
5711019,https://www.linkedin.com/in/leah-gann-a7843434b,"""LEAH GANN"" site:linkedin.com/in",ddgs
5711021,https://www.linkedin.com/in/jonathan-andrews-0b911578,"""JONATHAN ANDREWS"" site:linkedin.com/in",ddgs
5711054,https://www.linkedin.com/in/branon-frederick-4b888320,"""BRANON FREDERICK"" site:linkedin.com/in",ddgs
5711061,https://www.linkedin.com/in/agnese-ozolina-butler-cfa-2065994,"""AGNESE BUTLER"" ""RBC CAPITAL MARKETS, LLC"" site:linkedin.com/in",ddgs
5711066,https://www.linkedin.com/in/frederick-rauch-8517607,"""FREDERICK RAUCH"" site:linkedin.com/in",ddgs
57111,https://www.linkedin.com/in/charlene-crimaldi-4b0b6239,"""CHARLENE CRIMALDI"" site:linkedin.com/in",ddgs
5711101,https://www.linkedin.com/in/remo-antoniolli-cpwa®-938a959,"""REMO ANTONIOLLI"" site:linkedin.com/in",ddgs
5711105,https://www.linkedin.com/in/mainak-das-463a234,"""Mainak Das"" site:linkedin.com/in",ddgs
5711132,https://www.linkedin.com/in/candace-finley-129020224,"""Candace Collins-Finley"" site:linkedin.com/in",ddgs
5711136,https://www.linkedin.com/in/anis-dridi-vp-a94b7a12,"""Anis Dridi"" ""J.P. MORGAN SECURITIES LLC"" site:linkedin.com/in",ddgs
5711142,https://www.linkedin.com/in/valerie-st-germain-07b52917,"""VALERIE ST GERMAIN"" site:linkedin.com/in",ddgs
5711143,https://www.linkedin.com/in/jinfeng-liao-485b947b,"""JINGFENG LIAO"" ""CHARLES SCHWAB & CO., INC."" site:linkedin.com/in",ddgs
5711148,https://www.linkedin.com/in/bo-li-1221a381,"""BO LI"" site:linkedin.com/in",ddgs
5711155,https://www.linkedin.com/in/ericjhahn,"""ERIC HAHN"" site:linkedin.com/in",ddgs
5711158,https://www.linkedin.com/in/matt-zampitella25,MATTHEW ZAMPITELLA FIDELITY BROKERAGE SERVICES LLC linkedin,ddgs
5711160,https://www.linkedin.com/in/clayton-plumer-cfp®-92aaa213,"""CLAYTON PLUMER"" ""FIDELITY BROKERAGE SERVICES LLC"" site:linkedin.com/in",ddgs
5711179,https://www.linkedin.com/in/matthew-rumpke-2b5b22145,"""MATTHEW RUMPKE"" site:linkedin.com/in",ddgs
5711184,https://www.linkedin.com/in/andrew-krepelka-atp-06777094,"""Andrew Krepelka"" site:linkedin.com/in",ddgs
5711194,https://www.linkedin.com/in/aliciafbrown,"""Alicia Brown"" site:linkedin.com/in",ddgs
5711207,https://www.linkedin.com/in/mdmillerphd,"""MICHELLE MILLER"" site:linkedin.com/in",ddgs
5711220,https://www.linkedin.com/in/craigmcgovern,"""CRAIG MCGOVERN"" ""JANNEY MONTGOMERY SCOTT LLC"" site:linkedin.com/in",ddgs
5711221,https://www.linkedin.com/in/frank-garces-49102447,"""FRANK GARCES"" site:linkedin.com/in",ddgs
5711254,https://www.linkedin.com/in/george-walloff-1b3160352,"""GEORGE WALLOFF"" ""WELLS FARGO CLEARING SERVICES, LLC"" site:linkedin.com/in",ddgs
5711255,https://www.linkedin.com/in/courtney-goembel-2b3a79a,"""COURTNEY GOEMBEL"" site:linkedin.com/in",ddgs
5711256,https://www.linkedin.com/in/vasu-sarangapani-3563a7b,"""SUSAN VASU"" site:linkedin.com/in",ddgs
5711257,https://www.linkedin.com/in/heatherecrawford,"""HEATHER CRAWFORD"" site:linkedin.com/in",ddgs
5711259,https://www.linkedin.com/in/steven-coute,"""STEVEN COUTE"" ""TRANSAMERICA FINANCIAL ADVISORS, LLC"" site:linkedin.com/in",ddgs
5711265,https://www.linkedin.com/in/carlpearlfidelity,"""CARL PEARL"" ""FIDELITY BROKERAGE SERVICES LLC"" site:linkedin.com/in",ddgs
5711276,https://www.linkedin.com/in/brad-bartz-4a7ab0115,"""BRAD BARTZ"" site:linkedin.com/in",ddgs
5711283,https://www.linkedin.com/in/marshall-wiley-cfp®-82165724,"""MARSHALL WILEY"" site:linkedin.com/in",ddgs
5711285,https://www.linkedin.com/in/jonathan-leishman-b71b33387,"""NATHAN LEISHMAN"" ""LPL FINANCIAL LLC"" site:linkedin.com/in",ddgs
5711301,https://www.linkedin.com/in/michael-landau-90582144,"""Michael Landau"" site:linkedin.com/in",ddgs
5711304,https://www.linkedin.com/in/davidaarondunlap,"""DAVID DUNLAP"" site:linkedin.com/in",ddgs
5711323,https://www.linkedin.com/in/erin-dohse,"""ERIN DOHSE"" ""CTC, LLC"" site:linkedin.com/in",ddgs
5711325,https://www.linkedin.com/in/morrissandra,"""SANDRA MORRIS"" site:linkedin.com/in",ddgs
5711346,https://www.linkedin.com/in/angelakim1,"""ANGELA KIM"" ""RBC CAPITAL MARKETS, LLC"" site:linkedin.com/in",ddgs
5711350,https://www.linkedin.com/in/kanicholson13,"""KATHRYN NICHOLSON"" site:linkedin.com/in",ddgs
5711351,https://www.linkedin.com/in/courtney-brown-1744a1b8,"""COURTNEY BROWN"" ""FIDELITY BROKERAGE SERVICES LLC"" site:linkedin.com/in",ddgs
5711355,https://www.linkedin.com/in/brianturntinebfec,"""BRIAN TURNTINE"" site:linkedin.com/in",ddgs
5711363,https://www.linkedin.com/in/steve-silverman-a210b4b1,"""Alexander Silverman"" ""MORGAN STANLEY & CO. LLC"" site:linkedin.com/in",ddgs
5711364,https://www.linkedin.com/in/deanna-wood,"""DEANNA WOOD"" site:linkedin.com/in",ddgs
5711366,https://www.linkedin.com/in/charlesxzhang,"""CHARLES ZHANG"" site:linkedin.com/in",ddgs
5711374,https://ca.linkedin.com/in/michael-o-brien-b9082488,"""MICHAEL O'BRIEN"" site:linkedin.com/in",ddgs
5711377,https://www.linkedin.com/in/jamesmfinke,"""JAMES FINKE"" site:linkedin.com/in",ddgs
5711380,https://www.linkedin.com/in/julieboos,"""JULIE BOOS"" site:linkedin.com/in",ddgs
5711396,https://www.linkedin.com/in/cody-seeley-56033a329,"""CODY SEELEY"" site:linkedin.com/in",ddgs
5711399,https://www.linkedin.com/in/melvin-corrales-8052a31a4,"""MELVIN CORRALES"" site:linkedin.com/in",ddgs
5711403,https://www.linkedin.com/in/matthew-marino-803a31287,"""Matthew Marino"" ""J.P. MORGAN SECURITIES LLC"" site:linkedin.com/in",ddgs
5711414,https://www.linkedin.com/in/ken-ripa-20218a163,"""KENNETH RIPA"" ""PFS INVESTMENTS INC."" site:linkedin.com/in",ddgs
5711428,https://www.linkedin.com/in/elizabethbrown2026,"""ELIZABETH BROWN"" site:linkedin.com/in",ddgs
5711433,https://www.linkedin.com/in/ryansheehan8,"""RYAN SHEEHAN"" ""STASH CAPITAL LLC"" site:linkedin.com/in",ddgs
5711458,https://www.linkedin.com/in/alixkusler,"""ALEXANDRA KUSLER"" ""LPL FINANCIAL LLC"" site:linkedin.com/in",ddgs
5711459,https://www.linkedin.com/in/kyuhalim,"""Kyu Ha Lim"" site:linkedin.com/in",ddgs
5711464,https://www.linkedin.com/in/oleksii-kononenko-1774712a,"""OLEKSII KONONENKO"" site:linkedin.com/in",ddgs
5711465,https://www.linkedin.com/in/jteare,"""JEFFREY TEARE"" ""FIRST TRUST PORTFOLIOS L.P."" site:linkedin.com/in",ddgs
5711467,https://www.linkedin.com/in/randy-hyliard-4811a5120,"""RANDY HYLIARD"" site:linkedin.com/in",ddgs
5711492,https://www.linkedin.com/in/jennifer-ceynar-moen-jd-msn-dnp-fnp-bc-056b8a80,"""JENNAFER MOEN"" site:linkedin.com/in",ddgs
5711495,https://www.linkedin.com/in/matthewcotton1,"""MATTHEW COTTON"" site:linkedin.com/in",ddgs
5711503,https://www.linkedin.com/in/pablo-folco-461857aa,"""PABLO FOLCO"" site:linkedin.com/in",ddgs
5711525,https://www.linkedin.com/in/steven-peterson-7928995,"""STEVEN PETERSON"" site:linkedin.com/in",ddgs
5711541,https://www.linkedin.com/in/megan-jones-657b721,"""Megan Jones"" site:linkedin.com/in",ddgs
5711550,https://www.linkedin.com/in/melissa-trotter-96b20298,"""MELISSA TROTTER"" site:linkedin.com/in",ddgs
5711561,https://www.linkedin.com/in/stephen-share-684771a3,"""STEPHEN SHARE"" site:linkedin.com/in",ddgs
5711569,https://www.linkedin.com/in/nicholas-miller357,"""NICHOLAS MILLER"" site:linkedin.com/in",ddgs
5711593,https://www.linkedin.com/in/edward-sanchez-8099b624b,"""Edward Sanchez"" ""KEY INVESTMENT SERVICES LLC"" site:linkedin.com/in",ddgs
5711596,https://www.linkedin.com/in/sailaja-nambury-124b98107,"""SAILAJA NAMBURY"" site:linkedin.com/in",ddgs
5711602,https://in.linkedin.com/in/anjana-sengupta-67104b8,"""ANJANA SENGUPTA"" site:linkedin.com/in",ddgs
5711614,https://www.linkedin.com/in/dick-galarza-0a058880,"""Dick Galarza"" site:linkedin.com/in",ddgs
5711629,https://www.linkedin.com/in/maria-emma-guarin-404414143,"""MARIA EMMA GUARIN"" site:linkedin.com/in",ddgs
5711632,https://www.linkedin.com/in/adam-bojanowski-cfa-cpa-41b5097,"""Adam Bojanowski"" site:linkedin.com/in",ddgs
5711641,https://www.linkedin.com/in/luke-bartolone-21b01045,"""LUKE BARTOLONE"" ""UBS SECURITIES LLC"" site:linkedin.com/in",ddgs
5711643,https://www.linkedin.com/in/allie-bohus-64957b215,"""ALLIE BOHUS"" site:linkedin.com/in",ddgs
5711656,https://uk.linkedin.com/in/matthew-york-469843327,"""MATTHEW YORK"" site:linkedin.com/in",ddgs
5711658,https://www.linkedin.com/in/roberto-vera-architect,"""VERA AUSTIN"" ""RAYMOND JAMES & ASSOCIATES, INC."" site:linkedin.com/in",ddgs
5711667,https://ph.linkedin.com/in/glen-ilagan-5b73aa1b0,"""GLEN ILAGAN"" site:linkedin.com/in",ddgs
5711669,https://www.linkedin.com/in/kamiladymerski,"""Kamila Dymerski"" site:linkedin.com/in",ddgs
5711673,https://www.linkedin.com/in/rodneybeach,"""RODNEY BEACH"" site:linkedin.com/in",ddgs
5711689,https://www.linkedin.com/in/emily-ricke-andrada-bfa-153b8210,"""Emily Andrada"" ""AMERIPRISE FINANCIAL SERVICES, LLC"" site:linkedin.com/in",ddgs
5711694,,KARI RATH  linkedin,
5711714,,KAYLA YASKO  linkedin,
5711720,https://www.linkedin.com/in/lee-powers-034b00,"""Scott Powers"" ""LPL FINANCIAL LLC"" site:linkedin.com/in",ddgs
5711721,https://www.linkedin.com/in/thomas-cape-05511811,"""Thomas Cape"" site:linkedin.com/in",ddgs
5711732,https://www.linkedin.com/in/levi-wedel-cfp®-25492536,"""LEVI WEDEL"" site:linkedin.com/in",ddgs
5711738,https://uk.linkedin.com/in/robert-hart-a8b1b916,"""ROBERT HART"" site:linkedin.com/in",ddgs
5711743,https://www.linkedin.com/in/charleselliottjr,"""CHARLES ELLIOTT"" ""NATIONAL FINANCIAL SERVICES LLC"" site:linkedin.com/in",ddgs
5711749,https://www.linkedin.com/in/michaelshi,"""MICHAEL SHI"" site:linkedin.com/in",ddgs
5711750,https://www.linkedin.com/in/philliplgreen,"""PHILLIP GREEN"" site:linkedin.com/in",ddgs
5711768,https://www.linkedin.com/in/seansheehan,"""SEAN SHEEHAN"" site:linkedin.com/in",ddgs
5711778,https://www.linkedin.com/in/brad-heagy-cfp®-78607811,"""BRAD HEAGY"" site:linkedin.com/in",ddgs
5711783,https://www.linkedin.com/in/betsy-culp-74630234,"""BETSY CULP"" site:linkedin.com/in",ddgs
5711784,https://www.linkedin.com/in/sukhminder-gandhi-14a11b35,"""SUKHMINDER GANDHI"" site:linkedin.com/in",ddgs
5711808,https://www.linkedin.com/in/todd-dalton,"""TODD DALTON"" site:linkedin.com/in",ddgs
5711820,https://www.linkedin.com/in/benjaminlmartin,"""BENJAMIN MARTIN"" site:linkedin.com/in",ddgs
5711828,https://www.linkedin.com/in/candy-tsang-mba,"""CALEB TSANG"" ""LPL FINANCIAL LLC"" site:linkedin.com/in",ddgs
5711841,https://ca.linkedin.com/in/erin-whike-09352752,"""ERIN WHIKE"" ""BMO CAPITAL MARKETS CORP."" site:linkedin.com/in",ddgs
5711843,https://www.linkedin.com/in/joekchan,"""JOE CHAN"" site:linkedin.com/in",ddgs
5711854,https://www.linkedin.com/in/meganjordan,"""MEGAN JORDAN"" site:linkedin.com/in",ddgs
5711856,https://www.linkedin.com/in/bryan-lasday-4aa49863,"""BRYAN LASDAY"" ""MORGAN STANLEY"" site:linkedin.com/in",ddgs
5711860,https://www.linkedin.com/in/salcucchiara,"""Salvatore Cucchiara"" ""MORGAN STANLEY"" site:linkedin.com/in",ddgs
5711868,https://www.linkedin.com/in/ian-johnson-09558643,"""IAN JOHNSON"" ""CHARLES SCHWAB & CO., INC."" site:linkedin.com/in",ddgs
5711882,https://www.linkedin.com/in/sabrina-hurley-6438057b,"""Sabrina Hurley"" ""J.P. MORGAN SECURITIES LLC"" site:linkedin.com/in",ddgs
5711893,,ASHA TAREEN NATIONAL FINANCIAL SERVICES LLC linkedin,
5711904,https://www.linkedin.com/in/kellympettit,"""Kelly Pettit"" site:linkedin.com/in",ddgs
5711905,https://www.linkedin.com/in/daniel-erichson-517519a4,"""DANIEL ERICHSON"" site:linkedin.com/in",ddgs
5711909,https://www.linkedin.com/in/blakebest12,"""Blake Best"" ""FINALIS SECURITIES LLC"" site:linkedin.com/in",ddgs
5711910,https://www.linkedin.com/in/kevin-johnson-71b8405,"""Kevin Johnson"" site:linkedin.com/in",ddgs
5711912,https://www.linkedin.com/in/michael-norton-6083ab36,"""MICHAEL NORTON"" ""T. ROWE PRICE INVESTMENT SERVICES, INC."" site:linkedin.com/in",ddgs
5711913,https://www.linkedin.com/in/robert-gildersleeve-750555113,"""ROBERT GILDERSLEEVE"" site:linkedin.com/in",ddgs
5711914,https://www.linkedin.com/in/ericfilkins,"""ERIC FILKINS"" site:linkedin.com/in",ddgs
5711917,https://www.linkedin.com/in/chelseaenichols,"""CHELSEA NICHOLS"" site:linkedin.com/in",ddgs
5711919,https://www.linkedin.com/in/andrewthrasher,"""ANDREW THRASHER"" site:linkedin.com/in",ddgs
5711934,https://www.linkedin.com/in/heidi-cartwright-318507318,"""HEIDI CARTWRIGHT"" ""LPL FINANCIAL LLC"" site:linkedin.com/in",ddgs
5711936,https://www.linkedin.com/in/brianbokeefe,"""BRIAN O'KEEFE"" site:linkedin.com/in",ddgs
5711957,https://www.linkedin.com/in/daniel-abraham-775890207,"""DANIEL ABRAHAM"" site:linkedin.com/in",ddgs
5711967,https://www.linkedin.com/in/mattliffick,"""MATTHEW LIFFICK"" ""MML INVESTORS SERVICES, LLC"" site:linkedin.com/in",ddgs
5711971,https://www.linkedin.com/in/leighallen2,"""LEIGH ALLEN"" site:linkedin.com/in",ddgs
5711976,https://www.linkedin.com/in/ceceliaborden,"""CARYN BORDEN"" ""PROSPERA FINANCIAL SERVICES, INC."" site:linkedin.com/in",ddgs
5711977,https://www.linkedin.com/in/johnnyxguan,"""JOHNNY GUAN"" site:linkedin.com/in",ddgs
5711979,https://www.linkedin.com/in/dan-urban-b071b414,"""DANIEL BERCES-URBAN"" ""MORGAN STANLEY"" site:linkedin.com/in",ddgs
5711987,https://www.linkedin.com/in/akilah-stewart,"""KIRK STEWART"" ""AMERIPRISE FINANCIAL SERVICES, LLC"" site:linkedin.com/in",ddgs
5711991,https://www.linkedin.com/in/jackckindregan,"""JACK KINDREGAN"" site:linkedin.com/in",ddgs
5712016,https://www.linkedin.com/in/jenniferkrewalkcortes,"""JENNIFER CORTES"" site:linkedin.com/in",ddgs
5712017,https://www.linkedin.com/in/toddsshipley,"""Todd Shipley"" site:linkedin.com/in",ddgs
5712021,https://www.linkedin.com/in/anthonythivu,"""ANTHONY VU"" site:linkedin.com/in",ddgs
5712028,https://www.linkedin.com/in/tiffany-adkins-ba479759,"""TIFFANE ADKINS"" site:linkedin.com/in",ddgs
5712030,https://au.linkedin.com/in/anandasiyer,"""ANANDA IYER"" site:linkedin.com/in",ddgs
5712039,https://www.linkedin.com/in/gregory-shirk-b67a6816,"""GREGORY SHIRK"" site:linkedin.com/in",ddgs
5712044,https://www.linkedin.com/in/john-hooff-ivy,"""JOHN HOOFF"" site:linkedin.com/in",ddgs
5712048,https://es.linkedin.com/in/maria-incera-808561b4,"""MARIA INCERA"" site:linkedin.com/in",ddgs
5712054,https://www.linkedin.com/in/randallhaaff,"""RANDALL HAAFF"" ""RAYMOND JAMES & ASSOCIATES, INC."" site:linkedin.com/in",ddgs
5712055,https://www.linkedin.com/in/robert-waldele-23a1ab66,"""ROBERT WALDELE"" site:linkedin.com/in",ddgs
5712061,https://www.linkedin.com/in/samuelspeterson,"""SAMUEL PETERSON"" site:linkedin.com/in",ddgs
5712073,https://www.linkedin.com/in/brentlinkous,"""Brent Linkous"" site:linkedin.com/in",ddgs
5712074,https://www.linkedin.com/in/steven-hendrix-94549273,"""Ross Hendrix"" ""RAYMOND JAMES FINANCIAL SERVICES, INC."" site:linkedin.com/in",ddgs
5712086,https://www.linkedin.com/in/alexanderjguzman,"""ALEXANDER GUZMAN"" site:linkedin.com/in",ddgs
5712087,,DERRICK LEPKOWSKI  linkedin,
5712104,https://www.linkedin.com/in/jp-venezia-482a021,"""ALEJANDRA VENEZIA"" ""J.P. MORGAN SECURITIES LLC"" site:linkedin.com/in",ddgs
5712121,https://www.linkedin.com/in/martindana,"""DANA MARTIN"" site:linkedin.com/in",ddgs
5712124,https://www.linkedin.com/in/molly-carr-phd-ceo,"""MOLLY CARR"" site:linkedin.com/in",ddgs
5712126,https://www.linkedin.com/in/laurenfsaunders,"""LAUREN SAUNDERS"" site:linkedin.com/in",ddgs
5712128,https://www.linkedin.com/in/anadee-garrido-4785798,"""ANADEE GARRIDO"" site:linkedin.com/in",ddgs
5712134,https://www.linkedin.com/in/carolyndanielleking,"""CAROLYN KING"" site:linkedin.com/in",ddgs
5712136,https://www.linkedin.com/in/johnshahda,"""JOHN SHAHDA"" site:linkedin.com/in",ddgs
5712156,https://www.linkedin.com/in/kaisermichael,"""Michael Kaiser"" site:linkedin.com/in",ddgs
5712166,https://www.linkedin.com/in/andrewjgearhart,"""ANDREW GEARHART"" site:linkedin.com/in",ddgs
5712168,https://www.linkedin.com/in/stephenmikel,"""Stephen Mikel"" site:linkedin.com/in",ddgs
5712169,https://www.linkedin.com/in/uday-gogate-59271510,"""UDAY GOGATE"" site:linkedin.com/in",ddgs
5712184,https://www.linkedin.com/in/brandonforeman,"""BRANDON FOREMAN"" site:linkedin.com/in",ddgs
5712188,https://www.linkedin.com/in/richard-furst-aia-ncarb-53390331,"""Richard Furst"" site:linkedin.com/in",ddgs
5712190,https://www.linkedin.com/in/andrew-pafko-22906492,"""ANDREW PAFKO"" ""LAKE STREET CAPITAL MARKETS, LLC"" site:linkedin.com/in",ddgs
5712199,https://www.linkedin.com/in/liz-olney-59222a155,"""Elizabeth Olney"" ""EDWARD JONES"" site:linkedin.com/in",ddgs
5712221,https://www.linkedin.com/in/richard-stahl-ab622713,"""RICHARD STAHL"" ""NATIONWIDE INVESTMENT SERVICES CORPORATION"" site:linkedin.com/in",ddgs
5712227,https://www.linkedin.com/in/gulamchowdhury,"""GULAM CHOWDHURY"" site:linkedin.com/in",ddgs
5712230,https://www.linkedin.com/in/scott-maxim-3091a910,"""SCOTT MAXIM"" site:linkedin.com/in",ddgs
5712248,https://www.linkedin.com/in/liorweinstein,"""LIOR SHIMONOVICH"" ""JEFFERIES LLC"" site:linkedin.com/in",ddgs
5712259,https://www.linkedin.com/in/diogoholstein,"""DIOGO HOLSTEIN"" site:linkedin.com/in",ddgs
5712292,https://www.linkedin.com/in/andrewpgilbert,"""ANDREW GILBERT"" site:linkedin.com/in",ddgs
5712301,https://www.linkedin.com/in/william-lawson-baa00158,"""WILLIAM LAWSON"" site:linkedin.com/in",ddgs
5712306,https://www.linkedin.com/in/johncanque,"""JOHN CANQUE"" site:linkedin.com/in",ddgs
5712321,https://uk.linkedin.com/in/james-mortimore,"""JAMES MORTIMORE"" site:linkedin.com/in",ddgs
5712326,https://www.linkedin.com/in/nicholas-stelzner-58aa8119,"""NICHOLAS STELZNER"" site:linkedin.com/in",ddgs
5712330,https://www.linkedin.com/in/matthew-husband-ba8bab332,"""MATTHEW HUSBAND"" site:linkedin.com/in",ddgs
5712332,https://www.linkedin.com/in/neil-gunter-crpc®-financial-planner-heritage-financial-consultants-56a64ba,"""NEIL GUNTER"" site:linkedin.com/in",ddgs
5712333,https://www.linkedin.com/in/alan-lane-2b63917,"""Alan Lane"" site:linkedin.com/in",ddgs
5712334,https://www.linkedin.com/in/wroach,"""Bill Roach"" ""DELAWARE DISTRIBUTORS, L.P."" site:linkedin.com/in",ddgs
5712337,https://www.linkedin.com/in/griffin-sivret-b16950258,"""GRIFFIN SIVRET"" site:linkedin.com/in",ddgs
5712342,https://www.linkedin.com/in/kelly-tate-gardner-1666b05b,"""GARDNER TATE"" site:linkedin.com/in",ddgs
5712383,https://www.linkedin.com/in/andrew-hess-907a11,"""ANDREW NESS"" ""FIDELITY BROKERAGE SERVICES LLC"" site:linkedin.com/in",ddgs
5712387,https://www.linkedin.com/in/jessica-leggette-86616428,"""Jessica Leggette"" ""EDWARD JONES"" site:linkedin.com/in",ddgs
5712415,https://www.linkedin.com/in/ryoster,"""RYAN OSTER"" site:linkedin.com/in",ddgs
5712419,https://www.linkedin.com/in/trevor-mello-80312450,"""TREVOR MELLO"" site:linkedin.com/in",ddgs
5712421,https://www.linkedin.com/in/robert-shedd-45298592,"""Robert Shedd"" ""RAYMOND JAMES FINANCIAL SERVICES, INC."" site:linkedin.com/in",ddgs
5712424,https://www.linkedin.com/in/forrest-dawson-03a69236,"""FORREST DAWSON"" site:linkedin.com/in",ddgs
5712427,https://www.linkedin.com/in/melaniebakala,"""MELANIE BAKALA"" site:linkedin.com/in",ddgs
5712467,https://www.linkedin.com/in/michael-teague-3213a58,"""MICHAEL TEAGUE"" site:linkedin.com/in",ddgs
5712475,https://www.linkedin.com/in/ivan-rella-6030a712a,"""IVAN RELLA"" site:linkedin.com/in",ddgs
5712479,https://www.linkedin.com/in/mike-ulaszek-305068136,"""Michael Ulaszek"" ""EDWARD JONES"" site:linkedin.com/in",ddgs
5712482,https://www.linkedin.com/in/diana-pryor-0a2807238,"""Dina Pryor"" ""MERRILL LYNCH, PIERCE, FENNER & SMITH INCORPORATED"" site:linkedin.com/in",ddgs
5712489,https://www.linkedin.com/in/peterkuhn,"""THERESA KUHN"" ""PFS INVESTMENTS INC."" site:linkedin.com/in",ddgs
5712500,https://www.linkedin.com/in/michele-kisenwether-20251377,"""MICHELE KISENWETHER"" site:linkedin.com/in",ddgs
5712501,https://www.linkedin.com/in/brian-kennedy-b2aba038,"""BRIAN KENNEDY"" site:linkedin.com/in",ddgs
5712530,https://www.linkedin.com/in/sebastian-galarce,"""SEBASTIAN GALARCE"" site:linkedin.com/in",ddgs
5712531,https://www.linkedin.com/in/maureen-bennett-8a36617,"""MAUREEN BENNETT"" site:linkedin.com/in",ddgs
5712534,https://www.linkedin.com/in/reynawiley,"""REYNA WILEY"" site:linkedin.com/in",ddgs
5712540,https://www.linkedin.com/in/coreyrogersla,"""COREY ROGERS"" site:linkedin.com/in",ddgs
5712545,https://www.linkedin.com/in/scot-brzozka-a115661a9,"""SCOT BRZOZKA"" site:linkedin.com/in",ddgs
5712550,https://www.linkedin.com/in/griffin-benson,"""Griffin Benson"" site:linkedin.com/in",ddgs
5712555,https://www.linkedin.com/in/tavis-throm-7418532a,"""TAVIS THROM"" site:linkedin.com/in",ddgs
5712573,https://www.linkedin.com/in/jeanwall,"""JEAN WALL"" site:linkedin.com/in",ddgs
5712593,https://www.linkedin.com/in/matthewjimenez,"""Matthew Jimenez"" site:linkedin.com/in",ddgs
5712598,https://www.linkedin.com/in/courtney-sullivan-6b386626,"""COURTNEY SULLIVAN"" site:linkedin.com/in",ddgs
5712615,https://www.linkedin.com/in/markrwakefield,"""ALEXANDER WAKEFIELD"" ""STATE FARM VP MANAGEMENT CORP."" site:linkedin.com/in",ddgs
5712624,https://www.linkedin.com/in/teresa-walters-0b5607123,"""TERESA WATTERS"" ""LPL FINANCIAL LLC"" site:linkedin.com/in",ddgs
5712631,https://www.linkedin.com/in/brian-biggerstaff-a3144060,"""BRIAN BIGGERSTAFF"" site:linkedin.com/in",ddgs
5712633,https://www.linkedin.com/in/joseph-young-bb1a2010,YANMIN YOUNG J.P. MORGAN SECURITIES LLC linkedin,ddgs
5712635,https://www.linkedin.com/in/hyun-cho-a0ab2282,"""HYUN CHO"" site:linkedin.com/in",ddgs
5712640,https://www.linkedin.com/in/david-machado,"""DAVID MACHADO"" site:linkedin.com/in",ddgs
5712642,https://www.linkedin.com/in/jeff-and-terry-osowski-1aa0a73b,"""TERRY OSOWSKI"" site:linkedin.com/in",ddgs
5712665,https://www.linkedin.com/in/aaron-simone-424833181,"""Aaron Simone"" site:linkedin.com/in",ddgs
5712678,https://www.linkedin.com/in/cristina-peralta-ba178974,"""CRISTINA PERALTA"" site:linkedin.com/in",ddgs
5712679,https://www.linkedin.com/in/adam-sureau-130035310,"""ADAM SUREAU"" site:linkedin.com/in",ddgs
5712686,https://www.linkedin.com/in/michaelpugliese,"""MICHAEL PUGLIESE"" ""LPL ENTERPRISE, LLC"" site:linkedin.com/in",ddgs
5712713,https://www.linkedin.com/in/kevincarano,"""KEVIN CARANO"" site:linkedin.com/in",ddgs
5712718,https://www.linkedin.com/in/milton-lopez-71522943,"""Emilton Lopez"" ""CITIGROUP GLOBAL MARKETS INC."" site:linkedin.com/in",ddgs
5712736,https://www.linkedin.com/in/abaldas,"""Bal Das"" ""INTE SECURITIES LLC"" site:linkedin.com/in",ddgs
5712740,https://www.linkedin.com/in/roxane-pope-a9339935,"""ROXANE POPE"" site:linkedin.com/in",ddgs
5712747,https://www.linkedin.com/in/sany-bilani-7448054a,"""SANY BILANI"" site:linkedin.com/in",ddgs
5712752,https://www.linkedin.com/in/samantha-way-5470144b,"""SAMANTHA WAY"" site:linkedin.com/in",ddgs
5712756,,Nicholas Jirasek J.P. MORGAN SECURITIES LLC linkedin,
5712760,https://au.linkedin.com/in/vanessa-scott-3a99607,"""VANESSA SCOTT"" site:linkedin.com/in",ddgs
5712763,https://www.linkedin.com/in/thomas-albanese-48752389,"""THOMAS ALBANESE"" site:linkedin.com/in",ddgs
5712765,https://uk.linkedin.com/in/jasonsmitchell,"""Jason Mitchell"" site:linkedin.com/in",ddgs
5712769,https://www.linkedin.com/in/mary-lee,"""MARY LEE"" site:linkedin.com/in",ddgs
5712770,https://www.linkedin.com/in/claudia-yazzie-seaver-128b4562,"""Claudia Yazzie"" site:linkedin.com/in",ddgs
5712780,https://www.linkedin.com/in/emily-bemberg-a22b8859,"""EMILY BEMBERG"" site:linkedin.com/in",ddgs
5712786,https://www.linkedin.com/in/bruce-brown-26923a10,"""BRUCE BROWN"" site:linkedin.com/in",ddgs
5712788,,JEREMIE BRAOUDE BNP PARIBAS SECURITIES CORP. linkedin,
5712789,https://www.linkedin.com/in/jennifer-yach-649611182,"""JENNIFER KIM YACH"" site:linkedin.com/in",ddgs
5712791,https://www.linkedin.com/in/timothy-crowley-a5ba0010,"""TIMOTHY CROWLEY"" site:linkedin.com/in",ddgs
5712793,https://www.linkedin.com/in/alexandre-maurel-5135272,"""ALEXANDRE MAUREL"" site:linkedin.com/in",ddgs
5712795,https://www.linkedin.com/in/tucker-brown-1149727a,"""TUCKER BROWN"" site:linkedin.com/in",ddgs
5712810,https://www.linkedin.com/in/nicholas-finnigan-83ab54182,"""NICHOLAS FINNIGAN"" site:linkedin.com/in",ddgs
5712817,https://www.linkedin.com/in/james-fox-cfe-cia-0576634,"""JAMES FOX"" site:linkedin.com/in",ddgs
5712824,https://www.linkedin.com/in/janet-villagomez-96378b60,"""JANET VILLAGOMEZ"" site:linkedin.com/in",ddgs
5712849,https://www.linkedin.com/in/nick-juncaj-99576b154,"""Nicholas Juncaj"" site:linkedin.com/in",ddgs
5712860,https://www.linkedin.com/in/josepheklimczak,"""Joseph Klimczak"" site:linkedin.com/in",ddgs
5712873,https://www.linkedin.com/in/fernando-garcia-47155a190,"""Fernando Garcia"" ""EMPOWER FINANCIAL SERVICES, INC."" site:linkedin.com/in",ddgs
5712878,https://www.linkedin.com/in/pranavsingh,"""Pranav Singh"" site:linkedin.com/in",ddgs
5712879,https://rs.linkedin.com/in/valentina-levchenko,"""VALENTINA LEVCHENKO"" site:linkedin.com/in",ddgs
5712886,https://www.linkedin.com/in/david-yepez-80791733,"""DAVID YEPEZ"" site:linkedin.com/in",ddgs
5712905,https://www.linkedin.com/in/tonya-hall-92078782,"""TONYA HALL"" site:linkedin.com/in",ddgs
5712907,https://www.linkedin.com/in/justin-siken-549a2773,"""JUSTIN SIKEN"" site:linkedin.com/in",ddgs
5712916,https://www.linkedin.com/in/han-song-2833ab10,"""SIMON HAN"" ""LPL FINANCIAL LLC"" site:linkedin.com/in",ddgs
5712919,https://www.linkedin.com/in/michaelbenedict,"""MICHAEL BENEDICT"" site:linkedin.com/in",ddgs
5712922,https://www.linkedin.com/in/robert-ramos-0246aa119,"""ROBERT RAMOS"" site:linkedin.com/in",ddgs
5712923,https://www.linkedin.com/in/claykoehler,"""CLAY KOEHLER"" site:linkedin.com/in",ddgs
5712929,https://www.linkedin.com/in/kevin-engebretson-967a619,"""KEVIN ENGEBRETSON"" ""LPL FINANCIAL LLC"" site:linkedin.com/in",ddgs
5712930,https://www.linkedin.com/in/kurt-kemper-113699380,"""KURT KEMPER"" site:linkedin.com/in",ddgs
5712933,https://www.linkedin.com/in/douglas-carter-5156921a0,"""DOUGLAS CARTER"" site:linkedin.com/in",ddgs
5712951,https://www.linkedin.com/in/tim-volce-45354710,"""Timothy Volce"" ""RAYMOND JAMES FINANCIAL SERVICES, INC."" site:linkedin.com/in",ddgs
5712964,https://www.linkedin.com/in/regan-jones-298b975b,"""REGAN JONES"" ""WELLS FARGO ADVISORS FINANCIAL NETWORK, LLC"" site:linkedin.com/in",ddgs
5712974,https://www.linkedin.com/in/olga-de-la-cruz-1b0a2123,"""OLGA DE LA CRUZ"" site:linkedin.com/in",ddgs
5712988,https://www.linkedin.com/in/patrice-richards-56634a320,"""Patrice Richards"" site:linkedin.com/in",ddgs
5712993,https://www.linkedin.com/in/taylor-hall00,"""Taylor Hall"" site:linkedin.com/in",ddgs
5712997,https://www.linkedin.com/in/nicolegellis,"""NICOLE Ellis"" site:linkedin.com/in",ddgs
5712998,https://www.linkedin.com/in/linda-walsh-12713015a,"""LINDA WALSH"" site:linkedin.com/in",ddgs
5713013,https://www.linkedin.com/in/davis-b-22606b128,"""DWIGHT DAVIS"" ""FIDELITY BROKERAGE SERVICES LLC"" site:linkedin.com/in",ddgs
5713016,https://www.linkedin.com/in/karenfenner,"""KAREN FENNER"" site:linkedin.com/in",ddgs
5713018,https://ca.linkedin.com/in/changyuan-lin,"""CHANGYUAN LIN"" site:linkedin.com/in",ddgs
5713020,https://www.linkedin.com/in/roberta-williams-503a5b315,"""ROBERTA WILLIAMS"" site:linkedin.com/in",ddgs
5713028,https://www.linkedin.com/in/lucyzhao,"""LUCY ZHAO"" site:linkedin.com/in",ddgs
5713032,https://www.linkedin.com/in/frank-gamez-406035103,"""FRANK GAMEZ"" site:linkedin.com/in",ddgs
5713035,https://do.linkedin.com/in/luis-castillo-dzul/en,"""Luis Castillo"" site:linkedin.com/in",ddgs
5713036,,ABRA KRAMAS  linkedin,
5713064,,MARKO SEMIZ  linkedin,
5713068,https://www.linkedin.com/in/elena-alhadeff-75223a27a,YELENA ALHADEFF J.P. MORGAN SECURITIES LLC linkedin,ddgs
5713088,https://www.linkedin.com/in/keith-bond,"""Keith Bond"" site:linkedin.com/in",ddgs
5713104,https://www.linkedin.com/in/quyen-nguyen-md-phd,"""QUYEN NGUYEN"" site:linkedin.com/in",ddgs
5713116,https://www.linkedin.com/in/jonathan-adcock-039880171,"""JOHN ADCOCK"" ""WELLS FARGO CLEARING SERVICES, LLC"" site:linkedin.com/in",ddgs
5713121,https://www.linkedin.com/in/briansfraser,"""BRIAN FRASER"" site:linkedin.com/in",ddgs
5713125,,JOHNINE PIETROSKI FIDELITY BROKERAGE SERVICES LLC linkedin,
5713154,https://www.linkedin.com/in/daniel-park-3793402a,"""Daniel Park"" site:linkedin.com/in",ddgs
5713167,https://www.linkedin.com/in/david-bocchi-40908428,"""DAVID BOCCHI"" ""A.G.P. / ALLIANCE GLOBAL PARTNERS"" site:linkedin.com/in",ddgs
5713195,https://www.linkedin.com/in/yevgeniy-gushcha-1226616,EVGENY GUSHCHA  linkedin,ddgs
5713225,https://www.linkedin.com/in/christopher-kolakowski-9889675,"""Christopher Kolakowski"" site:linkedin.com/in",ddgs
5713234,https://www.linkedin.com/in/sam-glass,"""SAMUEL GLASS"" site:linkedin.com/in",ddgs
5713238,https://www.linkedin.com/in/monica-oakley,"""MONICA OAKLEY"" site:linkedin.com/in",ddgs
5713246,https://www.linkedin.com/in/delpris-beard-7478a0175,"""DARWIN BEARD"" ""MML INVESTORS SERVICES, LLC"" site:linkedin.com/in",ddgs
5713260,,Dayne Comrie J.P. MORGAN SECURITIES LLC linkedin,
5713262,https://www.linkedin.com/in/millerjenna,"""Jenna Leaven Miller"" site:linkedin.com/in",ddgs
5713273,https://www.linkedin.com/in/alex-marroquin-b9a214265,"""Noel Marroquin"" ""ROBINHOOD FINANCIAL, LLC"" site:linkedin.com/in",ddgs
5713280,https://www.linkedin.com/in/michaeljriddle,"""JASON RIDDLE"" ""PNC WEALTH MANAGEMENT LLC"" site:linkedin.com/in",ddgs
5713283,https://www.linkedin.com/in/matthew-truckner-ea-awma-aams-494282a5,"""MATTHEW TRUCKNER"" site:linkedin.com/in",ddgs
5713284,https://www.linkedin.com/in/gonzalo-yubi-01686347,"""GONZALO YUBI"" site:linkedin.com/in",ddgs
5713289,https://www.linkedin.com/in/chrystal-mccoy-224a0426,"""Chrystal McCoy"" site:linkedin.com/in",ddgs
5713312,https://www.linkedin.com/in/sid-nadella,"""SIDDHARTHA NADELLA"" site:linkedin.com/in",ddgs
5713343,https://www.linkedin.com/in/chintanagriffinadvisor,"""Chintana Griffin"" site:linkedin.com/in",ddgs
5713364,https://uk.linkedin.com/in/josephnehorai,"""JOSEPH NEHORAI"" site:linkedin.com/in",ddgs
5713368,https://www.linkedin.com/in/jessica-fontaine-2599631b,"""Jessica Fontaine"" ""RBC CAPITAL MARKETS, LLC"" site:linkedin.com/in",ddgs
5713373,https://www.linkedin.com/in/suzanne-pittman-a62364222,"""SUZANNE MEEK PITTMAN"" ""HILLTOP SECURITIES INC."" site:linkedin.com/in",ddgs
5713376,https://www.linkedin.com/in/christopher-perry-36774ab,"""CHRISTOPHER PERRY"" site:linkedin.com/in",ddgs
5713377,https://www.linkedin.com/in/jasmineortizofficial,"""Jasmine Ortiz"" site:linkedin.com/in",ddgs
5713391,https://www.linkedin.com/in/moses-jhirad-57932342,"""MOSES JHIRAD"" site:linkedin.com/in",ddgs
5713435,https://www.linkedin.com/in/kyle-vinson-72459195,"""KYLE VINSON"" site:linkedin.com/in",ddgs
5713438,https://www.linkedin.com/in/barrett-greer-084095298,"""RICHARD GREER"" ""MORGAN STANLEY"" site:linkedin.com/in",ddgs
5713441,https://www.linkedin.com/in/michael--rand,"""MICHAEL RAND"" site:linkedin.com/in",ddgs
5713458,https://www.linkedin.com/in/johnterzo,JONATHAN TERZO  linkedin,ddgs
5713466,https://www.linkedin.com/in/kevin-peskin-231b226,"""Kevin Peskin"" site:linkedin.com/in",ddgs
5713470,https://www.linkedin.com/in/jonathan-henson-7a608367,"""JONATHAN HENSON"" site:linkedin.com/in",ddgs
5713474,https://www.linkedin.com/in/reed-werner-26070810,"""REED WERNER"" site:linkedin.com/in",ddgs
5713494,https://www.linkedin.com/in/david-ellis-655b3a5,"""DAVID ELLIS"" site:linkedin.com/in",ddgs
5713512,https://www.linkedin.com/in/sarah-ginsberg-4168716b,"""SARAH Ginsberg"" site:linkedin.com/in",ddgs
5713515,https://www.linkedin.com/in/urja-shah-96111187,"""URJA SHAH"" site:linkedin.com/in",ddgs
5713530,https://www.linkedin.com/in/michaelperri,"""MICHAEL PERRI"" site:linkedin.com/in",ddgs
5713549,https://www.linkedin.com/in/stuart-green,"""STUART GREEN"" site:linkedin.com/in",ddgs
5713558,https://www.linkedin.com/in/patriciamoore1,"""PATRICIA MOORE"" ""VALMARK SECURITIES, INC."" site:linkedin.com/in",ddgs
5713563,,ANDREA GALVIS SERNA CITIGROUP GLOBAL MARKETS INC. linkedin,
5713567,https://www.linkedin.com/in/donald-thrash-131a10100,"""Donald Thrash"" site:linkedin.com/in",ddgs
5713597,https://www.linkedin.com/in/abrie-soileau-20156312,"""ABRIE SOILEAU"" site:linkedin.com/in",ddgs
5713601,https://www.linkedin.com/in/manuel-guerra-4ba08b1,"""Manuel Guerra"" site:linkedin.com/in",ddgs
5713618,https://www.linkedin.com/in/coreyjanoff,"""COREY JANOFF"" ""LPL FINANCIAL LLC"" site:linkedin.com/in",ddgs
5713624,https://www.linkedin.com/in/aprilcrews,"""APRIL CREWS"" site:linkedin.com/in",ddgs
5713625,https://www.linkedin.com/in/carl-fredricks-2076a043,"""CARL FREDRICKS"" site:linkedin.com/in",ddgs
5713640,https://www.linkedin.com/in/holly-wu-47822512,"""Holly Wu"" site:linkedin.com/in",ddgs
5713651,https://www.linkedin.com/in/denisevillarreal,"""Denise Villarreal Ruiz"" site:linkedin.com/in",ddgs
5713655,https://www.linkedin.com/in/timothy-hsu,"""TIMOTHY HSU"" site:linkedin.com/in",ddgs
5713669,https://www.linkedin.com/in/briancollins3,"""Brian Collins"" site:linkedin.com/in",ddgs
5713675,https://de.linkedin.com/in/thomas-ittner-mba-2854a365,"""THOMAS ITTNER"" site:linkedin.com/in",ddgs
5713706,https://www.linkedin.com/in/tonya-west-731620,"""TONYA WEST"" site:linkedin.com/in",ddgs
5713710,https://www.linkedin.com/in/marc-angle-732b9b3,"""MARC ANGLE"" site:linkedin.com/in",ddgs
5713716,https://de.linkedin.com/in/michelle-fischbach-246188236,"""Michelle Fischbach"" site:linkedin.com/in",ddgs
5713731,https://uk.linkedin.com/in/deanpenn,DEANE PENN  linkedin,ddgs
5713738,https://www.linkedin.com/in/kenneth-baize-9245a1107,"""Kenneth Baize"" ""LPL FINANCIAL LLC"" site:linkedin.com/in",ddgs
5713750,https://www.linkedin.com/in/renee-langlais-crpc™-cfp®-6a8b6016b,"""RENEE LANGLAIS"" site:linkedin.com/in",ddgs
5713760,,Seth Hadala  linkedin,
5713777,https://www.linkedin.com/in/robeto-herrera-63990432a,"""RODOLFO HERRERA"" ""STATE FARM VP MANAGEMENT CORP."" site:linkedin.com/in",ddgs
5713779,https://www.linkedin.com/in/susan-bickel-498322203,"""SUSAN BICKEL"" site:linkedin.com/in",ddgs
5713786,https://www.linkedin.com/in/michaelhgavan,"""MICHAEL GAVAN"" ""RUSSELL INVESTMENTS FINANCIAL SERVICES, LLC"" site:linkedin.com/in",ddgs
5713812,https://www.linkedin.com/in/theresamcwhorter,"""THERESA MCWHORTER"" ""PFS INVESTMENTS INC."" site:linkedin.com/in",ddgs
5713816,,GUITA DADRESSAN PFS INVESTMENTS INC. linkedin,
5713818,https://www.linkedin.com/in/monica-tatis-phan-m-a-8a356849,"""MONICA TATIS-PHAN"" site:linkedin.com/in",ddgs
5713825,https://www.linkedin.com/in/karen-nichols-b02035394,"""KERRY NICHOLS"" ""PFS INVESTMENTS INC."" site:linkedin.com/in",ddgs
5713829,https://www.linkedin.com/in/kyle-west-a2722a7,"""KYLE WEST"" ""VP DISTRIBUTORS, LLC"" site:linkedin.com/in",ddgs
5713831,https://www.linkedin.com/in/brian-delay-0870b373,"""BRIAN DELAY"" site:linkedin.com/in",ddgs
5713842,https://www.linkedin.com/in/chiraggoyanka,"""Chirag Goyanka"" site:linkedin.com/in",ddgs
5713854,https://www.linkedin.com/in/jonathan-ranieri-78919b147,"""JONATHAN RANIERI"" site:linkedin.com/in",ddgs
5713859,https://www.linkedin.com/in/leonardo-ramirez-sandoval-ab09b1b0,"""LEONARDO RAMIREZ"" ""J.P. MORGAN SECURITIES LLC"" site:linkedin.com/in",ddgs
5713860,https://www.linkedin.com/in/bernardoruiz,"""BERNARDO RUIZ"" site:linkedin.com/in",ddgs
5713894,https://uk.linkedin.com/in/michael-west-8223a1235,"""MICHAEL WEST"" site:linkedin.com/in",ddgs
5713896,https://www.linkedin.com/in/pamela-kuma-a6137b1b6,"""PAMELA KUMA"" site:linkedin.com/in",ddgs
5713915,https://au.linkedin.com/in/gregpkennedy,"""GREG KENNEDY"" site:linkedin.com/in",ddgs
5713925,https://uk.linkedin.com/in/richard-nott-18066931,"""RICHARD NOTT"" site:linkedin.com/in",ddgs
5713931,,HAE-YONG QUEK  linkedin,
5713934,https://www.linkedin.com/in/ashley-reiter-3204441ba,"""Ashley Reiter"" site:linkedin.com/in",ddgs
5713939,https://www.linkedin.com/in/shan-li-bu,"""HAITIAN LI"" ""TRANSAMERICA FINANCIAL ADVISORS, LLC"" site:linkedin.com/in",ddgs
5713950,https://www.linkedin.com/in/rick-wilcox-151b0810,"""BENJAMIN WILCOX"" ""RAYMOND JAMES FINANCIAL SERVICES, INC."" site:linkedin.com/in",ddgs
5713963,https://www.linkedin.com/in/1marcengel,"""MARC ENGEL"" site:linkedin.com/in",ddgs
5713964,,KONRAD KNELL  linkedin,
5713968,https://www.linkedin.com/in/brentromey,"""BRENT ROMEY"" ""RUSSELL INVESTMENTS IMPLEMENTATION SERVICES, LLC"" site:linkedin.com/in",ddgs
5713971,https://www.linkedin.com/in/guang-lu-259b453b,"""GUANG LU"" site:linkedin.com/in",ddgs
5713972,https://www.linkedin.com/in/beaubarry,"""BEAU BARRY"" site:linkedin.com/in",ddgs
5713975,https://www.linkedin.com/in/ryan-lehuta-55a45522,"""Ryan Lehuta"" site:linkedin.com/in",ddgs
5713977,https://www.linkedin.com/in/adrienne-gaves-80467737,"""Adrienne Gaves"" ""RBC CAPITAL MARKETS, LLC"" site:linkedin.com/in",ddgs
5713984,https://www.linkedin.com/in/stami-marichal-453aa611,"""STAMI MARICHAL"" ""LPL FINANCIAL LLC"" site:linkedin.com/in",ddgs
5713988,https://www.linkedin.com/in/alexander-pritsker-a697b060,"""Alexander Pritsker"" ""MERRILL LYNCH, PIERCE, FENNER & SMITH INCORPORATED"" site:linkedin.com/in",ddgs
5713994,https://www.linkedin.com/in/todd-hale-613353a,"""Todd Hale"" site:linkedin.com/in",ddgs
5713997,https://www.linkedin.com/in/toddmahony,"""Todd Mahony"" ""PFS INVESTMENTS INC."" site:linkedin.com/in",ddgs
5714007,https://www.linkedin.com/in/william-brown-01a310182,"""WILLIAM BROWN"" site:linkedin.com/in",ddgs
5714013,https://www.linkedin.com/in/arlene-hislop-56852914,"""Arlene Hislop"" site:linkedin.com/in",ddgs
5714015,https://www.linkedin.com/in/matthew-peckman-4b552416,"""MATTHEW PECKMAN"" site:linkedin.com/in",ddgs
5714076,https://www.linkedin.com/in/matthew-sorenson-93b992,"""MATTHEW SORENSON"" site:linkedin.com/in",ddgs
5714084,https://www.linkedin.com/in/harrison-till-cpfa-mlhr-04b91b41,"""HARRISON TILL"" site:linkedin.com/in",ddgs
5714088,https://www.linkedin.com/in/vicquintana,"""VICTOR QUINTANA"" site:linkedin.com/in",ddgs
5714094,https://jm.linkedin.com/in/adammstewart,"""Adam Stewart"" site:linkedin.com/in",ddgs
5714103,https://www.linkedin.com/in/anthony-bio-2196221b8,"""ANTHONY BIO"" site:linkedin.com/in",ddgs
5714106,https://www.linkedin.com/in/kevinrohrer,"""Kevin Rohrer"" site:linkedin.com/in",ddgs
5714114,https://www.linkedin.com/in/thomasmcginnis,"""THOMAS MCGINNIS"" site:linkedin.com/in",ddgs
5714117,https://www.linkedin.com/in/katherine-rossolimo-0a2110218,"""KATHERINE ROSSOLIMO"" site:linkedin.com/in",ddgs
5714124,https://www.linkedin.com/in/jonathan-wilkin-64867238,"""Jonathan Wilkin"" site:linkedin.com/in",ddgs
5714140,https://www.linkedin.com/in/bayar-hamid-ricp-®-35514b15,"""BAYAR HAMID"" ""VALIC FINANCIAL ADVISORS, INC."" site:linkedin.com/in",ddgs
5714150,https://ca.linkedin.com/in/lisa-taylor-7001077b,"""LISA TAYLOR"" site:linkedin.com/in",ddgs
5714167,https://www.linkedin.com/in/john-thurlow-01301712,"""JOHN THURLOW"" site:linkedin.com/in",ddgs
5714176,https://www.linkedin.com/in/genedooley,"""GENE DOOLEY"" ""STEWARD PARTNERS INVESTMENT SOLUTIONS, LLC"" site:linkedin.com/in",ddgs
5714182,https://www.linkedin.com/in/elena-stanley-096a1749,"""Elena Stanley"" site:linkedin.com/in",ddgs
5714203,https://www.linkedin.com/in/perrykorszen,"""PERRY KORSZEN"" ""RAYMOND JAMES & ASSOCIATES, INC."" site:linkedin.com/in",ddgs
5714209,https://www.linkedin.com/in/diana-trimarco-cpa-mpa-37196497,"DIANA TRIMARCO MIRANDO BESSEMER INVESTOR SERVICES, INC. linkedin",ddgs
5714215,https://www.linkedin.com/in/seanbroderick,"""SEAN BRODERICK"" site:linkedin.com/in",ddgs
5714224,https://www.linkedin.com/in/christopher-j-gordon-4531b3b0,"""CHRISTOPHER GORDON"" ""CENTAURUS FINANCIAL, INC."" site:linkedin.com/in",ddgs
5714241,https://www.linkedin.com/in/justinrooney,"""JUSTIN ROONEY"" ""ICAPITAL MARKETS LLC"" site:linkedin.com/in",ddgs
5714256,https://www.linkedin.com/in/christopher-grosse-8084721b8,"""CHRISTOPHER GROSSE"" site:linkedin.com/in",ddgs
5714272,https://www.linkedin.com/in/dennis-powers-25252636,"""DENNIS POWERS"" ""WOODMEN FINANCIAL SERVICES, INC."" site:linkedin.com/in",ddgs
5714288,https://www.linkedin.com/in/steven-sexton-7a195a94,"""STEVEN SEXTON"" site:linkedin.com/in",ddgs
5714289,https://www.linkedin.com/in/matthew-kemp-1727,"""MATTHEW KEMP"" site:linkedin.com/in",ddgs
5714292,https://www.linkedin.com/in/gregory-zaleski-b5a95851,"""GREGORY ZELSKI"" site:linkedin.com/in",ddgs
57143,https://www.linkedin.com/in/joseph-criscuolo-84442b44,"""JOSEPH CRISCUOLO"" site:linkedin.com/in",ddgs
5714302,https://www.linkedin.com/in/kevinfillers-tn,"""KEVIN FILLERS"" site:linkedin.com/in",ddgs
5714305,https://www.linkedin.com/in/john-rott-224b01199,"""JOHN ROTT"" site:linkedin.com/in",ddgs
5714336,https://www.linkedin.com/in/jim-wilder,"""James Wilder"" site:linkedin.com/in",ddgs
5714358,https://www.linkedin.com/in/agentbrentmccall,"""BRENT MCCALL"" ""FBL MARKETING SERVICES, LLC"" site:linkedin.com/in",ddgs
5714404,https://www.linkedin.com/in/jasmine-ridgell-15427036,"""JASMINE RIDGELL"" site:linkedin.com/in",ddgs
5714406,https://www.linkedin.com/in/christopher-quaye-774aa550,"""CHRISTOPHER QUAYE"" site:linkedin.com/in",ddgs
5714410,https://www.linkedin.com/in/davidkoren,"""DAVID KOREN"" site:linkedin.com/in",ddgs
5714420,https://www.linkedin.com/in/gwenking,"""GWENDOLYN KING"" site:linkedin.com/in",ddgs
5714428,https://www.linkedin.com/in/ryan-sublette-15312324,"""RYAN SUBLETTE"" site:linkedin.com/in",ddgs
5714436,https://www.linkedin.com/in/kevin-groves-0019b93,"""KEVIN GROVES"" site:linkedin.com/in",ddgs
5714444,https://www.linkedin.com/in/nate-dopking-0344104a,"""ALVA DOPKING"" ""BENCHMARK SECURITIES LLC"" site:linkedin.com/in",ddgs
5714461,https://www.linkedin.com/in/cindy-amelie-morand,"""CINDY MORAND"" site:linkedin.com/in",ddgs
5714479,https://www.linkedin.com/in/markcgregory1,"""MARK GREGORY"" site:linkedin.com/in",ddgs
5714480,https://www.linkedin.com/in/laura-vollrath-cfp®-206680266,"""LAURA VOLLRATH"" site:linkedin.com/in",ddgs
5714488,https://www.linkedin.com/in/mark-garry,"""MARK GARRY"" site:linkedin.com/in",ddgs
5714492,https://www.linkedin.com/in/brianbeasleymba,"""BRIAN BEASLEY"" ""LPL FINANCIAL LLC"" site:linkedin.com/in",ddgs
5714495,https://www.linkedin.com/in/lisa-hirschfeld-8501b430,"""LISA HIRSCHFELD"" site:linkedin.com/in",ddgs
5714498,https://www.linkedin.com/in/travis-creighton-49253b87,"""TRAVIS CREIGHTON"" site:linkedin.com/in",ddgs
5714501,https://www.linkedin.com/in/thomas-monnay-3468239,"""THOMAS MONNAY"" ""J.P. MORGAN SECURITIES LLC"" site:linkedin.com/in",ddgs
5714502,https://www.linkedin.com/in/charles-anglin-992b1010,"""CHARLES ANGLIN"" site:linkedin.com/in",ddgs
5714504,https://www.linkedin.com/in/anthony-dotro-17744511,ANTONIO DOTRO CITIGROUP GLOBAL MARKETS INC. linkedin,ddgs
5714520,https://www.linkedin.com/in/alexander-olson,"""Alexander Olson"" site:linkedin.com/in",ddgs
5714539,https://www.linkedin.com/in/carlin-kevin,"""KEVIN CARLIN"" site:linkedin.com/in",ddgs
5714540,https://www.linkedin.com/in/jimsanstead,"""Dumitru Gasan"" ""EDWARD JONES"" site:linkedin.com/in",ddgs
5714561,https://www.linkedin.com/in/matthew-mcpeak-99963413,"""MATTHEW MCPEAK"" site:linkedin.com/in",ddgs
5714566,https://www.linkedin.com/in/zacharylgreen,"""ZACHARY GREEN"" site:linkedin.com/in",ddgs
5714577,https://www.linkedin.com/in/ivan-salazar,"""Ivan Salazar"" site:linkedin.com/in",ddgs
5714578,https://www.linkedin.com/in/dansleyhu,"""DANSLEY HU"" ""TIAA-CREF INDIVIDUAL & INSTITUTIONAL SERVICES, LLC"" site:linkedin.com/in",ddgs
5714590,https://www.linkedin.com/in/lindsey-fiedler-b6a51815,"""LINDSEY BAPTISTE"" ""CAPITOLIS GLOBAL BROKER DEALER LLC"" site:linkedin.com/in",ddgs
5714594,https://www.linkedin.com/in/gabriel-fernandez,"""GABRIEL FERNANDEZ"" ""PFS INVESTMENTS INC."" site:linkedin.com/in",ddgs
5714596,https://www.linkedin.com/in/patrick-carpenter-0b66ba7,"""PATRICK CARPENTER"" ""LPL FINANCIAL LLC"" site:linkedin.com/in",ddgs
5714607,,OLARIBIGBE GUREJE  linkedin,
5714611,,Henry Hauhn EDWARD JONES linkedin,
5714617,https://www.linkedin.com/in/ejadvisorbrandonhelms,"""Brandon Helms"" ""EDWARD JONES"" site:linkedin.com/in",ddgs
5714620,https://www.linkedin.com/in/victoria-roman-69bb1723b,"""VICTORIA ROMAN"" site:linkedin.com/in",ddgs
5714621,https://www.linkedin.com/in/eric-boylan,"""Eric Boylan"" ""EDWARD JONES"" site:linkedin.com/in",ddgs
5714622,https://www.linkedin.com/in/john-hill-60579b,"""JOHN HILL"" site:linkedin.com/in",ddgs
5714623,https://www.linkedin.com/in/stephen-jones-17642135,"""STEPHEN JONES"" site:linkedin.com/in",ddgs
5714658,https://www.linkedin.com/in/peterdunningcampbell,"""PETER CAMPBELL"" site:linkedin.com/in",ddgs
5714673,https://www.linkedin.com/in/todd-faulkner-crpc®-268530110,"""TODD FAULKNER"" ""LPL FINANCIAL LLC"" site:linkedin.com/in",ddgs
5714675,https://www.linkedin.com/in/kyle-jeter-98567b58,"""Kyle Jeter"" ""EDWARD JONES"" site:linkedin.com/in",ddgs
5714683,https://www.linkedin.com/in/galen-reeder-4528b1111,"""Galen Reeder"" site:linkedin.com/in",ddgs
5714703,https://www.linkedin.com/in/fleet-ratliff-607b0530,"""FLEET RATLIFF"" site:linkedin.com/in",ddgs
5714711,https://www.linkedin.com/in/lindacthomas,"""LINDA THOMAS"" site:linkedin.com/in",ddgs
5714715,https://www.linkedin.com/in/grady-b-b2971224,"""Dorian Grady"" ""UBS FINANCIAL SERVICES INC."" site:linkedin.com/in",ddgs
5714732,https://www.linkedin.com/in/benjamin-zietz-9b963552,"""BENJAMIN ZIETZ"" ""MMA SECURITIES LLC"" site:linkedin.com/in",ddgs
5714745,https://www.linkedin.com/in/stevens-john,"""JOHN STEVENS"" ""LPL FINANCIAL LLC"" site:linkedin.com/in",ddgs
5714759,https://www.linkedin.com/in/jonathan-stites-0647636,"""Jonathon Stites"" site:linkedin.com/in",ddgs
5714775,https://www.linkedin.com/in/aaronyoon,"""Aaron Yoon"" ""&PARTNERS"" site:linkedin.com/in",ddgs
5714789,https://www.linkedin.com/in/kymiller12,"""KYLE MILLER"" site:linkedin.com/in",ddgs
5714793,https://www.linkedin.com/in/danny-castro-b63a3221,"""DANNY CASTRO"" site:linkedin.com/in",ddgs
5714809,https://www.linkedin.com/in/jonathon-lee-465765165,"""Jonathon Lee"" ""CHARLES SCHWAB & CO., INC."" site:linkedin.com/in",ddgs
5714811,https://www.linkedin.com/in/kenneth-ruff-ed-d-88878b46,"""KENNETH RUFF"" site:linkedin.com/in",ddgs
5714815,https://www.linkedin.com/in/edward-grimm,"""EDWARD GRIMM"" site:linkedin.com/in",ddgs
5714816,https://uk.linkedin.com/in/cookstopher,"""CHRISTOPHER COOK"" site:linkedin.com/in",ddgs
5714837,https://www.linkedin.com/in/karinagaray,"""Karina Garay"" site:linkedin.com/in",ddgs
5714847,https://www.linkedin.com/in/adamtepper,"""ADAM TEPPER"" site:linkedin.com/in",ddgs
5714868,https://www.linkedin.com/in/pauletta-rist-2b97729,"""Pauletta Rist"" site:linkedin.com/in",ddgs
5714879,https://in.linkedin.com/in/karl-dcunha-5b7118131,"""KARL DCUNHA"" site:linkedin.com/in",ddgs
5714889,https://www.linkedin.com/in/erica-fendlay-1a7a752ba,"""Erica Fendlay"" ""OSAIC WEALTH, INC."" site:linkedin.com/in",ddgs
5714891,https://www.linkedin.com/in/andrewcarlin,"""ANDREW CARLIN"" site:linkedin.com/in",ddgs
5714900,https://www.linkedin.com/in/cody-cunningham-2633b811b,"""CODY CUNNINGHAM"" ""AMERIPRISE FINANCIAL SERVICES, LLC"" site:linkedin.com/in",ddgs
5714911,https://www.linkedin.com/in/dustin-groves-716ab3286,"""DUSTIN GROVES"" ""J.P. MORGAN SECURITIES LLC"" site:linkedin.com/in",ddgs
5714919,https://www.linkedin.com/in/brian-kim-9a20a1167,"""BRIAN KIM"" ""EDWARD JONES"" site:linkedin.com/in",ddgs
5714922,https://www.linkedin.com/in/lon-a-howe-65568936,"""LUKE HOWE"" ""FIDELITY BROKERAGE SERVICES LLC"" site:linkedin.com/in",ddgs
5714925,https://www.linkedin.com/in/jamie-priemer-40ab2525,"JAMIELLE PRIEMER CHARLES SCHWAB & CO., INC. linkedin",ddgs
5714934,https://www.linkedin.com/in/deanna-richards-5b5b36aa,"""Deanna Richards"" ""EDWARD JONES"" site:linkedin.com/in",ddgs
5714935,https://www.linkedin.com/in/james-antoniotti-78a4984b,"""JAMES ANTONIOTTI"" site:linkedin.com/in",ddgs
5714942,https://www.linkedin.com/in/michael-bausk-4734474,"""MICHAEL BAUSK"" site:linkedin.com/in",ddgs
5714946,https://www.linkedin.com/in/polkyproducer,"""David Polk"" site:linkedin.com/in",ddgs
5714950,https://www.linkedin.com/in/brandon-reuther-02524010,"""Brandon Reuther"" ""EDWARD JONES"" site:linkedin.com/in",ddgs
5714961,https://www.linkedin.com/in/terry-minton-aa31086,"""Terry Minton"" site:linkedin.com/in",ddgs
5714963,https://www.linkedin.com/in/jesspike,"""Jessica Pike"" site:linkedin.com/in",ddgs
5714967,https://www.linkedin.com/in/matthew-merklinger-a3900aba,"""MATTHEW MERKLINGER"" site:linkedin.com/in",ddgs
5714968,https://www.linkedin.com/in/peter-kelly-602712a,"""PETER KELLY"" site:linkedin.com/in",ddgs
5714974,https://www.linkedin.com/in/brendan-duggan-ricp-51798834,"""Benjamin Duggan"" ""EMPOWER FINANCIAL SERVICES, INC."" site:linkedin.com/in",ddgs
5714977,https://www.linkedin.com/in/kevin-craig-s4realestate,"""Kevin Craig"" ""INVICTA CAPITAL LLC"" site:linkedin.com/in",ddgs
5714983,https://www.linkedin.com/in/nicholasvenlet,"""NICHOLAS VENLET"" ""CAMBRIDGE INVESTMENT RESEARCH, INC."" site:linkedin.com/in",ddgs
5714994,https://www.linkedin.com/in/lauren-steiner,"""LAUREN STEINER"" site:linkedin.com/in",ddgs
5715004,https://www.linkedin.com/in/nicole-huerta-hr,"""Nicole Huerta"" site:linkedin.com/in",ddgs
5715005,https://www.linkedin.com/in/boydjosephm,"""JOSEPH BOYD"" site:linkedin.com/in",ddgs
5715010,https://www.linkedin.com/in/quentin-womack-4b5a4a13,"""Quentin Womack"" site:linkedin.com/in",ddgs
5715021,https://www.linkedin.com/in/jamesccrawford,"""JAMES CRAWFORD"" site:linkedin.com/in",ddgs
5715026,https://www.linkedin.com/in/timothy-d-brown-66b89529,"""TIMOTHY BROWN"" ""WELLS FARGO CLEARING SERVICES, LLC"" site:linkedin.com/in",ddgs
5715047,https://www.linkedin.com/in/roger-walker-a674541,"""ROGER WALKER"" site:linkedin.com/in",ddgs
5715088,https://www.linkedin.com/in/allen-heiden-01865029,"""AMBER HEIDEN"" ""WELLS FARGO CLEARING SERVICES, LLC"" site:linkedin.com/in",ddgs
5715095,https://www.linkedin.com/in/evan-seidenberg-8149043,"""EVAN SEIDENBERG"" site:linkedin.com/in",ddgs
5715103,https://www.linkedin.com/in/michael-pruett-cissp,"""MICHAEL PRUETT"" site:linkedin.com/in",ddgs
5715110,https://uk.linkedin.com/in/williamquinn22,"""WILLIAM QUINN"" site:linkedin.com/in",ddgs
5715111,https://www.linkedin.com/in/dougtbrown,"""DOUGLAS BROWN"" ""FIFTH THIRD SECURITIES, INC."" site:linkedin.com/in",ddgs
5715115,https://uk.linkedin.com/in/steven-ross-4494b664,"""STEVEN ROSS"" site:linkedin.com/in",ddgs
5715124,https://www.linkedin.com/in/janetprince,"""JANET PRINCE"" site:linkedin.com/in",ddgs
5715125,https://www.linkedin.com/in/crystalinda-ray,"""Crystalinda Ray"" site:linkedin.com/in",ddgs
5715126,https://www.linkedin.com/in/nick-frederick,"""Nicholas Frederick"" site:linkedin.com/in",ddgs
5715131,https://www.linkedin.com/in/lauren-kim-3b76a8112,"""LAUREN KIM"" site:linkedin.com/in",ddgs
5715147,https://www.linkedin.com/in/adam-curtis-468b26128,"""ADAM CURTIS"" site:linkedin.com/in",ddgs
5715157,https://www.linkedin.com/in/stevegephart,"""STEPHEN GEPHART"" ""EQUITY SERVICES, INC."" site:linkedin.com/in",ddgs
5715161,https://ua.linkedin.com/in/anton-chuprun-90007216b,"""Anton Chuprun"" site:linkedin.com/in",ddgs
5715162,https://www.linkedin.com/in/markandrson,"""RASHAD ANDERSON"" ""LFT SECURITIES, LLC"" site:linkedin.com/in",ddgs
5715164,,TESSICA CULL  linkedin,
5715171,https://www.linkedin.com/in/sergiolew,"""SERGIO LEW"" site:linkedin.com/in",ddgs
5715174,https://www.linkedin.com/in/craigkaplan,"""CRAIG KAPLAN"" site:linkedin.com/in",ddgs
5715178,https://www.linkedin.com/in/johnciccarone,"""JOHN CICCARONE"" ""JANNEY MONTGOMERY SCOTT LLC"" site:linkedin.com/in",ddgs
5715184,https://www.linkedin.com/in/germansaborio,"GERMAN SABORIO CITI PRIVATE ALTERNATIVES, LLC linkedin",ddgs
5715186,https://www.linkedin.com/in/matthew-b-richmond,"""MATTHEW RICHMOND"" site:linkedin.com/in",ddgs
5715206,https://www.linkedin.com/in/christopher-dieck-a6553397,"""CHRISTOPHER DIECK"" site:linkedin.com/in",ddgs
5715210,https://www.linkedin.com/in/vishal-idnani-bbb83a87,"""VISHAL IDNANI"" site:linkedin.com/in",ddgs
5715211,https://www.linkedin.com/in/christopher-thomas-547a896b,"""CHRISTOPHER THOMAS"" ""AURORA SECURITIES"" site:linkedin.com/in",ddgs
5715219,https://www.linkedin.com/in/nsgodshall,"""NICHOLAS GODSHALL"" site:linkedin.com/in",ddgs
5715225,https://www.linkedin.com/in/karenbarno,"""KAREN BARNO"" ""VOYA FINANCIAL PARTNERS, LLC"" site:linkedin.com/in",ddgs
5715239,https://www.linkedin.com/in/tyler-silva-a937617,"""Tyler Silva"" site:linkedin.com/in",ddgs
5715260,https://www.linkedin.com/in/michael-a-belt,"""MICHAEL BELT"" site:linkedin.com/in",ddgs
5715263,,LINDA PUTSEY  linkedin,
5715273,https://de.linkedin.com/in/hyun-soo-kim-425420b4/en,"""HYUN SOO KIM"" site:linkedin.com/in",ddgs
5715301,https://www.linkedin.com/in/nicolelynnbouffard,"""Nicole Broussard"" ""AMERIPRISE FINANCIAL SERVICES, LLC"" site:linkedin.com/in",ddgs
5715315,https://www.linkedin.com/in/stevenmeyerjr,"""STEVEN MEYER"" site:linkedin.com/in",ddgs
5715317,https://www.linkedin.com/in/patrick-hewitt-89086831,"""Patrick Hewitt"" site:linkedin.com/in",ddgs
5715340,https://www.linkedin.com/in/bingfeng18,"""BING FENG"" site:linkedin.com/in",ddgs
5715352,https://www.linkedin.com/in/david-corbin-5a59411,"""David Albin"" ""LPL FINANCIAL LLC"" site:linkedin.com/in",ddgs
5715366,https://www.linkedin.com/in/paul-linz-263aa51,"""PAUL LINZ"" site:linkedin.com/in",ddgs
5715369,https://www.linkedin.com/in/barry-queen-ii-abfp®-wmcp®-se-awma-™-65b3187b,"""BARRY QUEEN"" ""CETERA WEALTH SERVICES, LLC"" site:linkedin.com/in",ddgs
5715372,https://www.linkedin.com/in/joshualondon,"""JOSHUA LONDON"" ""STATE FARM VP MANAGEMENT CORP."" site:linkedin.com/in",ddgs
5715376,https://www.linkedin.com/in/john-lukovich-1a984766,"""JOHN LUKOVICH"" site:linkedin.com/in",ddgs
5715378,https://www.linkedin.com/in/peter-storm-84a6629,"""PETER STORM"" site:linkedin.com/in",ddgs
5715380,https://www.linkedin.com/in/phoenix-morello-27aa33b1,"""BENNY MORELLO"" ""UBS SECURITIES LLC"" site:linkedin.com/in",ddgs
5715390,https://www.linkedin.com/in/daniellechaikin,"""DANIELLE CHAIKIN"" site:linkedin.com/in",ddgs
5715395,https://www.linkedin.com/in/carriefoxpr,"""CARRIE FOX"" ""EQUITY SERVICES, INC."" site:linkedin.com/in",ddgs
5715403,https://www.linkedin.com/in/glenstewart,"""GLEN STEWART"" site:linkedin.com/in",ddgs
5715415,https://www.linkedin.com/in/mariagemskie,"""MARIA GEMSKIE"" site:linkedin.com/in",ddgs
5715422,https://www.linkedin.com/in/eyalinbar,"""EYAL INBAR"" site:linkedin.com/in",ddgs
5715423,,AVRAHAM SHILLO  linkedin,
5715427,https://www.linkedin.com/in/mjsusterick,"MATTHEW SUSTERICK ALLIANZ LIFE FINANCIAL SERVICES, LLC linkedin",ddgs
5715430,https://www.linkedin.com/in/ramsey-el-assal-a8b6b15,"""RAMSEY EL-ASSAL"" site:linkedin.com/in",ddgs
5715433,,EMIL SUQI  linkedin,
5715436,https://www.linkedin.com/in/nischalpai,"""NISCHAL PAI"" site:linkedin.com/in",ddgs
5715438,https://www.linkedin.com/in/bgroarkcpamba,"""Brian Groark"" site:linkedin.com/in",ddgs
5715439,https://www.linkedin.com/in/myjia-velazquez-9358372a5,"""MIGUEL VELAZQUEZ"" ""RAYMOND JAMES & ASSOCIATES, INC."" site:linkedin.com/in",ddgs
5715440,https://www.linkedin.com/in/david-salas-46a14036,"""DAVID SALAS"" site:linkedin.com/in",ddgs
5715442,https://www.linkedin.com/in/dale-guidry-jr-8989a25a,"""DALE GUIDRY"" site:linkedin.com/in",ddgs
5715448,https://www.linkedin.com/in/michael-j-schaltz-jr-222994,"""MICHAEL SCHALTZ"" ""FIFTH THIRD SECURITIES, INC."" site:linkedin.com/in",ddgs
5715454,https://www.linkedin.com/in/dipeshmehta1,"""Dipesh Mehta"" ""EDWARD JONES"" site:linkedin.com/in",ddgs
5715459,https://bd.linkedin.com/in/faria-mustafa-372a2a82,"""FARIA MUSTAFA"" site:linkedin.com/in",ddgs
5715464,https://www.linkedin.com/in/jeff-cook-mba,"""JULIE COOK"" ""LPL FINANCIAL LLC"" site:linkedin.com/in",ddgs
5715465,https://www.linkedin.com/in/hans-liao-28617b19a,"""Ning Liao"" ""UBS FINANCIAL SERVICES INC."" site:linkedin.com/in",ddgs
5715469,https://www.linkedin.com/in/johnhering,"""JOHN HERING"" site:linkedin.com/in",ddgs
5715476,https://www.linkedin.com/in/paul-souppa-chfc-2806a46,"""Paul Souppa"" ""ASCENSUS BROKER DEALER SERVICES, LLC"" site:linkedin.com/in",ddgs
5715498,https://www.linkedin.com/in/michaelgcortina,"""Michael Cortina"" site:linkedin.com/in",ddgs
5715504,https://www.linkedin.com/in/stephaniechambliss,"""STEPHANIE CHAMBLISS"" site:linkedin.com/in",ddgs
5715513,https://ca.linkedin.com/in/victoriathorpe,"""VICTORIA THORPE"" site:linkedin.com/in",ddgs
5715514,https://www.linkedin.com/in/jonathan-heath-a55085b,"""Jonathan Heath"" site:linkedin.com/in",ddgs
5715519,https://www.linkedin.com/in/thomas-fernandes-061bb6ab,"""THOMAS FERNANDES"" site:linkedin.com/in",ddgs
5715520,https://www.linkedin.com/in/jacob-hower-6b645671,"""Jacob Hower"" ""NORTHWESTERN MUTUAL INVESTMENT SERVICES, LLC"" site:linkedin.com/in",ddgs
5715529,https://www.linkedin.com/in/sarah-haner-595828151,"""SARAH HANER"" site:linkedin.com/in",ddgs
5715543,https://www.linkedin.com/in/gustavus-bahr,"""GUSTAVUS BAHR"" site:linkedin.com/in",ddgs
5715550,https://www.linkedin.com/in/mark-yankee-70049994,"""MARK YANKEE"" site:linkedin.com/in",ddgs
5715566,https://www.linkedin.com/in/ashley-moore-a8751a117,"""ANNE MOORE"" ""BLACKROCK INVESTMENTS, LLC"" site:linkedin.com/in",ddgs
5715584,https://www.linkedin.com/in/orval-fisher-21650b12,"""ORVAL FISHER"" site:linkedin.com/in",ddgs
5715590,https://www.linkedin.com/in/noelia-villalobos-3a6485285,"""NOEL VILLALOBOS"" ""PFS INVESTMENTS INC."" site:linkedin.com/in",ddgs
5715595,https://www.linkedin.com/in/tim-hilterman-cfp®-cap®-517a7660,TIMOTHY HILTERMAN  linkedin,ddgs
5715598,https://www.linkedin.com/in/tim-woods-09204b357,"""STEVEN WOODS"" ""STIRLINGSHIRE INVESTMENTS"" site:linkedin.com/in",ddgs
5715605,https://www.linkedin.com/in/chris-ridente-cfp®-90b5ba16,"""CHRISTOPHER RIDENTE"" ""MORGAN STANLEY"" site:linkedin.com/in",ddgs
5715610,https://www.linkedin.com/in/constancia-angeles-76a109306,"""CONSTANCIA ANGELES"" site:linkedin.com/in",ddgs
5715615,https://www.linkedin.com/in/matthew-wilkow-574261a6,"""Matthew Wilkow"" ""MML INVESTORS SERVICES, LLC"" site:linkedin.com/in",ddgs
5715616,https://www.linkedin.com/in/tisha-howell-31825a79,"""TISHA HOWELL"" ""LINCOLN FINANCIAL DISTRIBUTORS, INC."" site:linkedin.com/in",ddgs
5715620,https://www.linkedin.com/in/ashleypotts,"""ASHLEY POTTS"" site:linkedin.com/in",ddgs
5715622,https://tr.linkedin.com/in/sefa-gunay-15a3b610b,"""Sefa Gunay"" site:linkedin.com/in",ddgs
5715624,https://www.linkedin.com/in/jasonbowens,"""JASON BOWENS"" ""MERRILL LYNCH, PIERCE, FENNER & SMITH INCORPORATED"" site:linkedin.com/in",ddgs
5715648,https://www.linkedin.com/in/zsolt-halustyak-81b14a41,"""ZSOLT HALUSTYAK"" site:linkedin.com/in",ddgs
5715655,https://www.linkedin.com/in/michael-potthoff-02194327,"""MICHAEL POTTHOFF"" site:linkedin.com/in",ddgs
5715656,https://www.linkedin.com/in/alexis-davis-b70476b1,"""Alexis Davis"" site:linkedin.com/in",ddgs
5715658,https://www.linkedin.com/in/tiffany-lipira-a3748946,"""TIFFANY LIPIRA"" site:linkedin.com/in",ddgs
5715660,https://www.linkedin.com/in/jonathan-marquis,"""JONATHAN MARQUIS"" site:linkedin.com/in",ddgs
5715672,https://www.linkedin.com/in/brandonselph,"""BRANDON SELPH"" site:linkedin.com/in",ddgs
5715676,https://www.linkedin.com/in/teresa-meeks-2a410a149,"""TERESA MEEKS"" site:linkedin.com/in",ddgs
5715689,https://www.linkedin.com/in/stephenwigleymwa,"""STEPHEN WIGLEY"" ""MWA FINANCIAL SERVICES INC."" site:linkedin.com/in",ddgs
5715698,,DEBORAH RIVOSA  linkedin,
5715743,https://www.linkedin.com/in/sandeepgupta211,"""SANDEEP GUPTA"" site:linkedin.com/in",ddgs
5715744,https://www.linkedin.com/in/carrie-hamen-98256837b,"""Bremananthan Thuraisingham"" ""RBC CAPITAL MARKETS, LLC"" site:linkedin.com/in",ddgs
5715760,https://www.linkedin.com/in/britt-stephens-19625616,"""BRITT STEPHENS"" ""LPL FINANCIAL LLC"" site:linkedin.com/in",ddgs
5715790,https://uk.linkedin.com/in/elizabeth-young-b8b2a219b,"""ELIZABETH YOUNG"" site:linkedin.com/in",ddgs
5715797,https://www.linkedin.com/in/hannah-molloy,"""HANNAH MOLLOY"" site:linkedin.com/in",ddgs
5715804,https://www.linkedin.com/in/carlos-mcconico-20882a13,"""Carlos McConico"" site:linkedin.com/in",ddgs
5715816,https://www.linkedin.com/in/dominicrubyfinancialadvisor,"""Dominic Ruby"" ""RAYMOND JAMES FINANCIAL SERVICES, INC."" site:linkedin.com/in",ddgs
5715819,https://www.linkedin.com/in/jorge-meléndez-65ba06356,"""JORGE MELENDEZ RIVERA"" ""PFS INVESTMENTS INC."" site:linkedin.com/in",ddgs
5715820,https://www.linkedin.com/in/amymessmer,"""AMY MESSMER"" site:linkedin.com/in",ddgs
5715838,https://www.linkedin.com/in/nicholas-e-stern-cfp®-b4b02239,"""NICHOLAS STERN"" ""KESTRA INVESTMENT SERVICES, LLC"" site:linkedin.com/in",ddgs
5715839,https://www.linkedin.com/in/jing-huang-689394134,"""Jing Huang"" site:linkedin.com/in",ddgs
5715844,https://www.linkedin.com/in/feng-wang-6136325,"""FENG WANG"" site:linkedin.com/in",ddgs
5715859,https://www.linkedin.com/in/justinelkins,"""JUSTIN ELKINS"" site:linkedin.com/in",ddgs
5715863,https://www.linkedin.com/in/greg-g-moore-b553463,"""Gregory Moore"" ""UBS FINANCIAL SERVICES INC."" site:linkedin.com/in",ddgs
5715866,https://www.linkedin.com/in/darren-gerard-60aa854a,"""DARREN GERARD"" ""TRADITION SECURITIES AND DERIVATIVES LLC"" site:linkedin.com/in",ddgs
5715883,https://www.linkedin.com/in/josephdavis5,"""JOSEPH DAVIS"" site:linkedin.com/in",ddgs
5715887,https://www.linkedin.com/in/kyle-irwin-44b63337,"""KYLE IRWIN"" site:linkedin.com/in",ddgs
5715889,https://www.linkedin.com/in/zarina-sullivan-41330913,"""ZARINA SULLIVAN"" ""CETERA FINANCIAL SPECIALISTS LLC"" site:linkedin.com/in",ddgs
5715900,https://www.linkedin.com/in/andy-white-cfp®-19b605215,"""ANDREW WHITE"" ""FIDELITY BROKERAGE SERVICES LLC"" site:linkedin.com/in",ddgs
5715902,https://www.linkedin.com/in/adam-douglas-1392911ab,"""ADAM DOUGLAS"" site:linkedin.com/in",ddgs
5715909,https://www.linkedin.com/in/juancrivera,"""JUAN RIVERA"" site:linkedin.com/in",ddgs
5715914,https://www.linkedin.com/in/victor-arias-a3a1275,"""VICTOR ARIAS"" site:linkedin.com/in",ddgs
5715924,https://www.linkedin.com/in/karin-moorestemwomen,"""KARIN MOORE"" site:linkedin.com/in",ddgs
5715963,https://www.linkedin.com/in/remy-dou,"""REMY DOU"" site:linkedin.com/in",ddgs
5715978,https://www.linkedin.com/in/brian-vera-0a510a37,"""BRIAN VERA"" ""THINKEQUITY LLC"" site:linkedin.com/in",ddgs
5715989,https://www.linkedin.com/in/saied-zeinali-9bb53614,"""SAMUEL SAIED"" ""MWA FINANCIAL SERVICES INC."" site:linkedin.com/in",ddgs
5715991,https://it.linkedin.com/in/danielfolie,"""Daniel Folie"" site:linkedin.com/in",ddgs
5716009,,ELVIO CATANIA J.P. MORGAN SECURITIES LLC linkedin,
5716015,https://www.linkedin.com/in/curtis-beckham-08218069,"""CURTIS BECKHAM"" site:linkedin.com/in",ddgs
5716030,https://www.linkedin.com/in/elva-a-mendoza-2076b619,"""ELVA MENDOZA"" ""EDWARD JONES"" site:linkedin.com/in",ddgs
5716047,https://www.linkedin.com/in/lisa-hlinka,"""LISA HLINKA"" site:linkedin.com/in",ddgs
5716052,https://www.linkedin.com/in/peter-schenz-089389102,"""PETER BREITSCH"" ""PFS INVESTMENTS INC."" site:linkedin.com/in",ddgs
5716071,https://www.linkedin.com/in/dean-gunderson-08688a58,"""Dennis Gunderson"" ""WELLS FARGO CLEARING SERVICES, LLC"" site:linkedin.com/in",ddgs
5716091,,ALISSAR KEKELIS NYLIFE DISTRIBUTORS LLC linkedin,
5716100,https://www.linkedin.com/in/shnelson7,"""Shannon Nelson"" site:linkedin.com/in",ddgs
5716109,https://www.linkedin.com/in/elizabeth-ashton-b1a41713,"""ELIZABETH ASHTON"" ""D.A. DAVIDSON & CO."" site:linkedin.com/in",ddgs
5716117,https://www.linkedin.com/in/rlevisman,"""RUBEN LEVISMAN"" site:linkedin.com/in",ddgs
5716122,https://www.linkedin.com/in/jeffmary,"""Jeffrey Mary"" site:linkedin.com/in",ddgs
5716135,https://www.linkedin.com/in/michaelmarra1,"""Michael Marra"" site:linkedin.com/in",ddgs
5716138,https://www.linkedin.com/in/spencer-taylor-570bb91b3,"""Spencer Taylor"" site:linkedin.com/in",ddgs
5716140,https://www.linkedin.com/in/robert-hum-caia-9553aa9,"""ROBERT HUM"" site:linkedin.com/in",ddgs
5716160,https://www.linkedin.com/in/nick-a-scott,"""NICHOLAS SCOTT"" site:linkedin.com/in",ddgs
5716168,https://www.linkedin.com/in/robert-riffle-02a87479,"""ROBERT RIFFLE"" site:linkedin.com/in",ddgs
5716170,https://www.linkedin.com/in/garret-koeber-95a9368,"""GARRET KOEBER"" site:linkedin.com/in",ddgs
5716187,https://www.linkedin.com/in/laurie-bautista-098967258,"""LAURIE BAUTISTA"" site:linkedin.com/in",ddgs
5716189,https://www.linkedin.com/in/cjbautista,"""CHRISTOPHER BAUTISTA"" site:linkedin.com/in",ddgs
5716192,https://www.linkedin.com/in/brstahl,"""BRIAN STAHL"" site:linkedin.com/in",ddgs
5716198,https://www.linkedin.com/in/ian-march-35158127,"""IAN MARCH"" site:linkedin.com/in",ddgs
5716199,https://www.linkedin.com/in/wantinghu,"""WANTING HU"" site:linkedin.com/in",ddgs
5716200,https://www.linkedin.com/in/ruben-solis,"""Ruben Solis"" site:linkedin.com/in",ddgs
5716205,https://www.linkedin.com/in/tambi-ibrahim-4234a4113,"""TAMBI IBRAHIM"" site:linkedin.com/in",ddgs
5716211,https://www.linkedin.com/in/richard-lipman-47aa9962,"""RICHARD LIPMAN"" site:linkedin.com/in",ddgs
5716217,https://www.linkedin.com/in/sasha-oquinn-335188380,"""SASHA OQUIN"" site:linkedin.com/in",ddgs
5716229,https://www.linkedin.com/in/michael-cook21,"""MICHAEL COOK"" site:linkedin.com/in",ddgs
5716233,,"SARAH HOFFMAN-KOETTEL CAMBRIDGE INVESTMENT RESEARCH, INC. linkedin",
5716234,https://www.linkedin.com/in/alison-tujague-5a5507142,"""ALISON TUJAGUE"" site:linkedin.com/in",ddgs
5716237,,"DENNIS LEILI MERRILL LYNCH, PIERCE, FENNER & SMITH INCORPORATED linkedin",
5716244,https://www.linkedin.com/in/valerie-jonathan-6a900a6a,"""JONATHAN VALERIE"" site:linkedin.com/in",ddgs
5716273,https://www.linkedin.com/in/morgan-moon,"""MORGAN MOON"" site:linkedin.com/in",ddgs
5716277,https://www.linkedin.com/in/timothyataylor,"""TIMOTHY TAYLOR"" site:linkedin.com/in",ddgs
5716287,https://www.linkedin.com/in/carrcharles,"""CHARLES CARR"" site:linkedin.com/in",ddgs
5716319,https://www.linkedin.com/in/benjaminchun,"""BENJAMIN CHUN"" site:linkedin.com/in",ddgs
5716333,https://www.linkedin.com/in/barduncan,"""BARBARA Duncan"" site:linkedin.com/in",ddgs
5716341,https://www.linkedin.com/in/pedro-romo-0641959a,"""PEDRO ROMO"" site:linkedin.com/in",ddgs
5716344,https://www.linkedin.com/in/marina-welding-97288b80,"""MARINA WELDING"" site:linkedin.com/in",ddgs
5716356,https://www.linkedin.com/in/ciara-price-846630bb,"""CIARA PRICE"" site:linkedin.com/in",ddgs
5716357,https://www.linkedin.com/in/daniel-kimes-80467022,"""DANIEL KIMES"" site:linkedin.com/in",ddgs
5716379,https://www.linkedin.com/in/heidi-carter,"""HEIDI CARTER"" site:linkedin.com/in",ddgs
5716401,https://www.linkedin.com/in/alexandra-heck-00292a181,"""ALEXANDRA HECK"" site:linkedin.com/in",ddgs
5716402,https://www.linkedin.com/in/landry-da-teresa-99118330,"""Landry Da-Teresa"" site:linkedin.com/in",ddgs
5716408,https://fr.linkedin.com/in/marie-tricot-63570a293,"""MARIE TRICOT"" site:linkedin.com/in",ddgs
5716409,https://www.linkedin.com/in/trista-justis,"""Trista Justis"" site:linkedin.com/in",ddgs
5716416,https://www.linkedin.com/in/stephane-dahome-49948925,"""STEPHANE DAHOME"" site:linkedin.com/in",ddgs
5716417,https://www.linkedin.com/in/yvespfeiller,"""YVES PFEILLER"" ""SG AMERICAS SECURITIES, LLC"" site:linkedin.com/in",ddgs
5716418,https://www.linkedin.com/in/arnaud-drapeau-45099512b,"""ARNAUD DRAPEAU"" site:linkedin.com/in",ddgs
5716421,https://www.linkedin.com/in/juliensalame,"""JULIEN SALAME"" site:linkedin.com/in",ddgs
5716451,https://www.linkedin.com/in/erika-sanborn-8817a211,"""ERIKA SANBORN"" ""MORGAN STANLEY"" site:linkedin.com/in",ddgs
5716455,https://mx.linkedin.com/in/woong-lee-117524137,"""WOONG LEE"" site:linkedin.com/in",ddgs
5716461,https://www.linkedin.com/in/robertgoodwin,"""ROBERT GOODWIN"" site:linkedin.com/in",ddgs
5716463,https://www.linkedin.com/in/lynn-probst,"""LYNN PROBST"" site:linkedin.com/in",ddgs
5716464,https://www.linkedin.com/in/tyson-youngberg,"""TYSON YOUNGBERG"" site:linkedin.com/in",ddgs
5716483,https://www.linkedin.com/in/4jacobwilson,"""JACOB WILSON"" ""MORGAN STANLEY & CO. LLC"" site:linkedin.com/in",ddgs
5716486,https://ke.linkedin.com/in/lydia-suter-243948383,LIDIA SUTER  linkedin,ddgs
5716487,https://www.linkedin.com/in/fred-liu-62ab701b2,"""FRED LIU"" site:linkedin.com/in",ddgs
5716499,https://www.linkedin.com/in/mattwhitcomb,"""MATTHEW WHITCOMB"" ""CAMBRIDGE INVESTMENT RESEARCH, INC."" site:linkedin.com/in",ddgs
5716511,https://www.linkedin.com/in/arthur-testani-619987161,"""ARTHUR TESTANI"" site:linkedin.com/in",ddgs
5716520,https://www.linkedin.com/in/william-king-7b921916,"""WILLIAM KING"" site:linkedin.com/in",ddgs
5716530,https://www.linkedin.com/in/felicia-cumby-cfp®-aams®-crpc™-04b3103b,"""Felicia Cumby"" ""EDWARD JONES"" site:linkedin.com/in",ddgs
5716537,https://www.linkedin.com/in/briansmichaels,"""BRIAN MICHAELS"" ""LPL FINANCIAL LLC"" site:linkedin.com/in",ddgs
5716552,https://www.linkedin.com/in/courtney-shrewsberry-chfc®-b51b9219a,"""COURTNEY SHREWSBERRY"" ""STEWARD PARTNERS INVESTMENT SOLUTIONS, LLC"" site:linkedin.com/in",ddgs
5716563,https://www.linkedin.com/in/bryn-rose,"""BRYN ROSE"" site:linkedin.com/in",ddgs
5716570,,ANN CHIZMADIA  linkedin,
5716574,https://www.linkedin.com/in/biancardi,"""ROBERT BIANCARDI"" site:linkedin.com/in",ddgs
5716579,https://www.linkedin.com/in/sarah-sanders-b55a9239,"""SHARON SANDERS"" ""FIDELITY BROKERAGE SERVICES LLC"" site:linkedin.com/in",ddgs
5716591,https://www.linkedin.com/in/amol-shetti,"""AMOL SHETTI"" site:linkedin.com/in",ddgs
5716614,https://www.linkedin.com/in/tammy-kerner-52340016,"""TAMMY KERNER"" site:linkedin.com/in",ddgs
5716633,https://www.linkedin.com/in/aleksandr-seleznev-8bb2a260,"""ALEKSANDR SELEZNEV"" site:linkedin.com/in",ddgs
5716648,,JUSTIN TERZO  linkedin,
5716650,https://www.linkedin.com/in/johngtaft,"""JOHN TAFT"" site:linkedin.com/in",ddgs
5716655,https://www.linkedin.com/in/michael-mitch-17b88184,"""MICHAEL MITCH"" site:linkedin.com/in",ddgs
5716658,https://www.linkedin.com/in/matt-blair-699241a,"""MATTHEW BLAIR"" ""RAYMOND JAMES & ASSOCIATES, INC."" site:linkedin.com/in",ddgs
5716669,https://www.linkedin.com/in/masonlgates,"""Michael Gates"" ""RAYMOND JAMES & ASSOCIATES, INC."" site:linkedin.com/in",ddgs
5716677,https://www.linkedin.com/in/amy-riddell-14842852,"""AMY RIDDELL"" site:linkedin.com/in",ddgs
5716678,https://fr.linkedin.com/in/thomas-moroni-837b10110,"""THOMAS MORONI"" site:linkedin.com/in",ddgs
5716685,https://www.linkedin.com/in/john-campbell-a075812a,"""JOHN CAMPBELL"" site:linkedin.com/in",ddgs
5716691,https://www.linkedin.com/in/slraymond,"""SCOTT RAYMOND"" site:linkedin.com/in",ddgs
5716704,https://www.linkedin.com/in/danielrubenmdmba,"""DANIEL RUBEN"" ""INDEPENDENT FINANCIAL GROUP, LLC"" site:linkedin.com/in",ddgs
5716706,https://www.linkedin.com/in/bruce-tucker-apolloltd,"""CHARLES TUCKER"" ""NYLIFE SECURITIES LLC"" site:linkedin.com/in",ddgs
5716709,https://www.linkedin.com/in/alex-vassey-cfp-r-62487186,"""ALEX VASSEY"" ""COMMONWEALTH FINANCIAL NETWORK"" site:linkedin.com/in",ddgs
5716711,https://www.linkedin.com/in/thomas-chang,"""THOMAS CHANG"" site:linkedin.com/in",ddgs
5716730,https://www.linkedin.com/in/linda-demiraj-8332a512,"""LINDA DEMIRAJ"" site:linkedin.com/in",ddgs
5716740,https://www.linkedin.com/in/carlos-requeno-516b3894,"""Carlos Requeno"" site:linkedin.com/in",ddgs
5716783,https://www.linkedin.com/in/philip-lahr-30146270,"""PHILIP LAHR"" ""SECU BROKERAGE SERVICES"" site:linkedin.com/in",ddgs
5716789,https://www.linkedin.com/in/jeffrey-goodman-3042b61,"""Jeffrey Roodman"" ""J.P. MORGAN SECURITIES LLC"" site:linkedin.com/in",ddgs
5716794,https://www.linkedin.com/in/lauren-vella-81708b1a6,"""Laryn Vella"" ""MERRILL LYNCH, PIERCE, FENNER & SMITH INCORPORATED"" site:linkedin.com/in",ddgs
5716799,https://www.linkedin.com/in/malcolmmmacdonald,"""MALCOLM MACDONALD"" site:linkedin.com/in",ddgs
5716808,https://www.linkedin.com/in/theryanmoran,"""RYAN MORAN"" site:linkedin.com/in",ddgs
5716809,https://www.linkedin.com/in/david-roduit-26210015,"""David Roduit"" ""CETERA FINANCIAL SPECIALISTS LLC"" site:linkedin.com/in",ddgs
5716817,https://www.linkedin.com/in/patriciavoight,"""PATRICIA VOIGHT"" site:linkedin.com/in",ddgs
5716820,https://www.linkedin.com/in/justin-klimaszewski-62b98918,"""JUSTIN KLIMASZEWSKI"" site:linkedin.com/in",ddgs
5716831,https://pr.linkedin.com/in/jose-alegria-97539726,"""Jose Alegria Arroyo"" site:linkedin.com/in",ddgs
5716863,https://www.linkedin.com/in/andrew-xenakis-9b2269286,"""ANDREW XENAKIS"" site:linkedin.com/in",ddgs
5716870,https://www.linkedin.com/in/debra-pace-a412aa8b,"""DEBRA PACE"" site:linkedin.com/in",ddgs
5716872,https://www.linkedin.com/in/araceli-calderon-91a92b72,"""ARACELI CALDERON"" site:linkedin.com/in",ddgs
5716887,https://www.linkedin.com/in/toni-crawford-91b6a051,"""TONI CRAWFORD"" site:linkedin.com/in",ddgs
5716888,https://nl.linkedin.com/in/sebastiaan-koeling-0210289,"""SEBASTIAAN KOELING"" site:linkedin.com/in",ddgs
5716891,https://www.linkedin.com/in/kristina-hoard-959688400,"""Kristina Hoard"" ""EMPOWER FINANCIAL SERVICES, INC."" site:linkedin.com/in",ddgs
5716908,https://www.linkedin.com/in/ezra-seese-aams®-34512736,"""Ezra Seese"" site:linkedin.com/in",ddgs
5716913,https://uk.linkedin.com/in/douglas-rough-98671961,"""DOUGLAS ROUGH"" site:linkedin.com/in",ddgs
5716917,https://www.linkedin.com/in/michael-kiritsy-84859428,"""MICHAEL KIRITSY"" site:linkedin.com/in",ddgs
5716932,https://www.linkedin.com/in/kirk-hobart,"""KIRK HOBART"" site:linkedin.com/in",ddgs
5716936,https://www.linkedin.com/in/gaëlle-isrow-b6a99591,"""GAELLE ISROW"" ""FIDELITY BROKERAGE SERVICES LLC"" site:linkedin.com/in",ddgs
5716953,https://www.linkedin.com/in/christopher-sheehan-77832a61,"""CHRISTOPHER SHEEHAN"" site:linkedin.com/in",ddgs
5716959,https://www.linkedin.com/in/jaimemfranco,"""JAIME FRANCO"" site:linkedin.com/in",ddgs
5716974,https://www.linkedin.com/in/wesleypitman,"""WESLEY PITMAN"" site:linkedin.com/in",ddgs
5716991,https://www.linkedin.com/in/elizabethyost1013,"""ELIZABETH YOST"" site:linkedin.com/in",ddgs
5716997,https://www.linkedin.com/in/abraham-marquez-cws,"""ABRAHAM MARQUEZ"" ""CETERA INVESTMENT SERVICES LLC"" site:linkedin.com/in",ddgs
5717007,https://www.linkedin.com/in/tyler-miller212,"""TYLER MILLER"" ""LPL FINANCIAL LLC"" site:linkedin.com/in",ddgs
5717017,https://www.linkedin.com/in/grenatavessel,"""Grenata Vessel"" site:linkedin.com/in",ddgs
5717023,https://www.linkedin.com/in/matthellerthrivent,"""MATTHEW HELLER"" ""THRIVENT INVESTMENT MANAGEMENT INC."" site:linkedin.com/in",ddgs
5717029,https://www.linkedin.com/in/tessra-rang-a546456,"""TESSRA RANG"" site:linkedin.com/in",ddgs
5717040,https://www.linkedin.com/in/ryan-griffin-a98b4312,"""RYAN GRIFFIN"" ""FIRST TRUST PORTFOLIOS L.P."" site:linkedin.com/in",ddgs
5717045,https://www.linkedin.com/in/joshua-green-21b6892b3,"""JOSHUA GREEN"" ""T. ROWE PRICE INVESTMENT SERVICES, INC."" site:linkedin.com/in",ddgs
5717054,https://www.linkedin.com/in/alice-wozniak-24067613,"""ALICE WOZNIAK"" site:linkedin.com/in",ddgs
5717057,https://www.linkedin.com/in/hirazaheeruddin,"""HIRA ZAHEERUDDIN"" site:linkedin.com/in",ddgs
5717069,https://www.linkedin.com/in/michael-guertin-7668b59,"""MICHAEL GUERTIN"" ""EQUITY SERVICES, INC."" site:linkedin.com/in",ddgs
5717077,https://www.linkedin.com/in/george-zimmerman-771a0297,"""GEORGE ZIMMERMAN"" site:linkedin.com/in",ddgs
5717078,https://in.linkedin.com/in/sandeepkshukla,"""SANDEEP SHUKLA"" site:linkedin.com/in",ddgs
5717081,https://www.linkedin.com/in/rick-hamilton-43370629,"""REID HAMILTON"" ""RAYMOND JAMES & ASSOCIATES, INC."" site:linkedin.com/in",ddgs
5717092,https://www.linkedin.com/in/vincentademarco,"""VINCENT DEMARCO"" site:linkedin.com/in",ddgs
5717093,https://www.linkedin.com/in/lynda-shim-30416b21,"""LYNDA SHIM"" site:linkedin.com/in",ddgs
5717119,https://www.linkedin.com/in/lynn-eckerle-17a259b8,"""Amy Wicker"" ""EDWARD JONES"" site:linkedin.com/in",ddgs
5717121,https://www.linkedin.com/in/kendalltapp,"""KENDALL TAPP"" site:linkedin.com/in",ddgs
5717130,https://www.linkedin.com/in/andrew-jasinski,"""ANDREW JASINSKI"" site:linkedin.com/in",ddgs
5717131,https://www.linkedin.com/in/kristen-m-lynch,"""KRISTIN LYNCH"" ""LPL FINANCIAL LLC"" site:linkedin.com/in",ddgs
5717138,https://www.linkedin.com/in/jeremy-wilking-21b69519,"""Jeremy Wilking"" site:linkedin.com/in",ddgs
5717143,https://www.linkedin.com/in/timothy-w-leveroni-4a9b7a113,"""TIMOTHY LEVERONI"" site:linkedin.com/in",ddgs
5717150,https://www.linkedin.com/in/sharon-perry-b906794,"""SHARON PERRY"" site:linkedin.com/in",ddgs
5717151,https://ca.linkedin.com/in/darnell-otto-60875a289,"""Darnell Otto"" site:linkedin.com/in",ddgs
5717168,https://www.linkedin.com/in/david--zoller,"""DAVID ZOLLER"" site:linkedin.com/in",ddgs
5717220,https://sg.linkedin.com/in/shangrongwu,"""Shangrong Wu"" site:linkedin.com/in",ddgs
5717229,https://au.linkedin.com/in/martina-lu-6b2727289,"""MARTINA LU"" site:linkedin.com/in",ddgs
5717234,https://www.linkedin.com/in/megan-phillips-2431461b2,"""MEGAN PHILLIPS"" ""D.A. DAVIDSON & CO."" site:linkedin.com/in",ddgs
5717243,https://uk.linkedin.com/in/jon-paul-reed-81b59135,"""JON-PAUL REED"" site:linkedin.com/in",ddgs
5717244,https://www.linkedin.com/in/theryanbishop,"""RYAN BISHOP"" ""LPL FINANCIAL LLC"" site:linkedin.com/in",ddgs
5717246,https://www.linkedin.com/in/andrewkelleherphd,"""ANDREW KELLEHER"" site:linkedin.com/in",ddgs
5717258,https://www.linkedin.com/in/diana-miranda-3a697059,"""DIANA MIRANDA"" site:linkedin.com/in",ddgs
5717260,https://www.linkedin.com/in/kadian-k-martin,"""Kadian Martin"" site:linkedin.com/in",ddgs
5717275,https://www.linkedin.com/in/ramon-romero-48735bb0,"""RAMON ROMERO"" site:linkedin.com/in",ddgs
5717277,,RAFE RETTING J.P. MORGAN SECURITIES LLC linkedin,
5717280,https://www.linkedin.com/in/tranlnguyen4,"""Nguyen Tran"" ""NORTHWESTERN MUTUAL INVESTMENT SERVICES, LLC"" site:linkedin.com/in",ddgs
5717293,https://www.linkedin.com/in/nicoleklotz,"""Nicole Klotz"" site:linkedin.com/in",ddgs
5717321,,JAAK CUSHING-SAVVI  linkedin,
5717322,https://be.linkedin.com/in/denisyatsenko,"""Denys Yatsenko"" site:linkedin.com/in",ddgs
5717327,https://se.linkedin.com/in/aleksandr-vovk-5a03615b,"""ALEKSANDR VOVK"" site:linkedin.com/in",ddgs
5717338,https://www.linkedin.com/in/karenyelton,"""KAREN YELTON"" site:linkedin.com/in",ddgs
5717342,https://www.linkedin.com/in/ryanmlandry,"""RYAN LANDRY"" site:linkedin.com/in",ddgs
5717361,https://www.linkedin.com/in/tylergreeene,"""Tyler Greene"" site:linkedin.com/in",ddgs
5717363,https://www.linkedin.com/in/shainabenjamin,"""Shaina Benjamin"" ""LPL FINANCIAL LLC"" site:linkedin.com/in",ddgs
5717367,https://www.linkedin.com/in/michael-wiswell-74820318,"""MICHAEL WISWELL"" site:linkedin.com/in",ddgs
5717385,https://www.linkedin.com/in/william-palmer-38578010a,"""WILLIAM PALMER"" site:linkedin.com/in",ddgs
5717403,https://www.linkedin.com/in/dr-brian-stress-8a9a8a31,"""BRIAN STRESS"" site:linkedin.com/in",ddgs
5717406,https://www.linkedin.com/in/peichichou,"""PEITTY CHOU"" site:linkedin.com/in",ddgs
5717419,https://www.linkedin.com/in/michelleblauth,"""MICHELLE BLAUTH"" ""MORGAN STANLEY"" site:linkedin.com/in",ddgs
5717439,,"JAMES MACAUDA STIFEL, NICOLAUS & COMPANY, INCORPORATED linkedin",
5717453,https://www.linkedin.com/in/shahram-sarmad-08b9464,"""Shahram Sarmad"" site:linkedin.com/in",ddgs
5717456,https://www.linkedin.com/in/allison-delena-cfp®-0452382b,"""ALLISON DELENA"" site:linkedin.com/in",ddgs
5717464,https://www.linkedin.com/in/nickpirnack,NICHOLAS PIRNACK  linkedin,ddgs
5717475,https://www.linkedin.com/in/stuart-berzin-b57b211,"""STUART BERZIN"" site:linkedin.com/in",ddgs
5717479,,KELSEY KOCON LPL FINANCIAL LLC linkedin,
5717488,https://www.linkedin.com/in/lisa-rynne-cfa-561bb318,"""LISA RYNNE"" site:linkedin.com/in",ddgs
5717493,https://www.linkedin.com/in/joseph-degennaro-9870255,"""James DeGennaro"" ""VOYA INVESTMENTS DISTRIBUTOR, LLC"" site:linkedin.com/in",ddgs
5717495,https://www.linkedin.com/in/drew-crawford-223a5914,"""DREW CRAWFORD"" site:linkedin.com/in",ddgs
5717503,https://ph.linkedin.com/in/kristoffer-bravo-6b459a334,"""KRISTOFFER BRAVO"" site:linkedin.com/in",ddgs
5717506,https://www.linkedin.com/in/matthew-daly-895a7612b,"""MATTHEW DALY"" ""BNY MELLON SECURITIES CORPORATION"" site:linkedin.com/in",ddgs
5717510,https://www.linkedin.com/in/patrick-pucher,"""PATRICK PUCHER"" site:linkedin.com/in",ddgs
5717526,https://id.linkedin.com/in/kevin-pasha-798154170,"""KEVIN PASHA"" site:linkedin.com/in",ddgs
5717538,https://www.linkedin.com/in/michelle-libertiny-a93a06,"""MICHELLE LIBERTINY"" ""HARRIS WILLIAMS"" site:linkedin.com/in",ddgs
5717550,https://au.linkedin.com/in/michael-shea-66881a35,"""Michael Shea"" site:linkedin.com/in",ddgs
5717575,https://www.linkedin.com/in/yu-liu-4b31345,"""YU LIU"" site:linkedin.com/in",ddgs
5717580,https://www.linkedin.com/in/steve-segesser-86363a8,"""STEVE SEGESSER"" site:linkedin.com/in",ddgs
5717592,https://www.linkedin.com/in/anthony-mclaughlin-3270a0242,"""ANN MCLAUGHLIN"" ""BENJAMIN F. EDWARDS & COMPANY, INC."" site:linkedin.com/in",ddgs
5717600,https://www.linkedin.com/in/quentin-stella-cfp®-crpc™-67308621,"""QUENTIN STELLA"" site:linkedin.com/in",ddgs
5717611,https://www.linkedin.com/in/alan-burns-consultant,"""Alan Burns"" site:linkedin.com/in",ddgs
5717624,,Richard Elkhatib J.P. MORGAN SECURITIES LLC linkedin,
5717626,https://www.linkedin.com/in/gregoryffitzgerald,"""gregory fitzgerald"" ""PRUDENTIAL INVESTMENT MANAGEMENT SERVICES LLC"" site:linkedin.com/in",ddgs
5717638,https://www.linkedin.com/in/garrettgeoffrey,"""GEOFFREY GARRETT"" site:linkedin.com/in",ddgs
5717645,https://www.linkedin.com/in/tanya-underwood-0740843a,"""TINA UNDERWOOD"" ""LPL FINANCIAL LLC"" site:linkedin.com/in",ddgs
5717674,https://br.linkedin.com/in/fabio-carvalho-araripe-souza-42857b9a,"""ARARIPE SOUZA"" site:linkedin.com/in",ddgs
5717683,https://au.linkedin.com/in/rose-lamont-a6022979,"""ROSE LAMONT"" site:linkedin.com/in",ddgs
5717685,https://www.linkedin.com/in/kevinchinn,"""KEVIN CHINN"" site:linkedin.com/in",ddgs
5717699,https://www.linkedin.com/in/michael-davino-2b052726,"""Michael Davino"" ""J.P. MORGAN SECURITIES LLC"" site:linkedin.com/in",ddgs
5717704,https://www.linkedin.com/in/brettmeulmester,"""Brett Meulmester"" site:linkedin.com/in",ddgs
5717721,https://www.linkedin.com/in/terri-slaton-slaton-a6894a12a,"""Terri Slaton"" site:linkedin.com/in",ddgs
5717728,https://www.linkedin.com/in/wolfem,"""MITCHELL WOLFE"" site:linkedin.com/in",ddgs
5717737,https://www.linkedin.com/in/juanjtorres,"""Juan Torres"" site:linkedin.com/in",ddgs
5717739,https://www.linkedin.com/in/archi-sharma-0a7bb2163,"""ARCHI SHARMA"" site:linkedin.com/in",ddgs
5717744,https://www.linkedin.com/in/ann-lagarde-b500b0363,"""ANN LAGARDE"" site:linkedin.com/in",ddgs
5717759,https://www.linkedin.com/in/connielin,"""CONNIE LIN"" site:linkedin.com/in",ddgs
5717774,https://www.linkedin.com/in/douglas-gervolino-67bb953,"""DOUGLAS GERVOLINO"" site:linkedin.com/in",ddgs
5717781,https://www.linkedin.com/in/laurawestwood,"""LAURA WESTWOOD"" site:linkedin.com/in",ddgs
5717787,https://www.linkedin.com/in/fidelityjosephcarbone,"""JOSEPH CARBONE"" ""FIDELITY DISTRIBUTORS COMPANY LLC"" site:linkedin.com/in",ddgs
5717821,https://www.linkedin.com/in/shannongabbard,"""SHANNON GABBARD"" site:linkedin.com/in",ddgs
5717823,https://www.linkedin.com/in/marcuskpatterson,"""Marcus Patterson"" site:linkedin.com/in",ddgs
5717828,https://uk.linkedin.com/in/eileen-sumner-4089b119b,"""EILEEN SUMNER"" site:linkedin.com/in",ddgs
5717836,https://www.linkedin.com/in/carol-cohen-63a7391b,"""CAROLA COHEN"" ""MORGAN STANLEY"" site:linkedin.com/in",ddgs
5717839,https://ca.linkedin.com/in/sarahcdobson,"""SARAH DOBSON"" site:linkedin.com/in",ddgs
5717859,https://www.linkedin.com/in/benjamin-purvis-bb1567120,"""Benjamin Purvis"" site:linkedin.com/in",ddgs
5717863,https://www.linkedin.com/in/juli-owens-46a9b589,"""JULIA OWENS"" ""LPL FINANCIAL LLC"" site:linkedin.com/in",ddgs
5717877,https://www.linkedin.com/in/patrickfinegan,"""PATRICK FINEGAN"" site:linkedin.com/in",ddgs
5717885,https://www.linkedin.com/in/diana-quinn-nd-8010a713,"""DIANA QUINN"" site:linkedin.com/in",ddgs
5717886,https://www.linkedin.com/in/mark-chando-cfp®-mba-70296913,"""MARK CHANDO"" site:linkedin.com/in",ddgs
5717892,https://www.linkedin.com/in/emilybiehler,"""EMILY BIEHLER"" site:linkedin.com/in",ddgs
5717896,https://www.linkedin.com/in/richard-villeneuve,"""RICHARD VILLENEUVE"" site:linkedin.com/in",ddgs
5717903,,CHRISTOPHER STEMPEK FIDELITY BROKERAGE SERVICES LLC linkedin,
5717909,https://www.linkedin.com/in/paul-farnum,"""PAUL FARNUM"" site:linkedin.com/in",ddgs
5717915,https://www.linkedin.com/in/andrew-rosen-730b80286,"""Andrew Rosen"" ""GOLDMAN SACHS & CO. LLC"" site:linkedin.com/in",ddgs
5717920,https://www.linkedin.com/in/christian-pigott-89784316,"""CHRISTIAN PIGOTT"" site:linkedin.com/in",ddgs
5717921,https://www.linkedin.com/in/bryan-finger-crps™-8336aa352,"""Bryan Finger"" ""EDWARD JONES"" site:linkedin.com/in",ddgs
5717928,https://www.linkedin.com/in/kimberlynperry29412,"""KIMBERLY PERRY"" site:linkedin.com/in",ddgs
5717937,https://www.linkedin.com/in/thomas-banks-1a283711,"""Thomas Banks"" site:linkedin.com/in",ddgs
5717939,https://www.linkedin.com/in/melissa-bell-6362564,"""MELISSA BELL"" site:linkedin.com/in",ddgs
5717940,https://www.linkedin.com/in/curtis-bilyeu-61b48b97,"""CURTIS BILYEU"" site:linkedin.com/in",ddgs
5717948,https://www.linkedin.com/in/donald-bond-81449242,"""DONALD BOND"" site:linkedin.com/in",ddgs
5717955,https://www.linkedin.com/in/thomas-gillie-7307b832,"""THOMAS GILLIE"" site:linkedin.com/in",ddgs
5717979,https://www.linkedin.com/in/justin-lin128,"""JOSIN LIN"" ""CITIGROUP GLOBAL MARKETS INC."" site:linkedin.com/in",ddgs
5717984,https://www.linkedin.com/in/clark-weeks-24786a14,"""CLARK WEEKS"" site:linkedin.com/in",ddgs
5717990,https://www.linkedin.com/in/petervantoth,"""PETER TOTH"" site:linkedin.com/in",ddgs
5717991,https://www.linkedin.com/in/pinchas-miles-0916a5175,"""Pinchas Miles"" site:linkedin.com/in",ddgs
5718005,https://www.linkedin.com/in/jim-mayo-7134317b,"""JOSEF KIEL MAYO"" ""EMPOWER FINANCIAL SERVICES, INC."" site:linkedin.com/in",ddgs
5718009,https://www.linkedin.com/in/sarahzaikowski,"""SARAH ZAIKOWSKI"" site:linkedin.com/in",ddgs
5718017,https://www.linkedin.com/in/todfisher,"""TOD FISHER"" site:linkedin.com/in",ddgs
5718028,https://www.linkedin.com/in/noah-zuckerbrod-b0b6085,"""NOAH ZUCKERBROD"" site:linkedin.com/in",ddgs
5718043,https://www.linkedin.com/in/w-miles-marks-6a7abb2b,"""W MILES"" site:linkedin.com/in",ddgs
5718047,https://www.linkedin.com/in/troydsherman,"""ANDREW SHERMAN"" ""TD SECURITIES (USA) LLC"" site:linkedin.com/in",ddgs
5718053,https://www.linkedin.com/in/hillary-mercer-cmt-frm,"""HILLARY MERCER"" ""MORGAN STANLEY"" site:linkedin.com/in",ddgs
5718061,https://www.linkedin.com/in/loymichael,"""MICHAEL LOY"" site:linkedin.com/in",ddgs
5718063,https://www.linkedin.com/in/bill-wilson-b6007929a,"""WILLIAM WILSON"" ""CETERA WEALTH SERVICES, LLC"" site:linkedin.com/in",ddgs
5718096,,"QUIRICO PEREZSANTOS BOFA SECURITIES, INC. linkedin",
5718098,https://www.linkedin.com/in/richard-zamora-494558285,"""RICHARD ZAMORA"" site:linkedin.com/in",ddgs
5718112,https://www.linkedin.com/in/stephanie-meoni-294164400,"""Stephanie Meoni"" site:linkedin.com/in",ddgs
5718116,https://www.linkedin.com/in/rwidener,"""Ryan Widener"" site:linkedin.com/in",ddgs
5718121,https://sg.linkedin.com/in/lucas-lofman-kharbteng,"""LUCAS LOFMAN"" site:linkedin.com/in",ddgs
5718123,https://www.linkedin.com/in/christopherwilkens,"""Christopher Wilkens"" ""RBC CAPITAL MARKETS, LLC"" site:linkedin.com/in",ddgs
5718147,https://www.linkedin.com/in/donna-wong-4338091,"""DONNA WONG"" ""MORGAN STANLEY"" site:linkedin.com/in",ddgs
5718148,https://www.linkedin.com/in/christopher-germani-cfp®-clu®-chfc®-71b95b11,"""CHRISTOPHER GERMANI"" ""NORTHWESTERN MUTUAL INVESTMENT SERVICES, LLC"" site:linkedin.com/in",ddgs
5718161,https://www.linkedin.com/in/jamie-sullivan-b9bb6513b,"""JAMIE SULLIVAN"" site:linkedin.com/in",ddgs
5718169,https://www.linkedin.com/in/jjenson,"""James Jenson"" ""LPL ENTERPRISE, LLC"" site:linkedin.com/in",ddgs
5718176,https://www.linkedin.com/in/kirsten-pardun-johannsen-ed-d-191231100,"""KRISTEN PARDUN"" site:linkedin.com/in",ddgs
5718181,https://www.linkedin.com/in/mark-metheny-a3957aa,"""Mark Metheny"" ""EDWARD JONES"" site:linkedin.com/in",ddgs
5718197,https://www.linkedin.com/in/razvan-raicu-41504b79,"""RAZVAN RAICU"" site:linkedin.com/in",ddgs
5718217,https://in.linkedin.com/in/komal-sanghvi-ca,"""KOMAL SANGHVI"" site:linkedin.com/in",ddgs
5718246,https://www.linkedin.com/in/corie-new,"""CORIE NEW"" ""COMMONWEALTH FINANCIAL NETWORK"" site:linkedin.com/in",ddgs
5718250,https://www.linkedin.com/in/vanessa-morales-32222530,"""VANESSA MORALES"" site:linkedin.com/in",ddgs
5718251,https://www.linkedin.com/in/lauren-mitchell-2a2299163,"""CARRIE MITCHELL"" ""STATE FARM VP MANAGEMENT CORP."" site:linkedin.com/in",ddgs
5718266,https://www.linkedin.com/in/derek-r-moore-mba,"""DEREK MOORE"" site:linkedin.com/in",ddgs
5718267,https://www.linkedin.com/in/carl-welsh-9691731a,"""CARL WELSH"" site:linkedin.com/in",ddgs
5718278,https://www.linkedin.com/in/georgia-durfee-a6a88144,"""Georgia Luce Durfee"" ""EDWARD JONES"" site:linkedin.com/in",ddgs
5718296,https://www.linkedin.com/in/ken-mccarthy-340208306,"""Kevin McCarthy"" ""J.P. MORGAN SECURITIES LLC"" site:linkedin.com/in",ddgs
5718297,https://www.linkedin.com/in/mariannedurham,"""MARIANNE DURHAM"" site:linkedin.com/in",ddgs
57183,https://nl.linkedin.com/in/walter-crist-47822542,"""WALTER CRIST"" site:linkedin.com/in",ddgs
5718311,https://www.linkedin.com/in/guillaume-helie-23739310,"""GUILLAUME HELIE"" site:linkedin.com/in",ddgs
5718318,,Terrah Vazquez  linkedin,
5718339,https://www.linkedin.com/in/david-ritchay-3201794a,"""David Ritchay"" site:linkedin.com/in",ddgs
5718346,https://www.linkedin.com/in/john-pates,"""JOHN PATES"" site:linkedin.com/in",ddgs
5718347,https://za.linkedin.com/in/jonathanbrummer,"""JONATHAN BRUMMER"" site:linkedin.com/in",ddgs
5718349,https://www.linkedin.com/in/nicholassutheimer,"""NICHOLAS SUTHEIMER"" site:linkedin.com/in",ddgs
5718350,https://www.linkedin.com/in/sergio-guerrero-a12a312b,"""SERGIO GUERRERO"" ""AMERANT INVESTMENTS, INC."" site:linkedin.com/in",ddgs
5718356,https://ca.linkedin.com/in/linda-dusablon-94615b99,"""LINDA DUSABLON"" site:linkedin.com/in",ddgs
5718358,https://www.linkedin.com/in/steven-druskin-02385b8,"""STEVEN DRUSKIN"" site:linkedin.com/in",ddgs
5718365,https://www.linkedin.com/in/fernando-rico-37b3b722b,"""ERIC FERNANDO"" ""NORTHWESTERN MUTUAL INVESTMENT SERVICES, LLC"" site:linkedin.com/in",ddgs
5718366,https://www.linkedin.com/in/eric-barga-cep-49a17a93,"""ERIC BARGA"" ""FIDELITY BROKERAGE SERVICES LLC"" site:linkedin.com/in",ddgs
5718368,https://www.linkedin.com/in/jonesmarketing,"""Jeremy Jones"" site:linkedin.com/in",ddgs
5718370,,ROSEMARIE GANOY  linkedin,
5718374,https://www.linkedin.com/in/alex-gorokhovskiy-485b057,"""ALEXANDER GOROKHOVSKIY"" site:linkedin.com/in",ddgs
5718378,https://www.linkedin.com/in/cole-proffer-b8798495,"""COLE PROFFER"" ""PFS INVESTMENTS INC."" site:linkedin.com/in",ddgs
5718394,https://www.linkedin.com/in/robert-sturgeon-841384b7,"""ROBERT STURGEON"" site:linkedin.com/in",ddgs
5718404,https://www.linkedin.com/in/jon-mills-079864162,"""Jon Mills"" ""EDWARD JONES"" site:linkedin.com/in",ddgs
5718406,https://www.linkedin.com/in/brendan-mcelhenny-43564815,"""BRENDAN MCELHENNY"" site:linkedin.com/in",ddgs
5718407,https://www.linkedin.com/in/trmcguire,"""THOMAS MCGUIRE"" ""LPL FINANCIAL LLC"" site:linkedin.com/in",ddgs
5718409,https://www.linkedin.com/in/blairnewman,"""BLAIR NEWMAN"" site:linkedin.com/in",ddgs
5718420,https://www.linkedin.com/in/liam-resnick-b92814404,"""Craig Resnick"" ""IEX DAP LLC"" site:linkedin.com/in",ddgs
5718423,https://www.linkedin.com/in/mark-ratcliffe,"""Mark Ratcliffe"" site:linkedin.com/in",ddgs
5718432,https://ca.linkedin.com/in/tim-verhulp-62670a201,TIMOTHY VERHULP  linkedin,ddgs
5718433,https://www.linkedin.com/in/meghan-watts-2842712b,"""MEGHAN WATTS"" site:linkedin.com/in",ddgs
5718447,https://uk.linkedin.com/in/sabrina-lee-74635510b,"""SABRINA LEE"" site:linkedin.com/in",ddgs
5718477,https://www.linkedin.com/in/amanda-ling-4274a039,"""AMANDA LING"" site:linkedin.com/in",ddgs
5718486,https://ca.linkedin.com/in/adam-runge-a281094,"""ADAM RUNGE"" site:linkedin.com/in",ddgs
5718488,https://www.linkedin.com/in/andrew-walsh-wmcp®-132234b9,"""NICOLE WALSH"" ""INVESCO DISTRIBUTORS, INC."" site:linkedin.com/in",ddgs
5718494,https://uk.linkedin.com/in/kim-thompson-888498127,"""KIM THOMPSON"" site:linkedin.com/in",ddgs
5718506,https://www.linkedin.com/in/josephmidili,"""Joseph Midili"" site:linkedin.com/in",ddgs
5718509,https://www.linkedin.com/in/jenniferinigofinancialadvisor,"""Jennifer Inigo"" ""CETERA WEALTH SERVICES, LLC"" site:linkedin.com/in",ddgs
5718513,https://www.linkedin.com/in/mark-sauer,"""MARK SAUER"" site:linkedin.com/in",ddgs
5718526,https://www.linkedin.com/in/mitchellwhitlock,"""MITCHELL WHITLOCK"" site:linkedin.com/in",ddgs
5718529,https://www.linkedin.com/in/karen-chin-4b2b3685,"""KAREN CHIN"" site:linkedin.com/in",ddgs
5718531,https://ca.linkedin.com/in/colleen-gairns-692880153,"""COLLEEN GAIRNS"" site:linkedin.com/in",ddgs
5718536,https://www.linkedin.com/in/donald-house-34a65523,"""DONALD HOUSE"" site:linkedin.com/in",ddgs
5718542,https://www.linkedin.com/in/kevin-thoy-256176166,"""KEVIN THOY"" site:linkedin.com/in",ddgs
5718550,,CRAIG STAVELY  linkedin,
5718554,https://www.linkedin.com/in/jhnling,"""JOHN LING"" site:linkedin.com/in",ddgs
5718556,https://www.linkedin.com/in/brian-donnelly-1b687a87,"""BRIAN DONNELLY"" ""TP ICAP GLOBAL MARKETS AMERICAS LLC"" site:linkedin.com/in",ddgs
5718563,https://www.linkedin.com/in/alexander-chang8,"""ALEXANDER CHANG"" site:linkedin.com/in",ddgs
5718567,https://www.linkedin.com/in/timothymengland,"""TIMOTHY ENGLAND"" site:linkedin.com/in",ddgs
5718571,https://www.linkedin.com/in/rafael-beck-cpa,"""RAFAEL BECK"" ""BROOKFIELD SECURITIES LLC"" site:linkedin.com/in",ddgs
5718577,https://uk.linkedin.com/in/marcus-morris-78477776,"""MARCUS MORRIS"" site:linkedin.com/in",ddgs
5718588,https://www.linkedin.com/in/darin-riddle,"""DARIN RIDDLE"" ""SANCTUARY SECURITIES, INC."" site:linkedin.com/in",ddgs
5718597,https://www.linkedin.com/in/hiroko-suzuki-b6444833,"""HIROKO SUZUKI"" site:linkedin.com/in",ddgs
5718602,https://www.linkedin.com/in/jason-pealy-615bb313,"""JASON PEALY"" site:linkedin.com/in",ddgs
5718609,https://www.linkedin.com/in/saloa-aguirre-fernandez-66421b54,"""SALOA AGUIRRE-FERNANDEZ"" site:linkedin.com/in",ddgs
5718629,https://www.linkedin.com/in/usman-khan-08a72486,"""USMAN KHAN"" site:linkedin.com/in",ddgs
5718639,https://www.linkedin.com/in/wendy-tatro-65bb7827,"""WENDY TATRO"" site:linkedin.com/in",ddgs
5718666,https://pk.linkedin.com/in/mehwish-sajjad,"""MEHWISH SAJJAD"" site:linkedin.com/in",ddgs
5718671,https://www.linkedin.com/in/gregory-pupo-b887b710,"""GREGORY PUPO"" site:linkedin.com/in",ddgs
5718688,https://ca.linkedin.com/in/ralph-hoskins-22161729,"""RALPH HOSKINS"" site:linkedin.com/in",ddgs
5718706,https://www.linkedin.com/in/matthew-kerber-395486a,"""MATTHEW KERBER"" ""LPL FINANCIAL LLC"" site:linkedin.com/in",ddgs
5718724,https://www.linkedin.com/in/kmaastv,"""KEVIN MAAS"" site:linkedin.com/in",ddgs
5718771,https://www.linkedin.com/in/branden-hurley-03b1b618,"""BRANDEN HURLEY"" ""GOLDMAN SACHS & CO. LLC"" site:linkedin.com/in",ddgs
5718792,https://www.linkedin.com/in/elisa-schwartz-728b0016,"""ELISA SCHWARTZ"" site:linkedin.com/in",ddgs
5718798,https://www.linkedin.com/in/olga-powell-4048316,"""OLGA Powell"" site:linkedin.com/in",ddgs
5718799,https://np.linkedin.com/in/samundra-timilsina-b166bb376,"""SAMUNDRA TIMILSINA"" site:linkedin.com/in",ddgs
5718801,https://uk.linkedin.com/in/jamesechase,"""JAMES CHASE"" site:linkedin.com/in",ddgs
5718808,https://www.linkedin.com/in/bryan-bielawski-400960163,"""BRYAN BIELAWSKI"" site:linkedin.com/in",ddgs
5718836,https://www.linkedin.com/in/rsaxon,"""ROBERT SAXON"" site:linkedin.com/in",ddgs
5718844,https://www.linkedin.com/in/nicholas-jones-46592b221,"""NICHOLAS JONES"" ""STATE FARM VP MANAGEMENT CORP."" site:linkedin.com/in",ddgs
5718852,https://www.linkedin.com/in/annabel-mendoza-517382128,"""AI MENDOZA"" ""FIDELITY BROKERAGE SERVICES LLC"" site:linkedin.com/in",ddgs
5718872,https://www.linkedin.com/in/gary-king-,"""GARY KING"" site:linkedin.com/in",ddgs
5718880,,FERDINAND ONNEN MORGAN STANLEY linkedin,
5718881,https://www.linkedin.com/in/robert-schwartz-6ab355bb,"""ROBERT SCHWARTZ"" ""MORGAN STANLEY"" site:linkedin.com/in",ddgs
5718889,https://www.linkedin.com/in/caleb-grant-772432236,"""CALEB GRANT"" site:linkedin.com/in",ddgs
5718891,https://www.linkedin.com/in/kirtana-patel-cfp®-25552716,"""KIRTANA PATEL"" ""UBS FINANCIAL SERVICES INC."" site:linkedin.com/in",ddgs
5718893,https://www.linkedin.com/in/rahul-shah-1440402,"""RAHUL SHAH"" ""INVESCO DISTRIBUTORS, INC."" site:linkedin.com/in",ddgs
5718908,https://www.linkedin.com/in/justin-pisellini-ppc®-b40b6929,"""Justin Pisellini"" site:linkedin.com/in",ddgs
5718936,https://www.linkedin.com/in/mdebert,"""MICHAEL EBERT"" ""CAMBRIDGE INVESTMENT RESEARCH, INC."" site:linkedin.com/in",ddgs
5718940,https://au.linkedin.com/in/jor-young,"""Jordan Young"" site:linkedin.com/in",ddgs
5718947,https://www.linkedin.com/in/sean-kelley-2b9350277,"""SEAN KELLEY"" site:linkedin.com/in",ddgs
5718983,https://www.linkedin.com/in/shusaku-sumida-905b29,"""SHUSAKU SUMIDA"" site:linkedin.com/in",ddgs
5718986,https://www.linkedin.com/in/surinderthind,"""SURINDER THIND"" ""JEFFERIES LLC"" site:linkedin.com/in",ddgs
5718988,https://www.linkedin.com/in/ralphnelson3,"""PHILIP NELSON"" ""RAYMOND JAMES FINANCIAL SERVICES, INC."" site:linkedin.com/in",ddgs
5718991,https://www.linkedin.com/in/kevinreilly1,"""KEVIN REILLY"" site:linkedin.com/in",ddgs
5719002,https://www.linkedin.com/in/brandon-powers-30085098,"""BRANDON POWERS"" ""PRINCIPAL SECURITIES, INC."" site:linkedin.com/in",ddgs
5719010,https://www.linkedin.com/in/james-geosits-crpc™-51806918a,"""James Geosits"" site:linkedin.com/in",ddgs
5719013,https://www.linkedin.com/in/po-yuen-708110111,"""PO YUEN"" site:linkedin.com/in",ddgs
5719018,https://www.linkedin.com/in/tianatolbert,"""TANEA TOLBERT"" site:linkedin.com/in",ddgs
5719030,https://www.linkedin.com/in/rogers-masi-61147166,"""ROGER MASI"" site:linkedin.com/in",ddgs
5719034,https://www.linkedin.com/in/rossfronk,"""ROSS FRONK"" ""ASHTON THOMAS SECURITIES, LLC"" site:linkedin.com/in",ddgs
5719057,https://www.linkedin.com/in/neal-clements-49926812,"""Neal Clements"" site:linkedin.com/in",ddgs
5719088,https://www.linkedin.com/in/richardson-hendee-121638262,"""RICHARDSON HENDEE"" ""AMERIPRISE FINANCIAL SERVICES, LLC"" site:linkedin.com/in",ddgs
5719089,https://www.linkedin.com/in/jay-merrill-cima®-55716a58,"""JAY MERRILL"" ""LINCOLN INVESTMENT"" site:linkedin.com/in",ddgs
5719101,,PING-SZU HUANG CITIGROUP GLOBAL MARKETS INC. linkedin,
5719104,https://www.linkedin.com/in/seth-woolf-566417a,"""SETH WOOLF"" site:linkedin.com/in",ddgs
5719106,https://www.linkedin.com/in/johnsonatimothy,"""TIMOTHY JOHNSON"" site:linkedin.com/in",ddgs
5719116,https://www.linkedin.com/in/kip-moen-aabb8a17,"""KIP MOEN"" site:linkedin.com/in",ddgs
5719122,https://www.linkedin.com/in/nyljefffrei,"""JEFF FREI"" ""NYLIFE SECURITIES LLC"" site:linkedin.com/in",ddgs
5719146,https://www.linkedin.com/in/maria-wong,"""Maria Wong"" site:linkedin.com/in",ddgs
5719161,https://www.linkedin.com/in/gerald-norris-65a7bb11,"""GERALD NORRIS"" site:linkedin.com/in",ddgs
5719166,https://www.linkedin.com/in/kara-proctor-cfp,"""Kara Proctor"" site:linkedin.com/in",ddgs
5719169,https://pe.linkedin.com/in/fabiola-becerra,"""FABIOLA BECERRA"" site:linkedin.com/in",ddgs
5719184,https://www.linkedin.com/in/jared-trexler,"""JARED TREXLER"" site:linkedin.com/in",ddgs
5719186,https://mx.linkedin.com/in/fernandopaez1,"""FERNANDO PAEZ"" site:linkedin.com/in",ddgs
5719193,https://www.linkedin.com/in/christopherlhall,"""CHRISTOPHER HALL"" ""LPL FINANCIAL LLC"" site:linkedin.com/in",ddgs
5719197,https://www.linkedin.com/in/vishal-trivedi-42aa9321,"""Vishal Trivedi"" site:linkedin.com/in",ddgs
5719201,https://uk.linkedin.com/in/frances-phosarath,"""FRANCES Rawson"" site:linkedin.com/in",ddgs
5719217,https://www.linkedin.com/in/amy-otto-a837a829,"""Amy Otto"" ""EDWARD JONES"" site:linkedin.com/in",ddgs
5719235,https://www.linkedin.com/in/kyledday,"""KYLE DAY"" ""LPL FINANCIAL LLC"" site:linkedin.com/in",ddgs
5719236,https://www.linkedin.com/in/stevenkiel,"""STEVEN KIEL"" site:linkedin.com/in",ddgs
5719237,https://www.linkedin.com/in/lukasz-syrek-crpc™-5a083633b,"""LUKASZ SYREK"" ""UBS FINANCIAL SERVICES INC."" site:linkedin.com/in",ddgs
5719238,https://www.linkedin.com/in/johnpaulrossi,"""JOHN ROSSI"" site:linkedin.com/in",ddgs
5719245,https://www.linkedin.com/in/kathryndetora,"""KATHRYN DETORA"" site:linkedin.com/in",ddgs
5719254,https://www.linkedin.com/in/nicholas-ricciardi-7a7329122,"""Nicholas Ricciardi"" site:linkedin.com/in",ddgs
5719260,,SHLOMO OVED NYLIFE SECURITIES LLC linkedin,
5719274,https://www.linkedin.com/in/christopher-r-dorman,"""CHRISTOPHER DORMAN"" site:linkedin.com/in",ddgs
5719286,https://www.linkedin.com/in/yu-ting-cheng-26511743,"""YUTING CHENG"" ""CETERA WEALTH SERVICES, LLC"" site:linkedin.com/in",ddgs
5719292,https://www.linkedin.com/in/kenny-huang-5085a1,"""KENNY HUANG"" site:linkedin.com/in",ddgs
5719309,https://www.linkedin.com/in/david-refuerzo-85291910,"""DAVID REFUERZO"" site:linkedin.com/in",ddgs
5719338,https://www.linkedin.com/in/j-douglas-mann-31608518,"""JOHN MANN"" ""PNC WEALTH MANAGEMENT LLC"" site:linkedin.com/in",ddgs
5719339,https://www.linkedin.com/in/jonathan-keetz-379b2a19,"""JONATHAN KEETZ"" site:linkedin.com/in",ddgs
5719368,https://www.linkedin.com/in/anastasia-zheludkova,"""ANASTASIYA ZHELUDKOVA"" site:linkedin.com/in",ddgs
5719383,https://www.linkedin.com/in/georgeorn,"""GEORGE ORN"" site:linkedin.com/in",ddgs
5719391,https://www.linkedin.com/in/glenn-peters-8373b959,"""GLENN PETERS"" site:linkedin.com/in",ddgs
5719416,https://www.linkedin.com/in/antoncheck,"""ANTON CHECK"" ""FIDELITY BROKERAGE SERVICES LLC"" site:linkedin.com/in",ddgs
5719427,https://www.linkedin.com/in/kellenferris,"""KELLEN FERRIS"" site:linkedin.com/in",ddgs
5719429,https://www.linkedin.com/in/robertjorgenson,"""ROBERT JORGENSON"" site:linkedin.com/in",ddgs
5719432,https://www.linkedin.com/in/sean-tabone-83b8431b3,"""Sean Tabone"" site:linkedin.com/in",ddgs
5719437,https://www.linkedin.com/in/robertloakes,"""ROBERT OAKES"" site:linkedin.com/in",ddgs
5719452,https://www.linkedin.com/in/billymason81,"""BILLY MASON"" site:linkedin.com/in",ddgs
5719454,https://uk.linkedin.com/in/andre-secron-11244a1,"""ANDRE TRINDADE SECRON"" site:linkedin.com/in",ddgs
5719458,https://www.linkedin.com/in/yousef-abuhakmeh-053276198,"""YOUSEF ABUHAKMEH"" site:linkedin.com/in",ddgs
5719460,https://www.linkedin.com/in/davidzastawnythrivent,"""DAVID ZASTAWNY"" site:linkedin.com/in",ddgs
5719463,https://www.linkedin.com/in/christopher-seegers-8a30161a,"""Christopher Seegers"" site:linkedin.com/in",ddgs
5719484,https://www.linkedin.com/in/kevin-gaunt-ubs,"""KEVIN GAUNT"" ""UBS FINANCIAL SERVICES INC."" site:linkedin.com/in",ddgs
5719492,https://www.linkedin.com/in/joe-giar-a6b8713,"""JOSEPH GIAR"" ""TOUCHSTONE SECURITIES, LLC"" site:linkedin.com/in",ddgs
5719501,https://www.linkedin.com/in/yuching-lin-alex,"""YU-CHING LIN"" site:linkedin.com/in",ddgs
5719502,https://www.linkedin.com/in/meng-wu-89b7578,"""MENG WU"" site:linkedin.com/in",ddgs
5719512,https://www.linkedin.com/in/jeff-thoben-7449812bb,JEFFREY THOBEN  linkedin,ddgs
5719530,https://www.linkedin.com/in/robert-anderson-b74a6b4,"""ROBERT ANDERSON"" site:linkedin.com/in",ddgs
5719539,,"FRANCINE PIZZIMENTI OSAIC WEALTH, INC. linkedin",
5719556,https://www.linkedin.com/in/vishailsingh,"""Vishail Singh"" site:linkedin.com/in",ddgs
5719567,https://www.linkedin.com/in/charissa-portillo,"""CHARISSA PORTILLO"" site:linkedin.com/in",ddgs
5719594,https://www.linkedin.com/in/cesar-salazar-10377166,"""CESAR SALAZAR"" site:linkedin.com/in",ddgs
5719608,https://www.linkedin.com/in/nicholas-fears-2502a92b2,"""Nicholas Fears"" ""EDWARD JONES"" site:linkedin.com/in",ddgs
5719616,https://www.linkedin.com/in/mark-rawlins,"""MARK RAWLINS"" site:linkedin.com/in",ddgs
5719625,https://www.linkedin.com/in/anthony-perkins-701519154,"""ANTHONY PERKINS"" ""FIDELITY BROKERAGE SERVICES LLC"" site:linkedin.com/in",ddgs
5719629,https://www.linkedin.com/in/jed-douglas-74856831,"""JED DOUGLAS"" site:linkedin.com/in",ddgs
5719651,https://www.linkedin.com/in/tim-gerlesits-11122415,"""TIMOTHY GERLESITS"" site:linkedin.com/in",ddgs
5719657,https://www.linkedin.com/in/zhu-kevin1,"""KEVIN ZHU"" site:linkedin.com/in",ddgs
5719663,,JASTINDER SOHI  linkedin,
5719667,https://www.linkedin.com/in/robert-major-7b67843,"""Robert Major"" site:linkedin.com/in",ddgs
5719672,https://www.linkedin.com/in/mark-annis-b7135714,"""MARK ANNIS"" site:linkedin.com/in",ddgs
5719681,https://www.linkedin.com/in/jane-hoff-sphr-shrm-scp-85a41315,"""JANE HOFF"" site:linkedin.com/in",ddgs
5719683,https://www.linkedin.com/in/roger-ellsworth-04172a28,"""ROGER ELLSWORTH"" site:linkedin.com/in",ddgs
5719685,https://www.linkedin.com/in/mark-kimmel-2b015731,"""MARK KIMMEL"" site:linkedin.com/in",ddgs
5719687,https://www.linkedin.com/in/brian-crawford1,"""BRIAN CRAWFORD"" site:linkedin.com/in",ddgs
5719688,https://www.linkedin.com/in/maureenmacdonald1,"""MAUREEN MACDONALD"" site:linkedin.com/in",ddgs
5719701,https://www.linkedin.com/in/kandace-lesher-85442b10,"""Kandace Lesher"" site:linkedin.com/in",ddgs
5719704,https://www.linkedin.com/in/nicole-lawson-cyber,"""NICOLE LUTZ"" ""SECURIAN FINANCIAL SERVICES, INC."" site:linkedin.com/in",ddgs
5719711,https://www.linkedin.com/in/john-franklin-a8093ba,"""JOHN FRANKLIN"" site:linkedin.com/in",ddgs
5719728,https://www.linkedin.com/in/stephanienkline,"""STEPHANIE KLINE"" site:linkedin.com/in",ddgs
5719741,https://www.linkedin.com/in/jeffrey-keen-90b3a738,"""JEFFREY KEEN"" site:linkedin.com/in",ddgs
5719749,https://www.linkedin.com/in/earl-harry-33793010,"""Earl Harry"" site:linkedin.com/in",ddgs
5719773,https://www.linkedin.com/in/seannaismith,"""SEAN NAISMITH"" site:linkedin.com/in",ddgs
57198,,Donald Cristo  linkedin,
5719813,https://www.linkedin.com/in/rickbaray,"""Rick Baray"" ""MORGAN STANLEY"" site:linkedin.com/in",ddgs
5719834,https://www.linkedin.com/in/brettwollam,"""BRETT WOLLAM"" site:linkedin.com/in",ddgs
5719846,https://www.linkedin.com/in/barbsteeves,"""STEPHEN STEEVES"" ""FIDELITY BROKERAGE SERVICES LLC"" site:linkedin.com/in",ddgs
5719848,https://www.linkedin.com/in/paul-murphy-70a8641,"""PAUL MURPHY"" ""LPL ENTERPRISE, LLC"" site:linkedin.com/in",ddgs
5719864,https://www.linkedin.com/in/michael-bodnyk-9a52051a,"""MICHAEL BODNYK"" site:linkedin.com/in",ddgs
5719872,https://www.linkedin.com/in/courtney-white,"""COURTNEY WHITE"" site:linkedin.com/in",ddgs
5719880,https://www.linkedin.com/in/mike-woerner-594871104,"""Michael Woerner"" ""EDWARD JONES"" site:linkedin.com/in",ddgs
5719883,https://hk.linkedin.com/in/dillon-mcniven-9b682945,"""DILLON MCNIVEN"" site:linkedin.com/in",ddgs
5719890,https://www.linkedin.com/in/carrie-ward,"""CARRIE WARD"" ""CETERA WEALTH SERVICES, LLC"" site:linkedin.com/in",ddgs
5719907,https://ca.linkedin.com/in/chris-qihong-zhou,"""QIHONG ZHOU"" site:linkedin.com/in",ddgs
5719909,https://www.linkedin.com/in/jennifer-yuen-nyc,"""JENNIFER YUEN"" site:linkedin.com/in",ddgs
5719911,https://www.linkedin.com/in/john-dowd-56811a205,"""JOHN DOWD"" ""SANFORD C. BERNSTEIN & CO., LLC"" site:linkedin.com/in",ddgs
5719923,https://www.linkedin.com/in/ricardo-urrutia-96701090,"""Ricardo Urrutia"" site:linkedin.com/in",ddgs
5719925,,CHERYL MAE VILLAMOR  linkedin,
5719926,https://www.linkedin.com/in/lisa-fernan-821b5113b,"""Lisa Fernan"" ""EDWARD JONES"" site:linkedin.com/in",ddgs
5719942,https://www.linkedin.com/in/denise-rhodey-4b66b546,"""DENISE RHODEY"" site:linkedin.com/in",ddgs
5719956,https://www.linkedin.com/in/hugoramirez,"""HUGO RAMIREZ"" site:linkedin.com/in",ddgs
5719976,,"Hideyo Tonooka BOFA SECURITIES, INC. linkedin",
5719999,https://www.linkedin.com/in/lindbrian,"""BRIAN LIND"" site:linkedin.com/in",ddgs
5720003,https://www.linkedin.com/in/rita-rehana-1a1541165,"""REHANA MOHAMED"" ""J.P. MORGAN SECURITIES LLC"" site:linkedin.com/in",ddgs
5720008,https://www.linkedin.com/in/jonathan-ingram-08117124,"""JONATHAN INGRAM"" site:linkedin.com/in",ddgs
5720011,https://www.linkedin.com/in/maria-berglund-4027b2b7,"""MARIA BERGLUND"" site:linkedin.com/in",ddgs
5720013,https://www.linkedin.com/in/claudia-normand-889a7319,"""Claudia Normand"" site:linkedin.com/in",ddgs
5720024,https://www.linkedin.com/in/c-thorpe-34436192,"""CHERYL THORPE"" ""J.P. MORGAN SECURITIES LLC"" site:linkedin.com/in",ddgs
5720029,https://www.linkedin.com/in/jeffrey-zamora,"""Jeffrey Zamora"" ""AMERIPRISE FINANCIAL SERVICES, LLC"" site:linkedin.com/in",ddgs
5720033,https://www.linkedin.com/in/christine-m-thompson-az,"""Christina Thompson"" ""BOLT-X LLC"" site:linkedin.com/in",ddgs
5720053,https://www.linkedin.com/in/reuben-widner-aa5911b7,"""REUBEN WIDNER"" site:linkedin.com/in",ddgs
5720067,https://www.linkedin.com/in/valerie-wendt-16124b3a,"""VALERIE WENDT"" site:linkedin.com/in",ddgs
5720072,https://www.linkedin.com/in/christopher-saggese-3b67817,"""CHRISTOPHER SAGGESE"" site:linkedin.com/in",ddgs
5720086,,SEAN GOLDNEY LPL FINANCIAL LLC linkedin,
5720087,https://www.linkedin.com/in/marco-antonio-orozco-1082b2180,"""MARCO OROZCO"" ""LPL FINANCIAL LLC"" site:linkedin.com/in",ddgs
5720093,https://www.linkedin.com/in/eric-sale-36b44920,"""ERIC SALE"" site:linkedin.com/in",ddgs
5720121,https://www.linkedin.com/in/william-bugdon-106514253,"""WILLIAM BUGDON"" site:linkedin.com/in",ddgs
5720132,https://in.linkedin.com/in/preetigarg,"""PREETI GARG"" site:linkedin.com/in",ddgs
5720149,https://www.linkedin.com/in/zoheb-alvi,"""Zoheb Alvi"" site:linkedin.com/in",ddgs
5720151,https://www.linkedin.com/in/bradford-newsome-931aa91a5,"""BRADFORD NEWSOME"" site:linkedin.com/in",ddgs
5720156,https://www.linkedin.com/in/michael-delre-7a992915a,"""MICHAEL DELRE"" site:linkedin.com/in",ddgs
5720180,https://www.linkedin.com/in/marianfcook,"""MARIAN COOK"" site:linkedin.com/in",ddgs
5720181,https://www.linkedin.com/in/leahtruesdell,"""LEAH TRUESDELL"" site:linkedin.com/in",ddgs
5720193,https://www.linkedin.com/in/edgardo-acosta-b1227095,"""Edgar Acosta"" ""LPL FINANCIAL LLC"" site:linkedin.com/in",ddgs
5720194,https://www.linkedin.com/in/steven-balch-3569784a,"""Steven Balch"" site:linkedin.com/in",ddgs
5720195,https://www.linkedin.com/in/danielpollak1,"""Daniel Pollak"" site:linkedin.com/in",ddgs
5720202,https://www.linkedin.com/in/abuhoque,"""ABU HOQUE"" site:linkedin.com/in",ddgs
5720208,https://ec.linkedin.com/in/felipe-lewis,"""FELIPE LEWIS"" site:linkedin.com/in",ddgs
5720210,https://www.linkedin.com/in/david-roasa-b7249210b,"""David Roasa"" site:linkedin.com/in",ddgs
5720225,https://www.linkedin.com/in/erik-searcy-jr-2a6869330,"""ERIK SEARCY"" site:linkedin.com/in",ddgs
5720226,https://www.linkedin.com/in/florespriscilla,"""Priscilla Flores"" site:linkedin.com/in",ddgs
5720227,https://www.linkedin.com/in/sojinhan611,"""SOJIN HAN"" site:linkedin.com/in",ddgs
5720229,https://ca.linkedin.com/in/brittany-puglia,"""BRITTANY PUGLIA"" site:linkedin.com/in",ddgs
5720235,https://www.linkedin.com/in/bacilisa-herrera-526b2614,"""BACILISA HERRERA"" site:linkedin.com/in",ddgs
5720236,https://ch.linkedin.com/in/aleksandar-cupic-00012a111,"""ALEKSANDAR CUPIC"" site:linkedin.com/in",ddgs
5720239,https://www.linkedin.com/in/luis-garcia-md-facs-mba-fache-2b459b16,"""LUIS GARCIA"" site:linkedin.com/in",ddgs
5720240,https://www.linkedin.com/in/paul-cuison-009b7329,"""PAUL CUISON"" site:linkedin.com/in",ddgs
5720241,https://www.linkedin.com/in/brandonyoungs,"""BRANDON YOUNGS"" site:linkedin.com/in",ddgs
5720245,https://www.linkedin.com/in/armandocastaneda,"""ABRAHAM CASTANEDA"" ""J.P. MORGAN SECURITIES LLC"" site:linkedin.com/in",ddgs
5720248,https://www.linkedin.com/in/andrew-f-clemenza,"""ANDREW CLEMENZA"" ""LPL FINANCIAL LLC"" site:linkedin.com/in",ddgs
5720250,https://www.linkedin.com/in/patricia-knight-65644727,"""PATRICIA KNIGHT"" site:linkedin.com/in",ddgs
5720269,https://www.linkedin.com/in/ross-mcnabb-312b2b72,"""ROSS MCNABB"" site:linkedin.com/in",ddgs
5720275,https://www.linkedin.com/in/victorqprice,"""VICTOR PRICE"" site:linkedin.com/in",ddgs
5720284,https://www.linkedin.com/in/suzanne-runyon-16656326,"""Suzanne Runyon"" site:linkedin.com/in",ddgs
5720289,https://www.linkedin.com/in/jeffrey-webb-12a89a,"""JEFFREY WEBB"" site:linkedin.com/in",ddgs
5720301,https://www.linkedin.com/in/jesse-landy-575089b1,"""JESSE LANDY"" ""ALLIANZ LIFE FINANCIAL SERVICES, LLC"" site:linkedin.com/in",ddgs
5720323,https://www.linkedin.com/in/samuel-wolfson-pmp,"""SAMUEL WOLFSON"" site:linkedin.com/in",ddgs
5720339,https://www.linkedin.com/in/ryanhover,"""RYAN HOVER"" site:linkedin.com/in",ddgs
5720343,https://www.linkedin.com/in/torreon-carter-13z,"""TORREON CARTER"" site:linkedin.com/in",ddgs
5720356,https://www.linkedin.com/in/victoria-reading-7048a259,"""ARTHUR READING"" ""LPL ENTERPRISE, LLC"" site:linkedin.com/in",ddgs
5720364,https://www.linkedin.com/in/westoncramer,"""WESTON CRAMER"" ""EQUITABLE ADVISORS, LLC"" site:linkedin.com/in",ddgs
5720384,https://www.linkedin.com/in/wells-ryan,"""RYAN WELLS"" site:linkedin.com/in",ddgs
5720387,https://www.linkedin.com/in/dariusdale,"""DARIUS DALE"" site:linkedin.com/in",ddgs
5720388,https://www.linkedin.com/in/russell-harlan-340a4633,"""RUSSELL HARLAN"" site:linkedin.com/in",ddgs
5720399,https://www.linkedin.com/in/bo-edvardsson-ricp-863575286,"""BO EDVARDSSON"" site:linkedin.com/in",ddgs
5720403,https://www.linkedin.com/in/james-giljohann-680a1a32,"""JAMES GILJOHANN"" site:linkedin.com/in",ddgs
5720407,https://www.linkedin.com/in/karenmaurer,"""KAREN MAURER"" site:linkedin.com/in",ddgs
5720411,https://sg.linkedin.com/in/matthewahillier,"""Matthew Hillier"" site:linkedin.com/in",ddgs
5720419,https://www.linkedin.com/in/daniel-yates-crpc™-6b542472,"""DANIEL YATES"" ""EDWARD JONES"" site:linkedin.com/in",ddgs
5720424,https://www.linkedin.com/in/prerak-sanghvi,"""PRERAK SANGHVI"" site:linkedin.com/in",ddgs
5720436,https://ca.linkedin.com/in/john-boucher-70359423,"""JEAN FRANCOIS BOUCHER"" ""RBC CAPITAL MARKETS, LLC"" site:linkedin.com/in",ddgs
5720437,https://www.linkedin.com/in/greg-sokolow-cres-71347412,"""GREG SOKOLOW"" ""LINCOLN INVESTMENT"" site:linkedin.com/in",ddgs
5720438,https://www.linkedin.com/in/tomjkoch,"""Tom Koch"" site:linkedin.com/in",ddgs
5720441,https://www.linkedin.com/in/sheena-payne-17942424,"""SHEENA PAYNE"" site:linkedin.com/in",ddgs
5720452,https://www.linkedin.com/in/michael-greene-58911143,"""MICHELLE GREENE"" ""GOLDMAN SACHS & CO. LLC"" site:linkedin.com/in",ddgs
5720456,https://www.linkedin.com/in/david-simmons-460b376,"""DAVID SIMMONS"" site:linkedin.com/in",ddgs
5720470,https://www.linkedin.com/in/lilian-quach-5718947a,"""LILIAN QUACH"" site:linkedin.com/in",ddgs
5720478,https://www.linkedin.com/in/richard-kim-61351921,"""RICHARD KIM"" ""CHIMERA SECURITIES, LLC"" site:linkedin.com/in",ddgs
5720495,https://www.linkedin.com/in/marco-leyva-pacheco-02b7712b7,"""MARCUS LEYVA"" ""LPL FINANCIAL LLC"" site:linkedin.com/in",ddgs
5720515,https://www.linkedin.com/in/philipp-nuzhdin-cfa-83111961,"""PHILIPP NUZHDIN"" site:linkedin.com/in",ddgs
5720561,https://www.linkedin.com/in/andrewrocha,"""ANDREW ROCHA"" site:linkedin.com/in",ddgs
5720573,https://ca.linkedin.com/in/jiefu-wang-92918329b,"""JIEFU WANG"" site:linkedin.com/in",ddgs
5720599,https://www.linkedin.com/in/bethany-nader-0966a5239,"""ASHLEY NADER"" ""UBS FINANCIAL SERVICES INC."" site:linkedin.com/in",ddgs
5720603,https://www.linkedin.com/in/karakellyshaffer,"""Kara Shaffer"" site:linkedin.com/in",ddgs
5720605,https://pe.linkedin.com/in/marcotuestaroca,"""MARCO TUESTA"" site:linkedin.com/in",ddgs
5720612,https://www.linkedin.com/in/jayliao,"""JAY LIAO"" site:linkedin.com/in",ddgs
5720616,https://www.linkedin.com/in/ralphdjones,"""Ralph Jones"" site:linkedin.com/in",ddgs
5720621,https://www.linkedin.com/in/lisa-chen-20126330,"""SI CHEN"" ""CLSA AMERICAS, LLC"" site:linkedin.com/in",ddgs
5720626,https://www.linkedin.com/in/dennis-hannan-cfa-7b0ba02b,"""Dennis Hannan"" site:linkedin.com/in",ddgs
5720645,https://www.linkedin.com/in/janine-millensifer,"""Janine Millensifer"" ""MORGAN STANLEY"" site:linkedin.com/in",ddgs
5720649,https://www.linkedin.com/in/justin-lewis-916a29210,"""JUSTIN LEWIS"" site:linkedin.com/in",ddgs
5720656,https://www.linkedin.com/in/josephgarrel,"""JOSEPH GARREL"" ""NYLIFE SECURITIES LLC"" site:linkedin.com/in",ddgs
5720660,https://www.linkedin.com/in/angela-bohnenkamp-953b6413,"""ANGELA BOHNENKAMP"" site:linkedin.com/in",ddgs
5720663,https://nl.linkedin.com/in/paul-verweij-19abb925,"""PAUL VERWEIJ"" site:linkedin.com/in",ddgs
5720669,https://pr.linkedin.com/in/melvin-rosado-7b914216,"""Melvin ROSADO SANTOS"" site:linkedin.com/in",ddgs
5720672,https://www.linkedin.com/in/andrew-mcglynn-b0134a46,"""ANDREW MCGLYNN"" site:linkedin.com/in",ddgs
5720679,https://www.linkedin.com/in/claire-weiss,"""Claire Weiss"" site:linkedin.com/in",ddgs
5720683,https://www.linkedin.com/in/joshuabirbach,"""Joshua Birbach"" site:linkedin.com/in",ddgs
5720685,https://www.linkedin.com/in/aaron-bohm-60386a178,"""Aaron Bohm"" site:linkedin.com/in",ddgs
5720711,https://www.linkedin.com/in/justin-smith-6454a7a,"""JUSTIN SMITH"" site:linkedin.com/in",ddgs
5720712,https://www.linkedin.com/in/amanda-rezaoui-7b82a23,"""AMANDA REZAOUI"" site:linkedin.com/in",ddgs
5720723,https://www.linkedin.com/in/katerinazuniga,"""KATERINA ZUNIGA"" site:linkedin.com/in",ddgs
5720728,https://www.linkedin.com/in/edwin-thomas-sr-ph-d-dma-022b9590,"""EDWIN THOMAS"" site:linkedin.com/in",ddgs
5720735,https://www.linkedin.com/in/benjamin-vilchez-chfc®-ricp®-61b65619,"""BENJAMIN VILCHEZ"" site:linkedin.com/in",ddgs
5720738,https://uk.linkedin.com/in/laurence-stone-707167194,"""LAURENCE STONE"" site:linkedin.com/in",ddgs
5720739,https://www.linkedin.com/in/matthewran,"""MATTHEW RAN"" site:linkedin.com/in",ddgs
5720761,https://www.linkedin.com/in/dr-stephen-curran-31b59911b,"""Stephen Curran"" site:linkedin.com/in",ddgs
5720762,https://www.linkedin.com/in/nick-heiar-40795b22,"""NICHOLAS HEIAR"" site:linkedin.com/in",ddgs
5720766,https://www.linkedin.com/in/jun-wang-1572a4254,"""Jian Wang"" ""TRANSAMERICA FINANCIAL ADVISORS, LLC"" site:linkedin.com/in",ddgs
5720790,,"LAHEEB KARANA WELLS FARGO CLEARING SERVICES, LLC linkedin",
5720795,https://www.linkedin.com/in/robertkang01,"""Robert Kang"" site:linkedin.com/in",ddgs
5720833,https://ae.linkedin.com/in/alihasta,"""ALI HASTA"" site:linkedin.com/in",ddgs
5720834,https://www.linkedin.com/in/shannon-jenke-1158873,"""Shannon Jenke"" site:linkedin.com/in",ddgs
5720838,https://au.linkedin.com/in/nikki-lo-75695420,"""NIKKI LO"" site:linkedin.com/in",ddgs
5720857,https://uk.linkedin.com/in/yibo-bao-4b650168,"""YIBO BAO"" site:linkedin.com/in",ddgs
5720868,https://www.linkedin.com/in/grace-sheridan-7126ba155,"""SHERIDAN GRACE"" site:linkedin.com/in",ddgs
5720871,https://www.linkedin.com/in/paul-levallois-90548b1,"""PAUL LEVALLOIS"" site:linkedin.com/in",ddgs
5720880,https://www.linkedin.com/in/jeffreyfivecoat,"""JEFFREY FIVECOAT"" site:linkedin.com/in",ddgs
5720894,https://www.linkedin.com/in/neilkpatel,"""Neil Patel"" site:linkedin.com/in",ddgs
5720912,https://www.linkedin.com/in/gary-watts-,"""Gary Watts"" site:linkedin.com/in",ddgs
5720921,https://www.linkedin.com/in/fosterandrewm,"""ANDREW FOSTER"" site:linkedin.com/in",ddgs
5720926,https://www.linkedin.com/in/jeffseiple,"""JEFFREY SEIPLE"" site:linkedin.com/in",ddgs
5720935,https://www.linkedin.com/in/elizabeth-bell1,"""ELIZABETH BELL"" site:linkedin.com/in",ddgs
5720939,https://www.linkedin.com/in/anthonyaustin1,"""ANTHONY AUSTIN"" ""PFS INVESTMENTS INC."" site:linkedin.com/in",ddgs
5720979,https://www.linkedin.com/in/lauranolanwellnessguru,"""LAURA NOLAN"" site:linkedin.com/in",ddgs
5720989,https://www.linkedin.com/in/christopher-englert,"""Christopher Englert"" site:linkedin.com/in",ddgs
5720997,https://www.linkedin.com/in/nick-stokes-127873362,"""SHORE STOKES"" ""PIMCO INVESTMENTS LLC"" site:linkedin.com/in",ddgs
5720999,https://www.linkedin.com/in/john-pryor-strauss-5089684,"""JOHN NABORS"" ""PFS INVESTMENTS INC."" site:linkedin.com/in",ddgs
5721007,https://www.linkedin.com/in/vadim-raskin-86b62b35,"""VADIM RASKIN"" site:linkedin.com/in",ddgs
5721025,https://www.linkedin.com/in/lucasthouvenin,"""LUCAS THOUVENIN"" site:linkedin.com/in",ddgs
5721026,https://es.linkedin.com/in/marietaruiz/en,"""MARIA RUIZ"" site:linkedin.com/in",ddgs
5721036,https://ca.linkedin.com/in/douglascoll,"""Douglas Coll"" site:linkedin.com/in",ddgs
5721037,https://www.linkedin.com/in/gene-nadeau-724a06237,"""GENE NADEAU"" site:linkedin.com/in",ddgs
5721042,,ibrahim Kadree  linkedin,
5721046,https://www.linkedin.com/in/april-jones-cfp®-2b1aa314,"""APRIL JONES"" ""FIDELITY BROKERAGE SERVICES LLC"" site:linkedin.com/in",ddgs
5721047,https://www.linkedin.com/in/greenebarbara,"""BARBARA GREENE"" site:linkedin.com/in",ddgs
5721048,https://www.linkedin.com/in/kevin-eidell-crpc®-0160a68,"""KEVIN EIDELL"" ""MML INVESTORS SERVICES, LLC"" site:linkedin.com/in",ddgs
5721051,https://www.linkedin.com/in/lauren-mingle-62ba321b7,"""LAUREN MINGLE"" site:linkedin.com/in",ddgs
5721073,https://www.linkedin.com/in/danieljrushing,"""DANIEL RUSHING"" site:linkedin.com/in",ddgs
5721097,https://www.linkedin.com/in/markholdencfp,"""MARK HOLDEN"" site:linkedin.com/in",ddgs
5721099,https://www.linkedin.com/in/benjaminhelbein,"""BENJAMIN HELBEIN"" site:linkedin.com/in",ddgs
5721140,https://www.linkedin.com/in/kimberly-tompkins-1218b55,"""KIMBERLY TOMPKINS"" site:linkedin.com/in",ddgs
5721151,https://www.linkedin.com/in/noahmarell,"""NOAH MARELL"" site:linkedin.com/in",ddgs
5721158,https://www.linkedin.com/in/jeff-ellmaurer-cfa-cfp®-frm-aams-66359193,Jeffrey Ellmaurer  linkedin,ddgs
5721168,https://www.linkedin.com/in/dustin-cali-cfp®-ea-4850bb17,"""Dustin Cali"" site:linkedin.com/in",ddgs
5721176,https://uk.linkedin.com/in/alex-payne-96264837b,"""Alex Payne"" site:linkedin.com/in",ddgs
5721180,https://www.linkedin.com/in/lindsay-m-gilman,"""Lindsay Gilman"" site:linkedin.com/in",ddgs
5721182,https://www.linkedin.com/in/xie-yuhui,"""YUHUI XIE"" site:linkedin.com/in",ddgs
5721186,https://www.linkedin.com/in/deborah-beck-66396b,"""DEBORAH BECK"" site:linkedin.com/in",ddgs
5721205,https://www.linkedin.com/in/patrick-kerjose-cfa-a3056b2,"""PATRICK KERJOSE"" ""SG AMERICAS SECURITIES, LLC"" site:linkedin.com/in",ddgs
5721208,https://www.linkedin.com/in/dibyendu-de-961258103,"""DIBYENDU DE"" ""PARK AVENUE SECURITIES LLC"" site:linkedin.com/in",ddgs
5721221,https://www.linkedin.com/in/steven-f-moyer,"""STEVEN MOYER"" site:linkedin.com/in",ddgs
5721238,https://www.linkedin.com/in/jasonvuu,"""JASON VUU"" site:linkedin.com/in",ddgs
5721239,https://mx.linkedin.com/in/gonzalezjorgea/en,"""JORGE GONZALEZ"" site:linkedin.com/in",ddgs
5721241,https://www.linkedin.com/in/lynnita-walker-405078a8,"""LYNITA WALKER"" site:linkedin.com/in",ddgs
5721250,https://ca.linkedin.com/in/stephanbisson,"""STEPHAN BISSON"" site:linkedin.com/in",ddgs
5721253,https://www.linkedin.com/in/jamesraper-phd,"""JAMES RAPER"" site:linkedin.com/in",ddgs
5721268,https://www.linkedin.com/in/connie-picardi-26b05a15,"""CONNIE PICARDI"" site:linkedin.com/in",ddgs
5721282,https://www.linkedin.com/in/collin-lindsey-251277102,"""COLLIN LINDSEY"" ""STEWARD PARTNERS INVESTMENT SOLUTIONS, LLC"" site:linkedin.com/in",ddgs
5721293,https://ca.linkedin.com/in/ignaciowong,"""IGNACIO WONG"" site:linkedin.com/in",ddgs
5721311,https://www.linkedin.com/in/nathanmostow,"""NATHAN MOSTOW"" site:linkedin.com/in",ddgs
5721317,https://www.linkedin.com/in/kristen-mclean-84a90b373,"""STEPHEN MCLEAN"" ""ARTISAN PARTNERS DISTRIBUTORS LLC"" site:linkedin.com/in",ddgs
5721340,https://www.linkedin.com/in/stephen-lobb-6451a230,"""STEPHEN LOBB"" site:linkedin.com/in",ddgs
5721345,https://www.linkedin.com/in/peter-north-76b2a36b,"""PETER NORTH"" site:linkedin.com/in",ddgs
5721356,https://www.linkedin.com/in/danny-jassy-2563996,"""DANIEL JASSY"" site:linkedin.com/in",ddgs
5721376,https://www.linkedin.com/in/colleen-parra-7a020ab3,"""COLLEEN PARRA"" site:linkedin.com/in",ddgs
5721411,https://www.linkedin.com/in/hector-leano-24b2432,"""Hector Leano"" site:linkedin.com/in",ddgs
5721412,https://www.linkedin.com/in/marie-jasmine-josue-cfp®-wmcp®-cdfa®-9525333b,"""Marie Josue"" ""J.P. MORGAN SECURITIES LLC"" site:linkedin.com/in",ddgs
5721414,https://www.linkedin.com/in/gustavo-ayala-bb4b53176,"""GUSTAVO AYALA"" site:linkedin.com/in",ddgs
5721418,,"MOUSA OBEIDI WELLS FARGO CLEARING SERVICES, LLC linkedin",
5721423,https://www.linkedin.com/in/cory-davis-cfa-a011891,"""CORY DAVIS"" ""GOLDMAN SACHS & CO. LLC"" site:linkedin.com/in",ddgs
5721424,https://www.linkedin.com/in/nielsen-ryan,"""RYAN NIELSEN"" site:linkedin.com/in",ddgs
5721425,https://www.linkedin.com/in/jeff-hall-2b02893,"""Jerry Hall"" ""J.P. MORGAN SECURITIES LLC"" site:linkedin.com/in",ddgs
5721428,https://www.linkedin.com/in/julie-carr-a020b274,"""JULIE CARR"" site:linkedin.com/in",ddgs
5721429,https://www.linkedin.com/in/t-wilson,"""TIMOTHY WILSON"" site:linkedin.com/in",ddgs
5721443,https://www.linkedin.com/in/daniel-moore-01286151,"""Daniel Moore"" ""DELOITTE CORPORATE FINANCE LLC"" site:linkedin.com/in",ddgs
5721447,https://www.linkedin.com/in/jennifer-chang-271b29185,"""JENNIFER CHANG"" site:linkedin.com/in",ddgs
5721448,https://vn.linkedin.com/in/trung-nguyen-40336224,"""Trung Nguyen"" site:linkedin.com/in",ddgs
5721450,https://www.linkedin.com/in/jessica-kiser-8794a615,"""JESSICA KISER"" site:linkedin.com/in",ddgs
5721457,https://uk.linkedin.com/in/toby-joy-b3ba3258,"""TOBY JOY"" site:linkedin.com/in",ddgs
5721481,https://www.linkedin.com/in/william-brown-iii-276210198,"""William Brown"" ""EDWARD JONES"" site:linkedin.com/in",ddgs
5721496,https://www.linkedin.com/in/lex-fennell-a0a62b28,Lexter Fennell EDWARD JONES linkedin,ddgs
5721502,https://www.linkedin.com/in/ryan-houser-07887555,"""RYAN HOUSER"" site:linkedin.com/in",ddgs
5721514,https://www.linkedin.com/in/jessica-marie-ong,"""JESSICA MA"" ""RBC CAPITAL MARKETS, LLC"" site:linkedin.com/in",ddgs
5721524,https://www.linkedin.com/in/leonard-peffer-b3705bb9,"""LEONARD PEFFER"" site:linkedin.com/in",ddgs
5721528,https://www.linkedin.com/in/jeffrey-garro-56123a139,"""JEFFREY GARRO"" ""STEPHENS"" site:linkedin.com/in",ddgs
5721535,https://www.linkedin.com/in/jonathananthony,"""Jonathan Anthony"" ""PARK MADISON PARTNERS LLC"" site:linkedin.com/in",ddgs
5721537,https://sg.linkedin.com/in/xiying-tang,"""XIYING TANG"" site:linkedin.com/in",ddgs
5721543,https://www.linkedin.com/in/mikelively-quantumai,"""MICHAEL LIVELY"" site:linkedin.com/in",ddgs
5721546,https://www.linkedin.com/in/christopher-tipa-6823672b5,"""Christopher Tipa"" site:linkedin.com/in",ddgs
5721552,https://www.linkedin.com/in/david-matz-5301465,"""David Matz"" ""EDWARD JONES"" site:linkedin.com/in",ddgs
5721556,https://www.linkedin.com/in/veronica-schweitzer-aaa374101,"""VERONICA SCHWEITZER"" site:linkedin.com/in",ddgs
5721570,https://www.linkedin.com/in/rebecca-joyner,"""REBECCA JOYNER"" site:linkedin.com/in",ddgs
5721571,https://www.linkedin.com/in/jenniferquillen,"""Jennifer Potter-Quillen"" site:linkedin.com/in",ddgs
5721575,https://de.linkedin.com/in/christina-rogge,"""CHRYSTAL ROGGE"" site:linkedin.com/in",ddgs
5721594,https://www.linkedin.com/in/micah-valentine-5376b9b8,"""MICAH VALENTINE"" ""LPL FINANCIAL LLC"" site:linkedin.com/in",ddgs
5721597,https://www.linkedin.com/in/troy-sanborn,"""TROY SANBORN"" site:linkedin.com/in",ddgs
5721600,https://www.linkedin.com/in/jackthomasphotography,"""Jack Thomas"" site:linkedin.com/in",ddgs
5721601,https://www.linkedin.com/in/jared-melugin-36579067,"""JARED MELUGIN"" site:linkedin.com/in",ddgs
5721605,https://www.linkedin.com/in/toni-alexander-a0195211,"""TONI ALEXANDER"" site:linkedin.com/in",ddgs
5721606,https://www.linkedin.com/in/monicaduran,"""Monica Duran"" site:linkedin.com/in",ddgs
5721608,https://www.linkedin.com/in/mei-yi-pen,"""MEI YI PEN"" site:linkedin.com/in",ddgs
5721613,https://www.linkedin.com/in/linda-see-867740400,"""LINDA SEE"" site:linkedin.com/in",ddgs
5721619,https://www.linkedin.com/in/derek-busby-74b1b310b,"""Derek Busby"" ""LPL FINANCIAL LLC"" site:linkedin.com/in",ddgs
5721631,https://www.linkedin.com/in/lillianmcfall,"""LILLIAN MCFALL"" site:linkedin.com/in",ddgs
5721633,https://www.linkedin.com/in/shana-scott-26362148,"""SHANA SCOTT"" site:linkedin.com/in",ddgs
5721644,https://www.linkedin.com/in/kenneth-walker-40a79754,"""KENNETH BAKER"" ""PFS INVESTMENTS INC."" site:linkedin.com/in",ddgs
5721645,https://www.linkedin.com/in/williamhart3,"""William Hart"" site:linkedin.com/in",ddgs
5721650,https://www.linkedin.com/in/salim-fidai-64466777,"""Salim Fidai"" site:linkedin.com/in",ddgs
5721657,https://www.linkedin.com/in/jeffrey-mckee-448201a,"""JEFFREY MCKEE"" ""WELLS FARGO CLEARING SERVICES, LLC"" site:linkedin.com/in",ddgs
5721668,https://www.linkedin.com/in/robertfcasey,"""ROBERT CASEY"" site:linkedin.com/in",ddgs
5721669,https://www.linkedin.com/in/margaretacastercpa,"""MARGARET CASTER"" site:linkedin.com/in",ddgs
5721673,https://www.linkedin.com/in/slavadavidoff,"""SLAVA DAVIDOFF"" site:linkedin.com/in",ddgs
5721677,https://www.linkedin.com/in/peter-dreyer,"""PETER DREYER"" site:linkedin.com/in",ddgs
5721691,https://www.linkedin.com/in/troy-vidovic-7146862b,"""TROY VIDOVIC"" site:linkedin.com/in",ddgs
5721702,https://www.linkedin.com/in/soolan-chung-49304720,"""SOO LAN CHUNG"" ""TRANSAMERICA FINANCIAL ADVISORS, LLC"" site:linkedin.com/in",ddgs
5721707,https://www.linkedin.com/in/matthewlmai,"""MATTHEW MAI"" site:linkedin.com/in",ddgs
5721710,https://www.linkedin.com/in/gregory-moody-4820004,"""GREGORY MOODY"" site:linkedin.com/in",ddgs
5721714,https://www.linkedin.com/in/kai-yu-chan-43a66891,"""KAI YU CHAN"" site:linkedin.com/in",ddgs
5721720,https://www.linkedin.com/in/keith-neumann-27bb2525,"""Keith Neumann"" ""EDWARD JONES"" site:linkedin.com/in",ddgs
5721722,https://www.linkedin.com/in/achyutanidadavolu,"""Achyuta Nidadavolu"" ""EDWARD JONES"" site:linkedin.com/in",ddgs
5721729,https://www.linkedin.com/in/jonathanmdpierce,"""JONATHAN PIERCE"" site:linkedin.com/in",ddgs
5721732,https://www.linkedin.com/in/jenweil,"""JENNIFER WEIL"" site:linkedin.com/in",ddgs
5721735,https://www.linkedin.com/in/james-myers-b4665b2,"""James Meyer"" ""RAYMOND JAMES FINANCIAL SERVICES, INC."" site:linkedin.com/in",ddgs
5721736,https://www.linkedin.com/in/jennifer-russell-cfp®-aams™-929451a3,"""Jennifer Russell"" ""EDWARD JONES"" site:linkedin.com/in",ddgs
5721737,https://www.linkedin.com/in/debra-murray-7204031a,"""DEBRA MURRAY"" site:linkedin.com/in",ddgs
5721746,https://www.linkedin.com/in/michaelprutledge,"""MICHAEL RUTLEDGE"" site:linkedin.com/in",ddgs
5721747,https://www.linkedin.com/in/boulospeter,"""PETER BOULOS"" site:linkedin.com/in",ddgs
5721756,https://www.linkedin.com/in/lea-schneider-18b76a10a,"""Lea Schneider"" ""EDWARD JONES"" site:linkedin.com/in",ddgs
5721758,https://www.linkedin.com/in/peter-lynch-1848114,"""PETER LYNCH"" site:linkedin.com/in",ddgs
5721759,https://www.linkedin.com/in/alan-reese-82797234,"""Alan Reese"" ""EDWARD JONES"" site:linkedin.com/in",ddgs
5721761,https://www.linkedin.com/in/matthew-lopardo-6743531a,"""Matthew Lopardo"" site:linkedin.com/in",ddgs
5721762,https://www.linkedin.com/in/rodney-cook-606012ba,"""Rodney Cook"" site:linkedin.com/in",ddgs
5721769,https://www.linkedin.com/in/jamescook801,"""James Cook"" site:linkedin.com/in",ddgs
5721777,https://www.linkedin.com/in/matthew-camp-068494184,"""Matthew Camp"" ""HUNTINGTON SECURITIES, INC."" site:linkedin.com/in",ddgs
5721782,,GABRIEL SHAHIN  linkedin,
5721787,https://www.linkedin.com/in/pasquale-gilardi-3060ba157,"""PASQUALE GILARDI"" site:linkedin.com/in",ddgs
5721788,https://www.linkedin.com/in/hilary-a-gangemi-1b708490,"""HILARY GANGEMI"" site:linkedin.com/in",ddgs
5721795,https://www.linkedin.com/in/donghoon-oh-87508714a,"""Donghoon OH"" site:linkedin.com/in",ddgs
5721796,https://www.linkedin.com/in/andrewcstolz,"""ANDREW STOLZ"" site:linkedin.com/in",ddgs
5721808,https://www.linkedin.com/in/arnold-van-der-dijs-49a17782,"""ARNOLD VAN DER DIJS"" site:linkedin.com/in",ddgs
5721815,,Christina Olenek J.P. MORGAN SECURITIES LLC linkedin,
5721816,https://www.linkedin.com/in/michael-chinni-8596a762,"""MICHAEL CHINNI"" ""NEUBERGER BERMAN BD LLC"" site:linkedin.com/in",ddgs
5721819,https://www.linkedin.com/in/sean-dugan-aams®️-367a282b,"""Sean Dugan"" ""EDWARD JONES"" site:linkedin.com/in",ddgs
5721827,https://www.linkedin.com/in/frederic-petit-4381633,"""FREDERIC PETIT"" site:linkedin.com/in",ddgs
5721847,https://www.linkedin.com/in/nancy-gillespie-716219b,"""Nancy Gillespie"" site:linkedin.com/in",ddgs
5721853,https://ca.linkedin.com/in/lena-dabbas-6547ab283,"""LENA DABBAS"" site:linkedin.com/in",ddgs
5721859,https://www.linkedin.com/in/patrick-grooms-cfa®-cfp®-mba-ba277315,"""PATRICK GROOMS"" site:linkedin.com/in",ddgs
5721867,https://www.linkedin.com/in/jon-hart-7209a946,"""Jon Hart"" ""EDWARD JONES"" site:linkedin.com/in",ddgs
5721870,https://www.linkedin.com/in/brutus-lederl-5a1b987a,"""BRUTUS LEDERL"" site:linkedin.com/in",ddgs
5721871,https://uk.linkedin.com/in/jane-brown-4243a5335,"""JANE BROWN"" site:linkedin.com/in",ddgs
5721872,https://www.linkedin.com/in/johnathan-hines-456ba132b,"""Johnathan Hines"" ""LPL FINANCIAL LLC"" site:linkedin.com/in",ddgs
5721889,https://ch.linkedin.com/in/johannes-brand-7b535a13,"""JOHANNES BRAND"" site:linkedin.com/in",ddgs
5721890,https://www.linkedin.com/in/astepanek,"""ALAN STEPANEK"" site:linkedin.com/in",ddgs
5721912,https://www.linkedin.com/in/ron-henderson-26638588,"""RONALD HENDERSON"" ""ALLSTATE FINANCIAL SERVICES, LLC"" site:linkedin.com/in",ddgs
5721913,https://www.linkedin.com/in/darren-xu-a2455928,"""Darren Xu"" site:linkedin.com/in",ddgs
5721923,https://www.linkedin.com/in/aaron-ifft-cfp®-837b251b4,"""Aaron Ifft"" ""EDWARD JONES"" site:linkedin.com/in",ddgs
5721932,https://mx.linkedin.com/in/ivonne-landero-c-7467a260,"""Ivonne Landero"" site:linkedin.com/in",ddgs
5721964,https://www.linkedin.com/in/bryan-less-2638997,"""BRYAN LESS"" site:linkedin.com/in",ddgs
5721968,,BRANDY VILLWOCK  linkedin,
5721972,https://www.linkedin.com/in/naizony-gonzalez-735ba29a,"""NAIZONY GONZALEZ"" ""J.P. MORGAN SECURITIES LLC"" site:linkedin.com/in",ddgs
5721975,https://www.linkedin.com/in/alex-morley-800b7230,"""Alex Morley"" site:linkedin.com/in",ddgs
5721988,https://www.linkedin.com/in/earaine-smith-1533747b,"""Earaine Smith"" site:linkedin.com/in",ddgs
5722014,https://www.linkedin.com/in/nick-larsen-45467b9,"""NICHOLAS LARSEN"" ""LPL FINANCIAL LLC"" site:linkedin.com/in",ddgs
5722036,https://www.linkedin.com/in/michaeljthornhill,"""MICHAEL THORNHILL"" site:linkedin.com/in",ddgs
5722042,https://www.linkedin.com/in/brianbrogan,"""BRIAN MORGAN"" ""FIDELITY BROKERAGE SERVICES LLC"" site:linkedin.com/in",ddgs
5722049,,CHRISTINE JUDITH NAVALTA  linkedin,
5722051,https://www.linkedin.com/in/kris-yelverton-chfc-03920778,"""KRIS YELVERTON"" site:linkedin.com/in",ddgs
5722062,https://www.linkedin.com/in/jennifer-ricci-msw-licsw-a1b89059,"""JENIFER RICCI -Abeloff"" site:linkedin.com/in",ddgs
5722063,https://www.linkedin.com/in/joseph-perino-073839352,"""Joseph Perino"" site:linkedin.com/in",ddgs
5722068,https://www.linkedin.com/in/tangyuan,"""YUAN TANG"" site:linkedin.com/in",ddgs
5722069,https://www.linkedin.com/in/andreaburzynski,"""ANDREA BURZYNSKI"" site:linkedin.com/in",ddgs
5722073,https://www.linkedin.com/in/richard-rehg-b8b95611b,"""Richard Rehg"" site:linkedin.com/in",ddgs
5722080,https://www.linkedin.com/in/ekaterinagradovich,"""EKATERINA GRADOVICH"" site:linkedin.com/in",ddgs
5722086,https://www.linkedin.com/in/james-shull,"""JAMES SHULL"" ""CETERA FINANCIAL SPECIALISTS LLC"" site:linkedin.com/in",ddgs
5722087,https://sg.linkedin.com/in/jin-yao-062483204,"""JIN YAO"" site:linkedin.com/in",ddgs
5722098,https://www.linkedin.com/in/nancygarcia,"""NANCY GARCIA"" site:linkedin.com/in",ddgs
5722099,https://www.linkedin.com/in/shpetim-tim-topciu-0151b31b,Shpetim Topciu  linkedin,ddgs
5722105,https://www.linkedin.com/in/brian-wallis-0b482720,"""Brian Wallis"" ""EDWARD JONES"" site:linkedin.com/in",ddgs
5722110,https://uk.linkedin.com/in/anderton-davies,"""REBECCA ANDERTON-DAVIES"" site:linkedin.com/in",ddgs
5722113,https://www.linkedin.com/in/emadhasan,"""EMAD HASAN"" site:linkedin.com/in",ddgs
5722114,https://www.linkedin.com/in/jasonruel,"""JASON RUEL"" ""KESTRA INVESTMENT SERVICES, LLC"" site:linkedin.com/in",ddgs
5722118,https://nl.linkedin.com/in/sethcohen101,"""SETH COHEN"" site:linkedin.com/in",ddgs
5722120,https://www.linkedin.com/in/mark-gomes-3434a027,"""MARK GOMES"" site:linkedin.com/in",ddgs
5722124,,Christopher Seastrand  linkedin,
5722125,https://www.linkedin.com/in/juan-paredes-41bb451b,"""Juan Paredes"" site:linkedin.com/in",ddgs
5722140,https://www.linkedin.com/in/jonathan-hierl-6705509,"""JONATHAN HIERL"" site:linkedin.com/in",ddgs
5722144,https://www.linkedin.com/in/margaret-mccoy1,"""MARGARET MCCOY"" site:linkedin.com/in",ddgs
5722152,,MARIA SFORZA-GOODIS  linkedin,
5722154,https://www.linkedin.com/in/nha-hoang-660b62288,"""Nha Hoang"" site:linkedin.com/in",ddgs
5722162,https://www.linkedin.com/in/tnewstead,"""TODD NEWSTEAD"" ""STIFEL, NICOLAUS & COMPANY, INCORPORATED"" site:linkedin.com/in",ddgs
5722169,https://www.linkedin.com/in/davidmarkson,"""David Markson"" site:linkedin.com/in",ddgs
5722172,https://www.linkedin.com/in/aaron-woomer-82553312,"""AARON WOOMER"" site:linkedin.com/in",ddgs
5722195,https://www.linkedin.com/in/joonbaek0,"""JOON BAEK"" ""CETERA INVESTMENT SERVICES LLC"" site:linkedin.com/in",ddgs
5722196,https://www.linkedin.com/in/patricia-parker-b4429534,"""PATRICIA PARKER"" site:linkedin.com/in",ddgs
5722214,https://www.linkedin.com/in/ronald-ophetveld-3aba3717,"""RONALD OPHETVELD"" site:linkedin.com/in",ddgs
5722221,https://www.linkedin.com/in/neal-gordon-b334656,"""NEAL GORDON"" site:linkedin.com/in",ddgs
5722242,https://www.linkedin.com/in/ningguo-yang-shieh-861b25105,"""NINGGUO YANG-SHIEH"" site:linkedin.com/in",ddgs
5722260,https://www.linkedin.com/in/john-riney-0467a065,"""JOLYNN RINEY"" ""THE LEADERS GROUP, INC."" site:linkedin.com/in",ddgs
5722290,https://www.linkedin.com/in/wendy-welbaum-053a1760,"""WENDY WELBAUM"" ""THE HUNTINGTON INVESTMENT COMPANY"" site:linkedin.com/in",ddgs
5722297,https://www.linkedin.com/in/brian-woodrome-87529714,"""BRIAN WOODROME"" site:linkedin.com/in",ddgs
5722298,https://www.linkedin.com/in/mark-beaton-09048418,"""Mark Beaton"" site:linkedin.com/in",ddgs
5722308,https://www.linkedin.com/in/hong-pan-2b54a721,"""HONG PAN"" site:linkedin.com/in",ddgs
5722313,https://www.linkedin.com/in/lindsey-tewell-parker-13b0524,"""LINDSEY TEWELL"" site:linkedin.com/in",ddgs
5722352,https://www.linkedin.com/in/william-evans-cfa-92627238,"""William Evans"" ""LPL FINANCIAL LLC"" site:linkedin.com/in",ddgs
5722355,https://www.linkedin.com/in/kevin-nichols-a805323a6,"""KEVIN NICHOLS"" ""LPL FINANCIAL LLC"" site:linkedin.com/in",ddgs
5722356,https://www.linkedin.com/in/greg-chaskin-4a64a76,"""GREGORY CHASKIN"" ""MORGAN STANLEY"" site:linkedin.com/in",ddgs
5722382,https://www.linkedin.com/in/jessicatcraft,"""Jessica Craft"" site:linkedin.com/in",ddgs
5722395,https://www.linkedin.com/in/kevin-o-hair-b952a121,"""KEVIN O'HAIR"" site:linkedin.com/in",ddgs
5722402,https://www.linkedin.com/in/eadjensen,"""ELYSE JENSEN"" site:linkedin.com/in",ddgs
5722408,https://www.linkedin.com/in/steve-taylor-cmt-cfp®-cima®-7a0aa341,"""STEVEN TAYLOR"" ""MORGAN STANLEY"" site:linkedin.com/in",ddgs
5722415,https://www.linkedin.com/in/patrick-lonergan,"""PATRICK LONERGAN"" site:linkedin.com/in",ddgs
5722417,https://www.linkedin.com/in/terry-krueger-9130a94,"""TERRY KRUEGER"" site:linkedin.com/in",ddgs
5722419,https://www.linkedin.com/in/cathy-venditte-1597ba145,"Catherine Venditte CHARLES SCHWAB & CO., INC. linkedin",ddgs
5722423,https://www.linkedin.com/in/donaldcraighouk,"""Daniel Houk"" ""RAYMOND JAMES FINANCIAL SERVICES, INC."" site:linkedin.com/in",ddgs
5722425,https://www.linkedin.com/in/blaine-wilkes-a4b7097a,"""BLAINE WILKES"" site:linkedin.com/in",ddgs
5722430,https://www.linkedin.com/in/chrisgabbert,"""Christopher Gabbert"" ""EDWARD JONES"" site:linkedin.com/in",ddgs
5722436,https://www.linkedin.com/in/steven-easley-mba-4227405,"""Steven Easley"" site:linkedin.com/in",ddgs
5722442,https://www.linkedin.com/in/bethhollister,"""BETH HOLLISTER"" ""RBC CAPITAL MARKETS, LLC"" site:linkedin.com/in",ddgs
5722445,https://www.linkedin.com/in/mark-woodward-5403525,"""MARK WOODWARD"" site:linkedin.com/in",ddgs
5722446,https://www.linkedin.com/in/robert-villines-8a79493a2,"""ROBERT VILLINES"" site:linkedin.com/in",ddgs
5722456,https://www.linkedin.com/in/tracy-talley-57076774,"""TRACY TALLEY"" site:linkedin.com/in",ddgs
5722462,https://www.linkedin.com/in/phoenix-farrens-8735993a7,"""AMATHA FARRENS"" ""STATE FARM VP MANAGEMENT CORP."" site:linkedin.com/in",ddgs
5722469,https://www.linkedin.com/in/jeremiah-ussery-289b54183,"""Jeremiah Ussery"" ""ALLSTATE FINANCIAL SERVICES, LLC"" site:linkedin.com/in",ddgs
5722475,https://www.linkedin.com/in/nelson-karpeh-9a0823143,"""NELSON KARPEH"" site:linkedin.com/in",ddgs
5722482,https://www.linkedin.com/in/ronald-stahl-84b31230,"""RONALD STAHL"" site:linkedin.com/in",ddgs
5722485,https://www.linkedin.com/in/ramirezadvisors,"""SANDY RAMIREZ"" ""WELLS FARGO CLEARING SERVICES, LLC"" site:linkedin.com/in",ddgs
5722494,https://www.linkedin.com/in/christophermcleod,"""CHRISTOPHER MCLEOD"" site:linkedin.com/in",ddgs
5722523,https://www.linkedin.com/in/amanda-moxley-85747596,"""Amanda Moxley"" site:linkedin.com/in",ddgs
5722547,https://uk.linkedin.com/in/mary-bourne-3619132a,"""MARY BOURNE"" site:linkedin.com/in",ddgs
5722569,https://ca.linkedin.com/in/ying-gao-designer,"""YING GAO"" site:linkedin.com/in",ddgs
5722573,,MASAYA MIZOBUCHI MIZUHO SECURITIES USA LLC linkedin,
5722585,https://www.linkedin.com/in/robert-ramsey-b3229767,"""Ross Ramsey"" ""UBS FINANCIAL SERVICES INC."" site:linkedin.com/in",ddgs
5722598,https://www.linkedin.com/in/mark-wilt-6aa5001b,"""MARK WILT"" site:linkedin.com/in",ddgs
57226,https://www.linkedin.com/in/robertcrites,"""ROBERT CRITES"" site:linkedin.com/in",ddgs
5722611,https://www.linkedin.com/in/jtheefs,"""JEFFREY THEEFS"" site:linkedin.com/in",ddgs
5722615,https://www.linkedin.com/in/johnsonchris,"""Christian Johnson"" ""NORTHWESTERN MUTUAL INVESTMENT SERVICES, LLC"" site:linkedin.com/in",ddgs
5722618,https://www.linkedin.com/in/cherie-ramirez,"""Cherie Ramirez"" site:linkedin.com/in",ddgs
5722619,https://www.linkedin.com/in/michaelfilippi,"""MICHAEL FILIPPI"" site:linkedin.com/in",ddgs
5722651,https://www.linkedin.com/in/anthony-dibisceglie-360307200,"""ANTHONY DIBISCEGLIE"" site:linkedin.com/in",ddgs
5722652,https://www.linkedin.com/in/harvey-strode-2704b827,"""HARVEY STRODE"" site:linkedin.com/in",ddgs
5722653,https://www.linkedin.com/in/hughesliam,"""LIAM HUGHES"" site:linkedin.com/in",ddgs
5722658,https://www.linkedin.com/in/jeremyraby,"""Jeremy Raby"" site:linkedin.com/in",ddgs
5722661,https://www.linkedin.com/in/michelle-piper-716b01132,"""Michelle Piper"" site:linkedin.com/in",ddgs
5722664,https://www.linkedin.com/in/walter-h-mego,"""Walter Mego"" ""RAYMOND JAMES FINANCIAL SERVICES, INC."" site:linkedin.com/in",ddgs
5722665,https://www.linkedin.com/in/josuemromo,"""JOSUE ROMO"" ""LPL FINANCIAL LLC"" site:linkedin.com/in",ddgs
5722669,,JEROME HUNLEY-ELLIS  linkedin,
5722672,https://uk.linkedin.com/in/william-walker,"""William Walker"" site:linkedin.com/in",ddgs
5722676,https://www.linkedin.com/in/brandie-samuels,"""BRANDIE SAMUELS"" site:linkedin.com/in",ddgs
5722700,https://www.linkedin.com/in/donaldcummings,"""Donald Cummings"" site:linkedin.com/in",ddgs
5722710,https://www.linkedin.com/in/daniel-rangel-santos-mts-42668523b,"""DANIEL SANTOS"" ""LPL ENTERPRISE, LLC"" site:linkedin.com/in",ddgs
5722720,https://www.linkedin.com/in/sandra-cohn-5bb08135,"""Sandra Cohn"" site:linkedin.com/in",ddgs
5722737,https://www.linkedin.com/in/matt-kennedy-1770b6bb,"""MATTHEW KENNEDY"" ""SECU BROKERAGE SERVICES"" site:linkedin.com/in",ddgs
5722740,https://www.linkedin.com/in/brian-hope-4791b86,"""BRIAN HOPE"" site:linkedin.com/in",ddgs
5722746,https://ca.linkedin.com/in/mon-albert-magat-2b82a69b,"""Albert Magat"" site:linkedin.com/in",ddgs
5722766,https://www.linkedin.com/in/donald-gill-a56a99162,"""DONALDA GILL"" site:linkedin.com/in",ddgs
5722770,,"THOMAS PIOWARSY CHARLES SCHWAB & CO., INC. linkedin",
5722771,https://www.linkedin.com/in/adrianna-beach-63460a170,"""ADRIANNA BEACH"" ""ASSETMARK BROKERAGE, LLC"" site:linkedin.com/in",ddgs
5722773,https://www.linkedin.com/in/mattpierson,"""MATTHEW PIERSON"" site:linkedin.com/in",ddgs
5722777,https://www.linkedin.com/in/markabenz,"""MARK BENZ"" site:linkedin.com/in",ddgs
5722779,https://www.linkedin.com/in/pshiner,"""PETER SHINER"" site:linkedin.com/in",ddgs
5722787,https://www.linkedin.com/in/david-rosengard-8585962b,"""DAVID ROSENGARD"" ""LPL FINANCIAL LLC"" site:linkedin.com/in",ddgs
5722803,,Chris Duhancioglu  linkedin,
5722834,https://www.linkedin.com/in/thomasmagee,"""THOMAS MAGEE"" site:linkedin.com/in",ddgs
5722835,https://www.linkedin.com/in/stephen-samuel-28321570,"""STEPHEN SAMUEL"" site:linkedin.com/in",ddgs
5722842,https://www.linkedin.com/in/david-hogen-12327b65,"""David Hogen"" ""MML INVESTORS SERVICES, LLC"" site:linkedin.com/in",ddgs
5722855,https://www.linkedin.com/in/todd-ulrich,"""TODD ULRICH"" site:linkedin.com/in",ddgs
5722856,https://www.linkedin.com/in/amystill,"""AMY STILL"" site:linkedin.com/in",ddgs
5722859,https://www.linkedin.com/in/benjamin-bird-b1154351,"""Benjamin Bird"" site:linkedin.com/in",ddgs
5722861,https://www.linkedin.com/in/gregory-degraeve-3119b798,"""GREGORY DEGRAEVE"" site:linkedin.com/in",ddgs
5722862,https://www.linkedin.com/in/jonsereda,Jonathan Sereda J.P. MORGAN SECURITIES LLC linkedin,ddgs
5722894,https://www.linkedin.com/in/jose-paula-44a4369,"""JOSE PAULA"" site:linkedin.com/in",ddgs
5722917,https://www.linkedin.com/in/jeremy-ellisor-6a5751148,"""JEREMY ELLISOR"" site:linkedin.com/in",ddgs
5722932,,PRATYUSHA BOLLAMPALLY  linkedin,
5722936,https://www.linkedin.com/in/kenneth-richardson-05aa432b5,"""KENNETH RICHARDSON"" ""LPL FINANCIAL LLC"" site:linkedin.com/in",ddgs
5722939,https://uk.linkedin.com/in/boris-davis,"""BORIS DAVIS"" site:linkedin.com/in",ddgs
5722950,https://www.linkedin.com/in/bradford-howell-623b0a41,"""BRADFORD HOWELL"" site:linkedin.com/in",ddgs
5722955,https://www.linkedin.com/in/solkhan,"""SACHIN SOLKHAN"" site:linkedin.com/in",ddgs
5722973,https://www.linkedin.com/in/liznam,"""Elizabeth Nam"" site:linkedin.com/in",ddgs
5722974,https://au.linkedin.com/in/ianrathmell,"""IAN RATHMELL"" site:linkedin.com/in",ddgs
5722980,https://www.linkedin.com/in/anthony-firrantello-91441927,"""Anthony Firrantello"" site:linkedin.com/in",ddgs
5722982,https://uk.linkedin.com/in/dennis-thacker-51b126b6,"""Dennis Thacker"" site:linkedin.com/in",ddgs
5722985,https://www.linkedin.com/in/franktrevino,"""FRANK TREVINO"" site:linkedin.com/in",ddgs
5722993,https://www.linkedin.com/in/eric-sams-cpwa®-24532714,"""ERIC SAMS"" site:linkedin.com/in",ddgs
5723011,https://www.linkedin.com/in/michael-anthony-photographer,"""MICHAEL ANTHONY"" site:linkedin.com/in",ddgs
5723013,https://www.linkedin.com/in/marcy-nanus-1654b81,"""MARCY NANUS"" site:linkedin.com/in",ddgs
5723014,https://www.linkedin.com/in/emily-post-0751a724b,"""EMILY POST"" site:linkedin.com/in",ddgs
5723015,https://www.linkedin.com/in/kelly-brach-9780a1304,"""Kelly Brach"" ""NORTHWESTERN MUTUAL INVESTMENT SERVICES, LLC"" site:linkedin.com/in",ddgs
5723025,https://www.linkedin.com/in/georgecpry,"""GEORGE PRY"" site:linkedin.com/in",ddgs
5723029,https://www.linkedin.com/in/christopher-dubos-92204927,"""Christopher DuBos"" site:linkedin.com/in",ddgs
5723035,https://www.linkedin.com/in/kyle-louvar-cfp,"""KYLE LOUVAR"" site:linkedin.com/in",ddgs
5723036,https://www.linkedin.com/in/ali-yousefi-303955138,ALI YOUSEFI ASR  linkedin,ddgs
5723050,https://ca.linkedin.com/in/gigi-ling-chi-cho-a9177a1b8,"""CHI CHO"" site:linkedin.com/in",ddgs
5723054,https://www.linkedin.com/in/stephen-wheatley-518004134,"""STEPHEN WHEETLEY"" ""MORGAN STANLEY"" site:linkedin.com/in",ddgs
5723080,https://www.linkedin.com/in/dianatuminez,"""Diana Tuminez"" site:linkedin.com/in",ddgs
5723082,https://www.linkedin.com/in/nathan-nelson-997415156,"""Nathan Nelson"" ""GOLDMAN SACHS & CO. LLC"" site:linkedin.com/in",ddgs
5723111,https://www.linkedin.com/in/brittany-utterback-7a34b822,"""BRITTANY UTTERBACK"" site:linkedin.com/in",ddgs
5723127,https://www.linkedin.com/in/nadia-egas-73184a3b,"""NADIA EGAS"" site:linkedin.com/in",ddgs
5723165,https://www.linkedin.com/in/gerald-james-7a076a164,"""GERALD JAMES"" site:linkedin.com/in",ddgs
5723178,https://www.linkedin.com/in/brandonmartin2019,"""BRANDON MARTIN"" site:linkedin.com/in",ddgs
5723190,https://www.linkedin.com/in/matt-bartch-cfa-4989129,"""MATTHEW BARTCH"" ""BLACKROCK INVESTMENTS, LLC"" site:linkedin.com/in",ddgs
5723191,https://www.linkedin.com/in/ashley-garrard,"""ASHLEY GARRARD"" site:linkedin.com/in",ddgs
5723199,https://de.linkedin.com/in/ralf-roth-outdoorsport,"""RALF ROTH"" site:linkedin.com/in",ddgs
5723207,https://www.linkedin.com/in/michaelyanez1,"""MICHAEL YANEZ"" ""WELLS FARGO CLEARING SERVICES, LLC"" site:linkedin.com/in",ddgs
5723217,https://www.linkedin.com/in/david-dobro,"""DAVID DOBRO"" site:linkedin.com/in",ddgs
5723218,https://ec.linkedin.com/in/ruth-mary-noboa-villacres-2494784b,"""MARY NOBOA"" site:linkedin.com/in",ddgs
5723229,https://www.linkedin.com/in/peter-kelly-679b764,"""Peter Kelly"" ""J.P. MORGAN SECURITIES LLC"" site:linkedin.com/in",ddgs
5723253,https://www.linkedin.com/in/matthewcech,"""MATTHEW CECH"" site:linkedin.com/in",ddgs
5723261,https://tr.linkedin.com/in/serkan-uygur,"""SERKAN UYGUR"" site:linkedin.com/in",ddgs
5723267,https://www.linkedin.com/in/brian-reid-60348a23,"""BRIAN REID"" ""CAMBRIDGE INVESTMENT RESEARCH, INC."" site:linkedin.com/in",ddgs
5723269,https://www.linkedin.com/in/ryan-wilson-47656632,"""RYAN WILSON"" site:linkedin.com/in",ddgs
5723291,https://www.linkedin.com/in/lauraboedges,"""Laura Boedges"" site:linkedin.com/in",ddgs
5723293,https://www.linkedin.com/in/maria-camaiore-cfp®-chfc®-clu®-71671a16a,"""MARIA CAMAIORE"" ""LPL ENTERPRISE, LLC"" site:linkedin.com/in",ddgs
5723305,https://www.linkedin.com/in/jameseaster,"""JAMES EASTER"" site:linkedin.com/in",ddgs
5723309,https://www.linkedin.com/in/miguel-villegas-103b8935,"""MIGUEL VILLEGAS"" ""ALLSTATE FINANCIAL SERVICES, LLC"" site:linkedin.com/in",ddgs
5723321,https://www.linkedin.com/in/michael-keegan-cfp®-77a64211,"""MICHAEL KEEGAN"" ""MORGAN STANLEY"" site:linkedin.com/in",ddgs
5723333,https://www.linkedin.com/in/jordanalong,"""JORDAN LONG"" site:linkedin.com/in",ddgs
5723334,,JACQUELINE LUGAR STATE FARM VP MANAGEMENT CORP. linkedin,
5723336,https://www.linkedin.com/in/adam-lipski-c-k-p®-cpfa®-a7847525,"""Adam Lipski"" ""MERRILL LYNCH, PIERCE, FENNER & SMITH INCORPORATED"" site:linkedin.com/in",ddgs
5723340,https://www.linkedin.com/in/gerald-dooley-444225b8,"""GERALD DOOLEY"" site:linkedin.com/in",ddgs
5723341,https://www.linkedin.com/in/jarrodd-little-51078849,"""JARRODD LITTLE"" site:linkedin.com/in",ddgs
5723360,https://www.linkedin.com/in/arthur-mcclintic-05599a105,"""ARTHUR MCCLINTIC"" site:linkedin.com/in",ddgs
5723364,https://www.linkedin.com/in/stephen-pozzuoli,"""STEPHEN POZZUOLI"" site:linkedin.com/in",ddgs
5723366,https://www.linkedin.com/in/jeffreyalewis,"""JEFFREY LEWIS"" site:linkedin.com/in",ddgs
5723370,https://www.linkedin.com/in/craig-frederick-a3203925b,"""CRAIG FREDERIC"" ""RAYMOND JAMES & ASSOCIATES, INC."" site:linkedin.com/in",ddgs
5723409,https://www.linkedin.com/in/yanin-cabrera-040a7594,"""YANIN CABRERA"" site:linkedin.com/in",ddgs
5723412,https://www.linkedin.com/in/scottdhodges,"""SCOTT HODGES"" site:linkedin.com/in",ddgs
5723413,https://www.linkedin.com/in/ricelindsay,"""LINDSAY RICE"" site:linkedin.com/in",ddgs
5723415,https://www.linkedin.com/in/stephenbdavis,"""Stephen Davis"" site:linkedin.com/in",ddgs
5723437,https://www.linkedin.com/in/barryejones,"""BARRY JONES"" site:linkedin.com/in",ddgs
5723440,https://www.linkedin.com/in/robert-grigg-3117a3246,"""ROBERT GRIGG"" ""LPL FINANCIAL LLC"" site:linkedin.com/in",ddgs
5723449,https://www.linkedin.com/in/paulwangedu,"""PAUL WANG"" site:linkedin.com/in",ddgs
5723452,https://www.linkedin.com/in/rcfuhrmann,"""RYAN FUHRMANN"" site:linkedin.com/in",ddgs
5723453,https://www.linkedin.com/in/tim-moffet-b6066b32,"""Timothy Moffet"" site:linkedin.com/in",ddgs
5723463,https://www.linkedin.com/in/chrisjackson0,"""CHRISTOPHER JACKSON"" ""ALLSPRING FUNDS DISTRIBUTOR, LLC"" site:linkedin.com/in",ddgs
57235,https://www.linkedin.com/in/richard-crittenden-14903a8b,"""RICHARD CRITTENDEN"" site:linkedin.com/in",ddgs
5723514,https://www.linkedin.com/in/samuel-nelson-a156a21a9,"""Samuel Nelson"" site:linkedin.com/in",ddgs
5723536,https://www.linkedin.com/in/lindsey-thompson,"""LINDSEY THOMPSON"" site:linkedin.com/in",ddgs
5723541,https://www.linkedin.com/in/jeffrey-hayes-80287b10,"""JEFFREY HAYES"" site:linkedin.com/in",ddgs
5723549,https://uk.linkedin.com/in/james-cullen-02322854,"""Joseph Cullen"" ""J.P. MORGAN SECURITIES LLC"" site:linkedin.com/in",ddgs
5723565,https://www.linkedin.com/in/rosa-castro-aguilar-71516610b,"""ROSA CASTRO AGUILAR"" site:linkedin.com/in",ddgs
5723594,https://www.linkedin.com/in/william-casey-21b69a18,"""WILLIAM CASEY"" site:linkedin.com/in",ddgs
5723599,https://www.linkedin.com/in/kevin-sierra-,"""Kevin Sierra"" site:linkedin.com/in",ddgs
5723628,https://gr.linkedin.com/in/stefanos-vitoratos-b24902142,"""STEPHANOS VITORATOS"" site:linkedin.com/in",ddgs
5723632,https://www.linkedin.com/in/thomas-o-connor1,"""THOMAS O'CONNOR"" ""LPL FINANCIAL LLC"" site:linkedin.com/in",ddgs
5723650,https://www.linkedin.com/in/josephmattei,"""JOSEPH MATTEI"" site:linkedin.com/in",ddgs
5723660,https://www.linkedin.com/in/brittany-gross,"""BRITTANY GROSS"" site:linkedin.com/in",ddgs
5723667,https://www.linkedin.com/in/jerrychiang1,"""JERRY CHIANG"" site:linkedin.com/in",ddgs
5723676,https://www.linkedin.com/in/chbright,"""CHRISTOPHER BRIGHT"" ""LPL FINANCIAL LLC"" site:linkedin.com/in",ddgs
5723694,https://www.linkedin.com/in/julie-bair-31178448,"""JULIE BAIR"" site:linkedin.com/in",ddgs
5723700,https://www.linkedin.com/in/ferreira-fernando,"""FERNANDO FERREIRA"" site:linkedin.com/in",ddgs
5723707,https://www.linkedin.com/in/seth-loveless-27866096,"""SETH LAWLESS"" ""RAYMOND JAMES & ASSOCIATES, INC."" site:linkedin.com/in",ddgs
5723708,https://de.linkedin.com/in/thomasdusch,"""THOMAS DUSCH"" site:linkedin.com/in",ddgs
5723729,https://www.linkedin.com/in/davidgunnkhang,"""DAVID KHANG"" ""WELLS FARGO CLEARING SERVICES, LLC"" site:linkedin.com/in",ddgs
5723734,https://www.linkedin.com/in/wyatt-flores-43809b143,"""WYATT FLORES"" site:linkedin.com/in",ddgs
5723756,https://www.linkedin.com/in/sung-shin-5a52a45,"""SUNGMIN SHIN"" ""KIPPSDESANTO & COMPANY"" site:linkedin.com/in",ddgs
5723763,https://www.linkedin.com/in/hitesh-harnal-5a91844,"""Hitesh Harnal"" site:linkedin.com/in",ddgs
5723786,https://www.linkedin.com/in/samkenary,"""SAMUEL KENARY"" ""MORGAN STANLEY"" site:linkedin.com/in",ddgs
5723788,https://www.linkedin.com/in/daren-taylor-a4761a117,"""DAREN TAYLOR"" site:linkedin.com/in",ddgs
5723789,https://www.linkedin.com/in/timothy-bruss-9493441b9,"""TIMOTHY BRUSS"" site:linkedin.com/in",ddgs
5723796,https://www.linkedin.com/in/bethanie-deluca-61140b16b,"""BETHANIE DELUCA"" site:linkedin.com/in",ddgs
5723815,https://www.linkedin.com/in/robert-caban-3382704b,"""ROBERT CABAN"" site:linkedin.com/in",ddgs
5723834,https://in.linkedin.com/in/hitesh-parikh-467b50104,"""HITESHKUMAR PARIKH"" ""LPL ENTERPRISE, LLC"" site:linkedin.com/in",ddgs
5723853,https://www.linkedin.com/in/jennifer-eastbourne-a5b720132,"""JENNIFER EASTBOURNE"" ""OSAIC INSTITUTIONS, INC."" site:linkedin.com/in",ddgs
5723861,https://www.linkedin.com/in/emil-ben-david-cfp®-49595783,"""EMIL BEN-DAVID"" site:linkedin.com/in",ddgs
5723863,https://www.linkedin.com/in/kenneth-sendelweck-6a17634b,"""KENNETH SENDELWECK"" site:linkedin.com/in",ddgs
5723866,https://www.linkedin.com/in/alec-jarvis,"""STEVEN JARVIS"" ""VALIC FINANCIAL ADVISORS, INC."" site:linkedin.com/in",ddgs
5723867,https://www.linkedin.com/in/danielle-gomez-62824267,"""Danielle Gomez"" site:linkedin.com/in",ddgs
5723873,https://www.linkedin.com/in/taylor-williams-martin-993a3051,"""Taylor Williams-Martin"" site:linkedin.com/in",ddgs
5723900,https://www.linkedin.com/in/juanitadudhnath,"""JUANITA DUDHNATH"" ""CETERA INVESTMENT SERVICES LLC"" site:linkedin.com/in",ddgs
5723906,https://www.linkedin.com/in/zachary-hobby-1573b124b,"""ZACHARY HOBBY"" site:linkedin.com/in",ddgs
5723909,https://www.linkedin.com/in/ashanti-wade-14681042,"""ASHANTI WADE"" site:linkedin.com/in",ddgs
5723912,https://www.linkedin.com/in/daniil-kalyuzhny-3233461a,"Daniil Kalyuzhny BTIG, LLC linkedin",ddgs
5723921,https://ca.linkedin.com/in/kaitlin-burnett-cfa-ba910856,"""KAITLIN BURNETT"" ""TD SECURITIES (USA) LLC"" site:linkedin.com/in",ddgs
5723924,,Raymond Kahmeyer LPL FINANCIAL LLC linkedin,
5723936,https://www.linkedin.com/in/aaronrosen,"""AARON ROSEN"" site:linkedin.com/in",ddgs
5723948,https://www.linkedin.com/in/daniel-elghazi-cfa-28208616,"""DANIEL ELGHAZI"" site:linkedin.com/in",ddgs
5723964,,PHILIP TILP  linkedin,
5723968,https://www.linkedin.com/in/jessica-woods-b66b3826,"""JESSICA WOODS"" ""LINCOLN FINANCIAL DISTRIBUTORS, INC."" site:linkedin.com/in",ddgs
5723972,https://www.linkedin.com/in/nicholas-nieh,"""Nicholas Nieh"" site:linkedin.com/in",ddgs
5723980,https://www.linkedin.com/in/homero-bravo-7b3463103,"""HOMERO BRAVO"" site:linkedin.com/in",ddgs
5723991,https://www.linkedin.com/in/peter-rahmer-9007a55,"""PETER RAHMER"" site:linkedin.com/in",ddgs
5724010,https://www.linkedin.com/in/patrick-monahan-a65a444,"""PATRICK MONAHAN"" site:linkedin.com/in",ddgs
5724022,https://www.linkedin.com/in/sabrina-mcgurr-bfa™-55337220,"""SABRINA MCGURR"" site:linkedin.com/in",ddgs
5724031,https://www.linkedin.com/in/kyle-rehm-49691131b,"""KYLE REHM"" site:linkedin.com/in",ddgs
5724033,https://www.linkedin.com/in/mark-burdick-1ab2b52,"""BRANDT BURDICK"" ""PNC CAPITAL MARKETS LLC"" site:linkedin.com/in",ddgs
5724034,https://www.linkedin.com/in/nelgomez,"""NELSON GOMEZ"" site:linkedin.com/in",ddgs
5724043,https://ie.linkedin.com/in/catherine-moriarty,"""CATHERINE MORIARTY"" site:linkedin.com/in",ddgs
5724052,https://ca.linkedin.com/in/grant-hofer-30608018,"""Grant Hofer"" site:linkedin.com/in",ddgs
5724068,https://www.linkedin.com/in/randolph-browne-ab650514,"""RANDOLPH BROWNE"" site:linkedin.com/in",ddgs
5724089,https://uk.linkedin.com/in/ian-payne-78373843,"""IAN PAYNE"" site:linkedin.com/in",ddgs
5724111,https://www.linkedin.com/in/joannarich87,"""Joanna Rich"" site:linkedin.com/in",ddgs
5724115,https://www.linkedin.com/in/mary-layne-2594085b,"""Mary Layne"" site:linkedin.com/in",ddgs
5724124,https://www.linkedin.com/in/michael-b-lynch,"""MICHAEL LYNCH"" site:linkedin.com/in",ddgs
5724144,https://www.linkedin.com/in/farraalford,"""FARRA ALFORD"" ""MORGAN STANLEY"" site:linkedin.com/in",ddgs
5724149,https://www.linkedin.com/in/ramez-raheb-199192a6,"""Ramez Raheb"" site:linkedin.com/in",ddgs
5724152,https://www.linkedin.com/in/lauro-gonzalez-moreno-163ab27,"""Lauro Gonzalez"" site:linkedin.com/in",ddgs
5724154,https://www.linkedin.com/in/shawn-baker-627244a8,"""Shawn Baker"" ""LPL FINANCIAL LLC"" site:linkedin.com/in",ddgs
5724160,https://www.linkedin.com/in/alex-vilfordi,"""ALEX VILFORDI"" ""AMERIPRISE FINANCIAL SERVICES, LLC"" site:linkedin.com/in",ddgs
5724162,https://www.linkedin.com/in/christopher-wilson-ab1a5a204,"""Christopher Wilson"" ""J.P. MORGAN SECURITIES LLC"" site:linkedin.com/in",ddgs
5724163,https://www.linkedin.com/in/monicahinkler,"""MONICA SIPES"" site:linkedin.com/in",ddgs
5724166,https://www.linkedin.com/in/cameron-perry-7a934498,"""CAMERON PERRY"" site:linkedin.com/in",ddgs
5724174,https://uk.linkedin.com/in/sarah-keyzers-751617238,"""SARAH KEYZERS"" site:linkedin.com/in",ddgs
5724175,https://www.linkedin.com/in/haley-parker-2b7a58b,"""CHARLES HALEY"" ""PARK AVENUE SECURITIES LLC"" site:linkedin.com/in",ddgs
5724183,https://www.linkedin.com/in/allen-bahe-29b7278,"""ALLEN BAHE"" site:linkedin.com/in",ddgs
5724196,https://www.linkedin.com/in/chadgivens,"""CHADWICK GIVENS"" ""NUVEEN SECURITIES, LLC"" site:linkedin.com/in",ddgs
5724206,https://www.linkedin.com/in/conndavis,"""CONN DAVIS"" site:linkedin.com/in",ddgs
5724211,https://www.linkedin.com/in/julieisaac,"""JULIE Isaac"" site:linkedin.com/in",ddgs
5724214,https://www.linkedin.com/in/grace-kovatch-b2299a13,"""GRACE KOVATCH"" site:linkedin.com/in",ddgs
5724226,,KODY SEIBOLD LPL FINANCIAL LLC linkedin,
5724261,https://www.linkedin.com/in/john-saenz-916354,"""JOHN SAENZ"" site:linkedin.com/in",ddgs
5724274,https://www.linkedin.com/in/leigh-edwards-cpa-28683852,"""LEIGH EDWARDS"" site:linkedin.com/in",ddgs
5724280,https://www.linkedin.com/in/payneb,"""BRYAN PAYNE"" site:linkedin.com/in",ddgs
5724281,https://www.linkedin.com/in/andrew-storm-cfa-7709b1a,"""ANDREW STORM"" site:linkedin.com/in",ddgs
5724300,https://www.linkedin.com/in/winnie-lee-384476b,"""WINNIE LEE"" site:linkedin.com/in",ddgs
5724318,https://www.linkedin.com/in/greerjason,"""JASON GREER"" ""DUNHAM"" site:linkedin.com/in",ddgs
5724325,https://www.linkedin.com/in/chenss,"""SAMUEL CHEN"" site:linkedin.com/in",ddgs
5724332,https://www.linkedin.com/in/lorraine-bayne-4771b68,"""LORRAINE BAYNE"" site:linkedin.com/in",ddgs
5724339,https://www.linkedin.com/in/corina-birta-3bba5217,"""CORINA BIRTA"" site:linkedin.com/in",ddgs
5724341,https://www.linkedin.com/in/jordan-hoit-11b729385,"""JORDAN HOIT"" site:linkedin.com/in",ddgs
5724349,https://www.linkedin.com/in/lisa-freestone-74794113,"""LISA FREE"" ""LPL FINANCIAL LLC"" site:linkedin.com/in",ddgs
5724353,https://www.linkedin.com/in/destineycain,"""DESTINEY CAIN"" site:linkedin.com/in",ddgs
5724356,https://www.linkedin.com/in/kamal-ghag-097006192,"""HASAN KAMAL"" ""FIDELITY BROKERAGE SERVICES LLC"" site:linkedin.com/in",ddgs
5724360,https://www.linkedin.com/in/jake-anderson-87aa5599,"""JAKE ANDERSON"" site:linkedin.com/in",ddgs
5724415,https://fr.linkedin.com/in/christopher-polsinelli-50aa1182,"""Christopher Polsinelli"" site:linkedin.com/in",ddgs
5724422,https://www.linkedin.com/in/willy-dicen-417a451bb,"""BROOKLYNN WILLY"" site:linkedin.com/in",ddgs
5724437,https://www.linkedin.com/in/matthew-cabral-a779ab82,"""Matthew Cabral"" site:linkedin.com/in",ddgs
5724496,https://www.linkedin.com/in/patrick-furner,"""PATRICK FURNER"" site:linkedin.com/in",ddgs
5724524,https://www.linkedin.com/in/zacharyacarr,"""ZACHARY CARR"" site:linkedin.com/in",ddgs
5724531,https://www.linkedin.com/in/williamparkey,"""WILLIAM PARKEY"" site:linkedin.com/in",ddgs
5724566,https://www.linkedin.com/in/justinlien,"""JUSTIN LIEN"" site:linkedin.com/in",ddgs
5724574,https://www.linkedin.com/in/adamgulledge,"""ADAM GULLEDGE"" site:linkedin.com/in",ddgs
5724575,,Elaheh Bitaraf  linkedin,
5724576,https://www.linkedin.com/in/brian-lukehart-cfa-a53452a,"""Brian Lukehart"" site:linkedin.com/in",ddgs
5724583,https://www.linkedin.com/in/svetlintintchev,SVETLIN TINTCHEV  linkedin,ddgs
5724590,https://www.linkedin.com/in/msjohnniewalker,"""JOHNNIE WALKER"" site:linkedin.com/in",ddgs
5724604,,"FLORENCE GORGA EMPOWER FINANCIAL SERVICES, INC. linkedin",
5724611,,"Joseph Corah BOFA SECURITIES, INC. linkedin",
5724612,https://www.linkedin.com/in/longsheng-ye-1aba0582,"""LONGSHENG YE"" site:linkedin.com/in",ddgs
5724626,https://www.linkedin.com/in/jaime-mariano-aa16976,"""JAIME MARIANO"" site:linkedin.com/in",ddgs
5724637,https://www.linkedin.com/in/brian-corum-27765a3,"""Brian Corum"" site:linkedin.com/in",ddgs
5724641,https://www.linkedin.com/in/jwtuttle,"""Jamie Tuttle"" ""LINCOLN FINANCIAL DISTRIBUTORS, INC."" site:linkedin.com/in",ddgs
5724644,https://www.linkedin.com/in/neil-westerduin-1944b87,"""Neil Westerduin"" site:linkedin.com/in",ddgs
5724663,,CHI-SHENG HOU  linkedin,
5724683,https://www.linkedin.com/in/kristian-sedeño-cpa-2923785,"""KRISTIAN SEDENO"" site:linkedin.com/in",ddgs
5724687,https://www.linkedin.com/in/william-stillman-7b501578,"""WILLIAM STILLMAN"" ""LPL FINANCIAL LLC"" site:linkedin.com/in",ddgs
5724711,https://www.linkedin.com/in/tiffburgesshci,"""TIFFANY BURGESS"" site:linkedin.com/in",ddgs
5724716,https://www.linkedin.com/in/corygoldman,"""CORY GOLDMAN"" ""EQUITABLE ADVISORS, LLC"" site:linkedin.com/in",ddgs
5724731,https://www.linkedin.com/in/rachelmetallo,"""RACHEL METALLO"" site:linkedin.com/in",ddgs
5724733,https://www.linkedin.com/in/alvaro-gonzalez-angel,"""Alvaro Gonzalez"" site:linkedin.com/in",ddgs
5724770,https://www.linkedin.com/in/wenxin-yu-9557441,"""WENXIN YU"" ""MORGAN STANLEY"" site:linkedin.com/in",ddgs
5724786,https://www.linkedin.com/in/dan-sugameli-cima,DANIEL SUGAMELI  linkedin,ddgs
5724790,https://www.linkedin.com/in/racheljhaas,"""RACHEL HAAS"" site:linkedin.com/in",ddgs
5724794,https://www.linkedin.com/in/stephanielfoster,"""STEPHANIE FOSTER"" site:linkedin.com/in",ddgs
5724797,https://www.linkedin.com/in/olga-bitel-2226a75,"""OLGA BITEL"" ""WILLIAM BLAIR"" site:linkedin.com/in",ddgs
5724799,https://www.linkedin.com/in/andrew-pierce-92861142,"""ANDREW PIERCE"" ""KEY INVESTMENT SERVICES LLC"" site:linkedin.com/in",ddgs
5724811,https://www.linkedin.com/in/thomas-getty-3564328,"""THOMAS GETTY"" site:linkedin.com/in",ddgs
5724815,https://www.linkedin.com/in/margaret-cooke-09850aa7,"""Margaret Cooke"" site:linkedin.com/in",ddgs
5724821,https://www.linkedin.com/in/anna-jeter-b666606,"""ANNA JETER"" site:linkedin.com/in",ddgs
5724822,https://www.linkedin.com/in/brittneyadler,"""BRITTNEY ADLER"" site:linkedin.com/in",ddgs
5724827,https://www.linkedin.com/in/clay-scholes,"""CLAY SCHOLES"" site:linkedin.com/in",ddgs
5724840,,MERY FRANCO CIFUENTES J.P. MORGAN SECURITIES LLC linkedin,
5724847,https://www.linkedin.com/in/gina-franco-calderon-07ab1052,"""Gina Franco-Calderon"" site:linkedin.com/in",ddgs
5724850,https://www.linkedin.com/in/amandacedrone,"""Amanda Cedrone"" ""EDWARD JONES"" site:linkedin.com/in",ddgs
5724856,https://www.linkedin.com/in/julie-jones-6ab494233,"""Julie Jones"" ""EDWARD JONES"" site:linkedin.com/in",ddgs
5724858,https://www.linkedin.com/in/ktaylor-mcse,"""Kevin Taylor"" site:linkedin.com/in",ddgs
5724859,https://www.linkedin.com/in/justin-montaquila-1606a861,"""Justin Montaquila"" site:linkedin.com/in",ddgs
5724866,https://www.linkedin.com/in/deborah-baron-03155165,"""DEBORAH BARON"" ""J.P. MORGAN SECURITIES LLC"" site:linkedin.com/in",ddgs
5724873,https://www.linkedin.com/in/gabriel-gomez-395070256,"""Gabriel Gomez"" site:linkedin.com/in",ddgs
5724884,https://www.linkedin.com/in/sarah-daya-00367a6,"""Sarah Daya"" site:linkedin.com/in",ddgs
5724887,https://www.linkedin.com/in/daniel-sinnen-b0453123,"""DANIEL SINNEN"" site:linkedin.com/in",ddgs
57249,https://www.linkedin.com/in/rob-croake-4494aab,ROBERT CROAKE  linkedin,ddgs
5724913,https://www.linkedin.com/in/greglinzey,"""GREGORY LINZEY"" site:linkedin.com/in",ddgs
5724926,,Rashidah Bonds LPL FINANCIAL LLC linkedin,
5724927,https://www.linkedin.com/in/randall-becker-9a464014,"""RANDALL BECKER"" ""LPL ENTERPRISE, LLC"" site:linkedin.com/in",ddgs
5724933,https://www.linkedin.com/in/david-m-jones-cfp®-7330432b,"""DAVID O'SUILLEABHAIN"" ""RAYMOND JAMES & ASSOCIATES, INC."" site:linkedin.com/in",ddgs
5724934,https://www.linkedin.com/in/aaronkirchoff,"""AARON KIRCHOFF"" site:linkedin.com/in",ddgs
5724946,https://www.linkedin.com/in/angela-vicario-a530a173,"""ANGELA VICARIO"" site:linkedin.com/in",ddgs
5724949,https://www.linkedin.com/in/kerri-rettig,"""KERRI RETTIG"" site:linkedin.com/in",ddgs
5724955,https://www.linkedin.com/in/benjamin-polidore-0352ba2,"""BENJAMIN POLIDORE"" site:linkedin.com/in",ddgs
5724963,https://www.linkedin.com/in/fielding-graham,"""FIELDING GRAHAM"" site:linkedin.com/in",ddgs
5724970,https://www.linkedin.com/in/neilshroff,"""NEIL SHROFF"" ""SHORELINEAMBROSE ADVISORS, LLC"" site:linkedin.com/in",ddgs
5724977,https://www.linkedin.com/in/luis-velez-041742137,"""Luis Velez"" site:linkedin.com/in",ddgs
5724980,https://ca.linkedin.com/in/opopovych,"""OLEKSANDR POPOVYCH"" site:linkedin.com/in",ddgs
5724997,https://ca.linkedin.com/in/ken-latvanen-8a499816,"KENNETH LATVANEN RBC CAPITAL MARKETS, LLC linkedin",ddgs
5725000,https://www.linkedin.com/in/anna-fogle-10246725,"""ANNA FOGLE"" site:linkedin.com/in",ddgs
5725002,https://www.linkedin.com/in/ali-sina-85514a1a5,"""ALI SINA"" site:linkedin.com/in",ddgs
5725017,https://www.linkedin.com/in/julie-honig-62992699,"""JULIE HONIG"" site:linkedin.com/in",ddgs
5725023,https://www.linkedin.com/in/matthew-bray-it,"""MATTHEW BRAY"" site:linkedin.com/in",ddgs
5725032,https://www.linkedin.com/in/jasmine-grajeda-868913335,"""Jasmine Grajeda"" site:linkedin.com/in",ddgs
5725035,https://uk.linkedin.com/in/lindsey-basso-a259a3295,"""Lindsey Basso"" site:linkedin.com/in",ddgs
5725041,https://www.linkedin.com/in/michelleschoi,"""MICHELLE CHOI"" site:linkedin.com/in",ddgs
5725047,https://www.linkedin.com/in/brendatobar,"""BRENDA TOBAR"" site:linkedin.com/in",ddgs
5725048,https://www.linkedin.com/in/kenny-leung-8aa06b2,"""KENNY LEUNG"" site:linkedin.com/in",ddgs
5725052,https://www.linkedin.com/in/felicia-chang-708ab3169,"""FELICIA CHANG"" ""UBS FINANCIAL SERVICES INC."" site:linkedin.com/in",ddgs
5725070,,BRIAN BACAL CANACCORD GENUITY LLC linkedin,
5725089,https://www.linkedin.com/in/kewen-xie-51a19617,"""KEWEN XIE"" site:linkedin.com/in",ddgs
5725096,https://uk.linkedin.com/in/teodora-spasova-99a6b04,"""TEODORA SPASOVA"" site:linkedin.com/in",ddgs
5725100,https://np.linkedin.com/in/salem-timothy-a9028a1b0,"""TIMOTHY SALEM"" site:linkedin.com/in",ddgs
5725107,https://www.linkedin.com/in/megan-dorn-902200158,"""MEGAN DORN"" site:linkedin.com/in",ddgs
5725110,https://www.linkedin.com/in/william-malak-aba37113,"""William Malak"" site:linkedin.com/in",ddgs
5725131,,HOI LAM SHUM  linkedin,
5725138,https://www.linkedin.com/in/thomas-dunn-9504a173,"""THOMAS DUNN"" ""GLOBAL ATLANTIC DISTRIBUTORS, LLC"" site:linkedin.com/in",ddgs
5725151,https://www.linkedin.com/in/lillian-claxton-a8214025,"""Lillian Clayton"" ""J.P. MORGAN SECURITIES LLC"" site:linkedin.com/in",ddgs
5725161,https://www.linkedin.com/in/billytgriggs,"""BILLY GRIGGS"" site:linkedin.com/in",ddgs
5725175,https://se.linkedin.com/in/ola-nilsson-3a626a1,"""OLA NILSSON"" site:linkedin.com/in",ddgs
5725180,https://www.linkedin.com/in/withgloriazhu,"""Gloria Zhu"" site:linkedin.com/in",ddgs
5725183,,GLIGOR TASHKOVICH WEILD & CO. linkedin,
5725245,https://www.linkedin.com/in/chelsea-birdwell-fogle-3b6b9b294,"""REDRICK FOGLE"" ""FIDELITY BROKERAGE SERVICES LLC"" site:linkedin.com/in",ddgs
5725248,https://www.linkedin.com/in/kyle-richards-26b52170,"""KYLE RICHARDS"" ""D.A. DAVIDSON & CO."" site:linkedin.com/in",ddgs
5725249,https://www.linkedin.com/in/eric-veve-5160b71b4,"""ERIC VEVE"" site:linkedin.com/in",ddgs
5725250,https://www.linkedin.com/in/dennisyamasaki,"""DENNIS YAMASAKI"" site:linkedin.com/in",ddgs
5725264,https://www.linkedin.com/in/christopher-welsh-esq,"""CHRISTOPHER WELSH"" site:linkedin.com/in",ddgs
5725266,https://www.linkedin.com/in/matthewunderwood,"""Matthew Underwood"" ""LPL FINANCIAL LLC"" site:linkedin.com/in",ddgs
5725269,https://www.linkedin.com/in/matthewgromek,"""MATTHEW GROMEK"" site:linkedin.com/in",ddgs
5725290,https://www.linkedin.com/in/perlita-gudilano-6983404,"""PERLITA GUDILANO"" ""MORGAN STANLEY"" site:linkedin.com/in",ddgs
5725293,https://www.linkedin.com/in/ted-tredennick-50a49b18,EDWARD TREDENNICK  linkedin,ddgs
5725295,https://uk.linkedin.com/in/marekmery,"""Marek Mery"" site:linkedin.com/in",ddgs
5725311,https://uk.linkedin.com/in/sytaylor,"""SIMON TAYLOR"" site:linkedin.com/in",ddgs
5725314,https://www.linkedin.com/in/bill-capshaw-9a70b816b,"""WILLIAM CAPSHAW"" ""DAVENPORT & COMPANY LLC"" site:linkedin.com/in",ddgs
5725315,https://www.linkedin.com/in/camlee,"""CAMERON LEE"" site:linkedin.com/in",ddgs
5725333,https://www.linkedin.com/in/tomformhals,THOMAS FORMHALS  linkedin,ddgs
5725335,https://www.linkedin.com/in/elieengler,"""ELIE ENGLER"" ""PARK AVENUE SECURITIES LLC"" site:linkedin.com/in",ddgs
5725344,https://www.linkedin.com/in/michael-kelley-110836a7,"""Michael Kelley"" site:linkedin.com/in",ddgs
5725347,https://www.linkedin.com/in/chrisfilibeck,"""Chris Filibeck"" site:linkedin.com/in",ddgs
5725351,https://uk.linkedin.com/in/andrew-munro-0876a53,"""Andrew Munro"" ""CITADEL SECURITIES LLC"" site:linkedin.com/in",ddgs
5725352,https://www.linkedin.com/in/naoko-fukushima,"""NAOKO FUKUSHIMA"" site:linkedin.com/in",ddgs
5725384,https://uk.linkedin.com/in/edward-paton-398841131,"""EDWARD PATON"" site:linkedin.com/in",ddgs
5725385,https://www.linkedin.com/in/dan-riegner-7605a010,"""DANIEL RIEGNER"" ""EQUITY SERVICES, INC."" site:linkedin.com/in",ddgs
5725388,https://www.linkedin.com/in/kelly-wiley-695a4959,"""Kelly Wiley"" site:linkedin.com/in",ddgs
5725397,https://www.linkedin.com/in/qiwei-huang-07630815,"""QIWEI HUANG"" site:linkedin.com/in",ddgs
5725416,https://www.linkedin.com/in/nicholas-wojdag-75a241408,"""JASON WOJDAG"" ""ASCENSUS BROKER DEALER SERVICES, LLC"" site:linkedin.com/in",ddgs
5725433,,ANDREW DI GUGLIELMO FIDELITY BROKERAGE SERVICES LLC linkedin,
5725437,https://www.linkedin.com/in/michaellewismd,"""MICHAEL LEWIS"" site:linkedin.com/in",ddgs
5725444,https://www.linkedin.com/in/jason-surya-bba184b0,"""JASON SURYA"" site:linkedin.com/in",ddgs
5725450,https://nl.linkedin.com/in/alfredasante,"""ALFRED ASANTE"" site:linkedin.com/in",ddgs
5725451,https://www.linkedin.com/in/ianwelham,"""IAN WELHAM"" site:linkedin.com/in",ddgs
5725467,https://www.linkedin.com/in/christine-morey-61b6b282,"""Christine Morey"" ""AMERIPRISE FINANCIAL SERVICES, LLC"" site:linkedin.com/in",ddgs
5725471,https://www.linkedin.com/in/georg-machinist-18671b18,"""Georg Machinist"" ""CP INVESTMENTS, LLC"" site:linkedin.com/in",ddgs
5725475,https://www.linkedin.com/in/katherine-foote-newman-fscp®-cltc®-069687171,"""KATHERINE NEWMAN"" ""NYLIFE SECURITIES LLC"" site:linkedin.com/in",ddgs
5725482,https://www.linkedin.com/in/jack-cahill-51a92a214,"""JOHN CAHILL"" ""LPL FINANCIAL LLC"" site:linkedin.com/in",ddgs
5725485,https://www.linkedin.com/in/amandabgunter,"""AMANDA GUNTER"" site:linkedin.com/in",ddgs
5725486,https://www.linkedin.com/in/james-kennedy-0457b631,"""JAMES KENNEDY"" site:linkedin.com/in",ddgs
5725487,https://www.linkedin.com/in/ryangoodwin85,"""RYAN GOODWIN"" ""EQUITABLE ADVISORS, LLC"" site:linkedin.com/in",ddgs
5725488,https://uk.linkedin.com/in/siobhan-rigby-hall,"""SIOBHAN RIGBY-HALL"" site:linkedin.com/in",ddgs
5725513,https://www.linkedin.com/in/bradleyaugustine,"""BRADLEY AUGUSTINE"" ""LPL FINANCIAL LLC"" site:linkedin.com/in",ddgs
5725515,https://www.linkedin.com/in/steven-soto-63155232,"""STEVEN SOTO"" site:linkedin.com/in",ddgs
5725523,https://www.linkedin.com/in/lori-wilson-70369074,"""LORI WILSON"" site:linkedin.com/in",ddgs
5725525,https://www.linkedin.com/in/lies-rusticus-1478a41b9,"""LIES RUSTICUS"" site:linkedin.com/in",ddgs
5725526,https://www.linkedin.com/in/michaelzeller,"""MICHAEL ZELLER"" site:linkedin.com/in",ddgs
5725529,https://www.linkedin.com/in/ivy-k-lau,"""IVY LAU"" site:linkedin.com/in",ddgs
5725533,https://www.linkedin.com/in/mtrimble,"""MATTHEW TRIMBLE"" ""ARTISAN PARTNERS DISTRIBUTORS LLC"" site:linkedin.com/in",ddgs
5725535,https://www.linkedin.com/in/timothynaumann,"""TIMOTHY NAUMANN"" site:linkedin.com/in",ddgs
5725540,https://www.linkedin.com/in/charles-sosa-aif®-crps™-86065495,"""CHARLES SOSA"" ""CAPITAL CLIENT GROUP, INC."" site:linkedin.com/in",ddgs
5725570,https://www.linkedin.com/in/dennis-l-rodriguez-4051b012,"""RICK RODRIGUEZ"" ""PFS INVESTMENTS INC."" site:linkedin.com/in",ddgs
5725571,https://www.linkedin.com/in/armando-herrera,"""ARMANDO HERRERA"" site:linkedin.com/in",ddgs
5725588,https://www.linkedin.com/in/charles-wills-78a8b3a8,"""ROBERT WILLS"" ""PFS INVESTMENTS INC."" site:linkedin.com/in",ddgs
5725593,https://www.linkedin.com/in/michael-incrocci-33248a285,"""MICHAEL INCROCCI"" site:linkedin.com/in",ddgs
5725606,https://www.linkedin.com/in/cindy-kezele,"""CINDY KEZELE"" site:linkedin.com/in",ddgs
5725639,https://www.linkedin.com/in/anthonymelara,"""N Anthony Melara"" ""WELLS FARGO CLEARING SERVICES, LLC"" site:linkedin.com/in",ddgs
5725649,https://www.linkedin.com/in/james-casey-cfp,"""Jason Casey"" ""EMPOWER FINANCIAL SERVICES, INC."" site:linkedin.com/in",ddgs
5725654,https://www.linkedin.com/in/dianna-sary-chiow-78972a1b,DIANNA CHIOW  linkedin,ddgs
5725655,https://www.linkedin.com/in/eyermash,"""EUGENE YERMASH"" site:linkedin.com/in",ddgs
5725679,https://www.linkedin.com/in/maria-siwek-cfp®-4b73b98,"""MARIA SIWEK"" site:linkedin.com/in",ddgs
5725685,https://www.linkedin.com/in/shruti-patel-32bb573a,"""Shruti Patel"" site:linkedin.com/in",ddgs
5725691,https://www.linkedin.com/in/johandrylewicz/en,"""JOHAN DRYLEWICZ"" site:linkedin.com/in",ddgs
5725708,https://www.linkedin.com/in/rosalindprieto,"""ROSALIND PRIETO"" site:linkedin.com/in",ddgs
5725729,https://www.linkedin.com/in/brian-uhlinger-7a0163276,"""BRIAN UHLINGER"" site:linkedin.com/in",ddgs
5725754,https://www.linkedin.com/in/drnicholas-ward,"""NICHOLAS WARD"" site:linkedin.com/in",ddgs
5725790,https://www.linkedin.com/in/calliewynn,"""CALLIE WYNN"" site:linkedin.com/in",ddgs
5725795,https://www.linkedin.com/in/william-drennan-2421198,"""WILLIAM DRENNAN"" site:linkedin.com/in",ddgs
5725805,https://www.linkedin.com/in/chad-hollan-b7322720,"""CHAD HOLLAN"" ""SHEARSON FINANCIAL SERVICES, LLC"" site:linkedin.com/in",ddgs
5725831,https://www.linkedin.com/in/ken-kondel-8b3a3524,Kenneth Kondel  linkedin,ddgs
5725840,https://www.linkedin.com/in/benjamintirigall,"""BENJAMIN TIRIGALL"" site:linkedin.com/in",ddgs
5725843,https://www.linkedin.com/in/daniel-petree-56860088,"""DANIEL PETREE"" site:linkedin.com/in",ddgs
5725852,https://www.linkedin.com/in/mjwoodford,"""MATTHEW WOODFORD"" site:linkedin.com/in",ddgs
5725859,https://www.linkedin.com/in/philippe-anav,"""PHILIPPE ANAV"" site:linkedin.com/in",ddgs
5725877,https://www.linkedin.com/in/kenneth-mara-60149473,"""KENNETH MARA"" site:linkedin.com/in",ddgs
5725883,https://www.linkedin.com/in/andrew-king-70554a121,"""ANDREW KING"" ""IMST DISTRIBUTORS, LLC"" site:linkedin.com/in",ddgs
5725894,https://www.linkedin.com/in/andrew-dipaola,"""ANDREW DIPAOLA"" ""UBS FINANCIAL SERVICES INC."" site:linkedin.com/in",ddgs
5725920,https://www.linkedin.com/in/martingalvezr,"""Martin Galvez"" site:linkedin.com/in",ddgs
5725940,https://www.linkedin.com/in/luiscnovo,"""LUIS NOVO"" site:linkedin.com/in",ddgs
5725949,https://www.linkedin.com/in/craig-saeger-b854b9276,"""CRAIG SAEGER"" ""WELLS FARGO CLEARING SERVICES, LLC"" site:linkedin.com/in",ddgs
5725956,https://www.linkedin.com/in/rocky-rendon-5184a774,"""ROCKY RENDON"" site:linkedin.com/in",ddgs
5725959,https://www.linkedin.com/in/amy-riddle-78a3b3b3,"""AMY RIDDLE"" site:linkedin.com/in",ddgs
5725987,https://www.linkedin.com/in/chengleo,"""LEO CHENG"" site:linkedin.com/in",ddgs
5725989,https://www.linkedin.com/in/danielkeanmba,"""DANIEL KEAN"" site:linkedin.com/in",ddgs
5725990,https://uk.linkedin.com/in/daniel-dresner-285b17a,"""DANIEL DRESNER"" site:linkedin.com/in",ddgs
5725998,https://www.linkedin.com/in/suzanne-cork-msm-6984a349,"""SUZANNE CORK"" site:linkedin.com/in",ddgs
5726006,https://www.linkedin.com/in/sarah-staley-bio,"""SARAH STALEY"" site:linkedin.com/in",ddgs
5726013,https://www.linkedin.com/in/abigail-urtz-8a58466,ABIGAIL VETOULIS FHN FINANCIAL SECURITIES CORP. linkedin,ddgs
5726020,https://www.linkedin.com/in/davidbradford,"""DAVID BRADFORD"" site:linkedin.com/in",ddgs
5726029,https://www.linkedin.com/in/elizabethecraig,"""ELIZABETH CRAIG"" site:linkedin.com/in",ddgs
5726032,https://www.linkedin.com/in/elizabeth-martinez-3057101b,"""ELYSE MARTINEZ"" ""RBC CAPITAL MARKETS, LLC"" site:linkedin.com/in",ddgs
5726038,,ROCKY LUDWICK J.P. MORGAN SECURITIES LLC linkedin,
5726041,https://www.linkedin.com/in/samuel-baez-511752296,"""SAMUEL BAEZ"" site:linkedin.com/in",ddgs
5726042,https://www.linkedin.com/in/stevenambriz,"""STEVEN AMBRIZ"" site:linkedin.com/in",ddgs
5726047,https://www.linkedin.com/in/maria-valencia-17046b160,"""MARIA VALENCIA"" site:linkedin.com/in",ddgs
5726060,https://www.linkedin.com/in/matt-creekmore-b4019089,"""Matthew Creekmore"" ""EDWARD JONES"" site:linkedin.com/in",ddgs
5726061,https://www.linkedin.com/in/omna-zareen-8057a424,"""OMNA ZAREEN"" site:linkedin.com/in",ddgs
5726079,https://www.linkedin.com/in/erin-jennette-8239108,"""Erin Jennette"" site:linkedin.com/in",ddgs
5726081,https://www.linkedin.com/in/brent-guthrie-crpc-aams-b688a95a,"""BRENT GUTHRIE"" ""LPL FINANCIAL LLC"" site:linkedin.com/in",ddgs
5726084,https://www.linkedin.com/in/matthew-werner-06036b9b,"""Matthew Werner"" site:linkedin.com/in",ddgs
5726090,https://www.linkedin.com/in/troy-defenbaugh-8b145314b,"""TROY DEFENBAUGH"" site:linkedin.com/in",ddgs
5726095,https://www.linkedin.com/in/ejadvisorcourtniedouglas,"""Jonnie Douglas"" ""EDWARD JONES"" site:linkedin.com/in",ddgs
5726096,https://www.linkedin.com/in/carolina-marquez-55706823,"""CAROLINA MARQUEZ"" site:linkedin.com/in",ddgs
5726099,https://www.linkedin.com/in/brent-harder-6266b61,"""Brent Harder"" ""EDWARD JONES"" site:linkedin.com/in",ddgs
5726105,https://www.linkedin.com/in/nicholasgrove,"""NICHOLAS GROVE"" site:linkedin.com/in",ddgs
5726111,https://www.linkedin.com/in/sean-richard-440b5a12,"""SEAN RICHARD"" site:linkedin.com/in",ddgs
5726117,https://www.linkedin.com/in/pathedge,"""Patrick Hedge"" ""EDWARD JONES"" site:linkedin.com/in",ddgs
5726135,https://uk.linkedin.com/in/dr-tristan-lawrie-phd-mphys-a9743a167,"""TRISTAN LAWRIE"" site:linkedin.com/in",ddgs
5726137,https://www.linkedin.com/in/andy-linstad-2625b415,Andrew Linstad  linkedin,ddgs
5726138,https://www.linkedin.com/in/lindsey-prokay-cfp-®-aams®-884761b3,"""LINDSEY PROKAY"" site:linkedin.com/in",ddgs
5726142,https://www.linkedin.com/in/stephen-lawrence-piotrowski-153918202,"""Lawrence Piotrowski"" site:linkedin.com/in",ddgs
5726143,https://www.linkedin.com/in/duane-morgan-4aa8b031,"""Duane Morgan"" ""EDWARD JONES"" site:linkedin.com/in",ddgs
5726150,https://www.linkedin.com/in/lisagamache,"""LISA GAMACHE"" ""RAYMOND JAMES & ASSOCIATES, INC."" site:linkedin.com/in",ddgs
5726151,https://www.linkedin.com/in/melissatannehill,"""MELISSA TANNEHILL"" site:linkedin.com/in",ddgs
5726161,https://www.linkedin.com/in/matthew-riordan-72bb834,"""MATTHEW RIORDAN"" site:linkedin.com/in",ddgs
5726189,https://www.linkedin.com/in/tom-paikos-a30502208,THOMAS PAIKOS  linkedin,ddgs
5726199,https://www.linkedin.com/in/jim-tepke-1baa14176,"""James Tepke"" ""EDWARD JONES"" site:linkedin.com/in",ddgs
57262,,"DOUGLAS CROCKARD MERRILL LYNCH, PIERCE, FENNER & SMITH INCORPORATED linkedin",
5726200,https://ca.linkedin.com/in/joey-quinney-8444865,"""JOEY QUINNEY"" site:linkedin.com/in",ddgs
5726207,https://www.linkedin.com/in/josephnraymond,"""Joseph Raymond"" ""J.P. MORGAN SECURITIES LLC"" site:linkedin.com/in",ddgs
5726215,https://www.linkedin.com/in/kylestrife,"""KYLE STRIFE"" ""NYLIFE SECURITIES LLC"" site:linkedin.com/in",ddgs
5726216,https://www.linkedin.com/in/jon-scheier-28a7797,"""Jon Scheier"" site:linkedin.com/in",ddgs
5726218,https://www.linkedin.com/in/sarapressrealestate,"""SARA PRESS"" site:linkedin.com/in",ddgs
5726226,https://uk.linkedin.com/in/karen-thompson-058a75198,"""KAREN THOMSON"" ""MORGAN STANLEY"" site:linkedin.com/in",ddgs
5726232,https://www.linkedin.com/in/bgifford,"""Brian Gifford"" site:linkedin.com/in",ddgs
5726239,https://www.linkedin.com/in/richard-mildaus-95255910a,"""Richard Mildaus"" ""J.P. MORGAN SECURITIES LLC"" site:linkedin.com/in",ddgs
5726240,https://hk.linkedin.com/in/charles-regan,"""Charles Regan"" site:linkedin.com/in",ddgs
5726241,,ERNEST DOMINGUE  linkedin,
5726247,https://www.linkedin.com/in/adam-thompson-3174264,"""Adam Thompson"" site:linkedin.com/in",ddgs
5726250,https://www.linkedin.com/in/kerim-munir-md-mph-dsc-dfaacap-dlfapa-00a8111ab,"""Keri Munir"" site:linkedin.com/in",ddgs
5726255,https://www.linkedin.com/in/richcarton,"""Richard Carton"" ""EDWARD JONES"" site:linkedin.com/in",ddgs
5726264,https://www.linkedin.com/in/deirdre-thomas-5254481,"""DEIRDRE THOMAS"" site:linkedin.com/in",ddgs
5726267,https://www.linkedin.com/in/geoffrey-cash-aab8a383,"""GEOFFREY CASH"" site:linkedin.com/in",ddgs
5726268,https://www.linkedin.com/in/jason-sells-aif,"""Justin Hills"" ""J.P. MORGAN SECURITIES LLC"" site:linkedin.com/in",ddgs
5726274,https://www.linkedin.com/in/matthewperloe,"""MATTHEW PERLOE"" site:linkedin.com/in",ddgs
5726281,https://www.linkedin.com/in/loren-cunnington-512965138,"""Loren Cunnington"" ""CETERA INVESTMENT SERVICES LLC"" site:linkedin.com/in",ddgs
5726282,https://www.linkedin.com/in/tmuerschjr,"TEDD MUERSCH PRINCIPAL SECURITIES, INC. linkedin",ddgs
5726284,https://www.linkedin.com/in/gordon-escene,"""Gordon Escene"" ""LPL FINANCIAL LLC"" site:linkedin.com/in",ddgs
5726285,https://www.linkedin.com/in/anne-del-donno-04730a17a,"""ANNE DEL DONNO"" site:linkedin.com/in",ddgs
5726288,https://www.linkedin.com/in/gregory-feltner-5335967b,"""Gregory Feltner"" ""EDWARD JONES"" site:linkedin.com/in",ddgs
5726301,https://www.linkedin.com/in/craiggissy,"""CRAIG GISSY"" site:linkedin.com/in",ddgs
5726302,https://www.linkedin.com/in/melissa-engman-ba6b359a,"""MELISSA ENGMAN"" site:linkedin.com/in",ddgs
5726311,https://www.linkedin.com/in/ryanclind,"""RYAN LIND"" site:linkedin.com/in",ddgs
5726313,https://www.linkedin.com/in/heatherqpowell,"""HEATHER POWELL"" site:linkedin.com/in",ddgs
5726315,https://www.linkedin.com/in/jose-barrenechea-3a2223333,"""Jose Barrenechea"" site:linkedin.com/in",ddgs
5726325,https://www.linkedin.com/in/gregoryjhabib,"""GREGORY HABIB"" site:linkedin.com/in",ddgs
5726328,https://www.linkedin.com/in/sarah-wolf-conlon-060aa8286,"""Sarah Wolf-Conlon"" ""J.P. MORGAN SECURITIES LLC"" site:linkedin.com/in",ddgs
5726332,https://www.linkedin.com/in/rueben-hill-b518948,"""RUEBEN HILL"" ""LPL ENTERPRISE, LLC"" site:linkedin.com/in",ddgs
5726347,https://www.linkedin.com/in/amy-hovey,"""Amy Hovey"" ""EDWARD JONES"" site:linkedin.com/in",ddgs
5726348,https://www.linkedin.com/in/ingrid-nast-ab28982a1,"""INGRID NAST"" site:linkedin.com/in",ddgs
5726359,https://www.linkedin.com/in/adam-hintzman-533bba39,"""ADAM HINTZMAN"" site:linkedin.com/in",ddgs
5726364,https://www.linkedin.com/in/brian-strandquist-b79567110,"""Brian Strandquist"" ""J.P. MORGAN SECURITIES LLC"" site:linkedin.com/in",ddgs
5726366,https://www.linkedin.com/in/shannahcompton,"""SHANNAH GAME"" site:linkedin.com/in",ddgs
5726373,,JOSHUA KINGRY  linkedin,
5726376,https://www.linkedin.com/in/christian-ziska-952784118,"""CHRISTIAN ZISKA"" site:linkedin.com/in",ddgs
5726385,https://www.linkedin.com/in/john-pock-245a7a34,"""John Pock"" site:linkedin.com/in",ddgs
5726386,https://www.linkedin.com/in/nncampbell1,"""NANCY CAMPBELL"" site:linkedin.com/in",ddgs
5726407,https://www.linkedin.com/in/robert-rob-siddoway-mba-06bb3246,"""ROBERT SIDDOWAY"" site:linkedin.com/in",ddgs
5726412,https://www.linkedin.com/in/zachary-toelle-995583165,"""ZACHARY TOELLE"" ""LPL FINANCIAL LLC"" site:linkedin.com/in",ddgs
5726418,https://uk.linkedin.com/in/sharonthorne,"""SHARON THORNE"" site:linkedin.com/in",ddgs
5726424,https://www.linkedin.com/in/jeffrey-craig-product-manager,"""JEFFREY CRAIG"" site:linkedin.com/in",ddgs
5726426,https://www.linkedin.com/in/melissa-mayer1,"""Melissa Mayer"" site:linkedin.com/in",ddgs
5726429,https://www.linkedin.com/in/meenalsharma91,"""MEENAL SHARMA"" site:linkedin.com/in",ddgs
5726430,https://www.linkedin.com/in/wilhelm-tobias-780706318,"""Tobias Wilhelm"" ""FBL MARKETING SERVICES, LLC"" site:linkedin.com/in",ddgs
5726434,https://www.linkedin.com/in/matthew-h-owens-a587502,"""Matthew Owens"" ""THE HUNTINGTON INVESTMENT COMPANY"" site:linkedin.com/in",ddgs
5726439,https://www.linkedin.com/in/bruce-cheek-995b7515,"""BRUCE CHEEK"" site:linkedin.com/in",ddgs
5726443,https://www.linkedin.com/in/deirdresanborn,"""DEIRDRE SANBORN"" site:linkedin.com/in",ddgs
5726453,https://www.linkedin.com/in/luisaangulo,LUISA ANGULO GARTNER  linkedin,ddgs
5726454,https://www.linkedin.com/in/charlesoquinniv,"""Charles O'Quinn"" site:linkedin.com/in",ddgs
5726458,https://www.linkedin.com/in/samantha-gutierrez-,"""SAMANTHA GUTIERREZ"" site:linkedin.com/in",ddgs
5726462,https://www.linkedin.com/in/nick-rains-274830191,"""MARSHALL RAINS"" ""LPL FINANCIAL LLC"" site:linkedin.com/in",ddgs
5726466,https://www.linkedin.com/in/christopher-myatt-a40b0628,"""Christopher Myatt"" site:linkedin.com/in",ddgs
5726473,https://uk.linkedin.com/in/stephenstanley01,"""Stephen Stanley"" site:linkedin.com/in",ddgs
5726475,https://www.linkedin.com/in/elizabeth-johnson-09b334169,"""Elizabeth Johnson"" site:linkedin.com/in",ddgs
5726481,https://www.linkedin.com/in/jack-sun-1a0412130,"""JACK SUN"" site:linkedin.com/in",ddgs
5726487,https://www.linkedin.com/in/felicia-weeks-023b949,"""FELICIA WEEKS"" site:linkedin.com/in",ddgs
5726496,https://www.linkedin.com/in/margaret-schallau-spadafora-b8208022,"""MARGARET SPADORA"" site:linkedin.com/in",ddgs
5726511,https://www.linkedin.com/in/christian-cobb,"""Christian Cobb"" site:linkedin.com/in",ddgs
5726514,https://www.linkedin.com/in/steven-menard-54562010,"""Steven Ard"" ""J.P. MORGAN SECURITIES LLC"" site:linkedin.com/in",ddgs
5726515,https://www.linkedin.com/in/andrea-thomas-08a85558,"""ANDREA THOMAS"" site:linkedin.com/in",ddgs
5726520,https://www.linkedin.com/in/brianritter,"""BRIAN RITTER"" site:linkedin.com/in",ddgs
5726524,https://www.linkedin.com/in/keith-baker-97878944,"""KEITH BAKER"" site:linkedin.com/in",ddgs
5726533,https://www.linkedin.com/in/anthfernandez,"""ANTHONY FERNANDEZ"" site:linkedin.com/in",ddgs
5726560,https://www.linkedin.com/in/james-fuller-az,"""JAMES FULLER"" site:linkedin.com/in",ddgs
5726562,https://www.linkedin.com/in/brianlhaas,"""BRIAN HAAS"" site:linkedin.com/in",ddgs
5726563,https://www.linkedin.com/in/claire-wojnar-ctfa-crpc®-423b5b15,"""CLAIRE WOJNAR"" site:linkedin.com/in",ddgs
5726564,https://www.linkedin.com/in/jason-schwartz-sundevil,"""DEVIN SCHWARTZ"" ""RAYMOND JAMES FINANCIAL SERVICES, INC."" site:linkedin.com/in",ddgs
5726567,https://www.linkedin.com/in/jeremy-neiss-04968276,"""Justin Neiss"" ""MOELIS & COMPANY LLC"" site:linkedin.com/in",ddgs
5726570,https://www.linkedin.com/in/daniel-rutkowski-design,"""Daniel rutkowski"" site:linkedin.com/in",ddgs
5726587,https://www.linkedin.com/in/jamiedanna,"""JAMIE DANNA"" ""LPL FINANCIAL LLC"" site:linkedin.com/in",ddgs
5726588,https://www.linkedin.com/in/payal-shah-patel-a3599b5b,"""PAYAL PATEL-SHAH"" site:linkedin.com/in",ddgs
5726596,https://in.linkedin.com/in/kavadlakonda,"""KALYANA CHAKRAVARTY VADLAKONDA"" site:linkedin.com/in",ddgs
5726613,https://www.linkedin.com/in/john-thurlow-01301712,"""JOHN THURLOW"" ""RBC CAPITAL MARKETS, LLC"" site:linkedin.com/in",ddgs
5726617,https://www.linkedin.com/in/deroop-ramtahal-07b569311,"""DEROOP RAMTAHAL"" ""J.P. MORGAN SECURITIES LLC"" site:linkedin.com/in",ddgs
5726619,https://www.linkedin.com/in/yeo-young-yoon-886a2070,"""YEO YOON"" site:linkedin.com/in",ddgs
5726620,https://www.linkedin.com/in/jennifer-halicki-a8195331,"""JENNIFER HALICKI"" site:linkedin.com/in",ddgs
5726628,https://www.linkedin.com/in/ming-ho-14b2754,"""MING HO"" site:linkedin.com/in",ddgs
5726636,https://www.linkedin.com/in/vivianhong98,"""VIVIAN HONG"" site:linkedin.com/in",ddgs
5726648,https://vn.linkedin.com/in/thai-nguyen-00166331,"""THAI NGUYEN"" site:linkedin.com/in",ddgs
5726653,https://www.linkedin.com/in/nancymoragas,"""NANCY MORAGAS"" site:linkedin.com/in",ddgs
5726662,https://www.linkedin.com/in/kirk-gates-ba094a176,"""KIRK GATES"" site:linkedin.com/in",ddgs
5726672,https://www.linkedin.com/in/robert-casale-cpsm-c-p-m-13b01b11,"""Robert Casale"" site:linkedin.com/in",ddgs
5726679,https://www.linkedin.com/in/carl-black-866a9897,"""CARL BLACK"" site:linkedin.com/in",ddgs
5726714,https://www.linkedin.com/in/rainymurphy,"""RAINY MURPHY"" site:linkedin.com/in",ddgs
5726747,https://www.linkedin.com/in/iris-russi-436ab335,"""IRIS RUSSI"" site:linkedin.com/in",ddgs
5726755,https://www.linkedin.com/in/thomas-atkinson-3074302,"""THOMAS ATKINSON"" site:linkedin.com/in",ddgs
5726769,https://www.linkedin.com/in/evanlister,"""Evan Lister"" site:linkedin.com/in",ddgs
5726772,https://www.linkedin.com/in/alanmjaffe,"""ALAN JAFFE"" site:linkedin.com/in",ddgs
5726780,https://www.linkedin.com/in/andrew-uerkwitz-006b003,"""ANDREW UERKWITZ"" site:linkedin.com/in",ddgs
5726788,https://www.linkedin.com/in/mariano-pando-530998a,"""Mariano Pando"" site:linkedin.com/in",ddgs
5726792,https://www.linkedin.com/in/ilya-shuster-16730123,"""ILYA SHUSTER"" site:linkedin.com/in",ddgs
5726810,https://www.linkedin.com/in/matthew-weber-a95860259,"""MATTHEW WEBER"" site:linkedin.com/in",ddgs
5726814,https://www.linkedin.com/in/timdriscoll,"""TIMOTHY DRISCOLL"" site:linkedin.com/in",ddgs
5726816,https://www.linkedin.com/in/hui-wu-curtis-17b408272,"""Carmen Hui"" ""INVESCO DISTRIBUTORS, INC."" site:linkedin.com/in",ddgs
5726826,https://www.linkedin.com/in/jameslwilliams1,"""James Williams"" site:linkedin.com/in",ddgs
5726827,https://ca.linkedin.com/in/stephaniemui,"""Stephanie Mui"" site:linkedin.com/in",ddgs
5726830,https://www.linkedin.com/in/bruce-tencza-04603955,"""BRUCE TENCZA"" site:linkedin.com/in",ddgs
5726832,https://www.linkedin.com/in/elizabeth-paine-23654926,"""ELIZABETH Paine"" site:linkedin.com/in",ddgs
5726836,https://www.linkedin.com/in/lin-zhao-0512795a,"""Liz Zhao"" ""UBS FINANCIAL SERVICES INC."" site:linkedin.com/in",ddgs
5726847,https://www.linkedin.com/in/stephanie-mance-9bb0b37,"""Stephanie Mance"" site:linkedin.com/in",ddgs
5726865,https://www.linkedin.com/in/usmanshabbir97,"""USMAN SHABBIR"" site:linkedin.com/in",ddgs
5726870,https://www.linkedin.com/in/paul-fekula-bb863a13,"""PAUL FEKULA"" site:linkedin.com/in",ddgs
5726876,https://www.linkedin.com/in/james-reilly-16400b90,"""JAMES REILLY"" ""EMPOWER FINANCIAL SERVICES, INC."" site:linkedin.com/in",ddgs
5726882,https://www.linkedin.com/in/rohall,"""ROBERT HALL"" site:linkedin.com/in",ddgs
5726883,https://www.linkedin.com/in/karen-engebrecht-65083713,"""KAREN ENGEBRECHT"" site:linkedin.com/in",ddgs
5726886,https://www.linkedin.com/in/noah-beecher-chfc®-cepa®-a3282876,"""NOAH BEECHER"" site:linkedin.com/in",ddgs
5726887,https://www.linkedin.com/in/ariellejrobin,"""ARIELLE ROBIN"" site:linkedin.com/in",ddgs
5726904,https://www.linkedin.com/in/quinnshamlian,"""QUINN SHAMLIAN"" site:linkedin.com/in",ddgs
5726910,https://www.linkedin.com/in/brian-peltier-63701577,"""Brian Peltier"" site:linkedin.com/in",ddgs
5726915,https://uk.linkedin.com/in/daniel-couse-150a44243,"""DANIEL COUSE"" site:linkedin.com/in",ddgs
5726918,https://www.linkedin.com/in/benjaminberry,"""BENJAMIN BERRY"" site:linkedin.com/in",ddgs
5726935,https://www.linkedin.com/in/heatherkrauseseattle,"""HEATHER KRAUSE"" ""RBC CAPITAL MARKETS, LLC"" site:linkedin.com/in",ddgs
5726959,https://www.linkedin.com/in/daniellearobak,"""DANIELLE ROBAK"" site:linkedin.com/in",ddgs
5726970,https://www.linkedin.com/in/trevor-bowen-63385566,"""TREVOR BOWEN"" site:linkedin.com/in",ddgs
5726976,https://www.linkedin.com/in/timothy-boston-05824a19,"""TIMOTHY BOSTON"" site:linkedin.com/in",ddgs
5726985,https://es.linkedin.com/in/teofilo-rojas-mata/en,"""TEOFILO ROJAS"" site:linkedin.com/in",ddgs
5727002,https://www.linkedin.com/in/jeaneudesbenecyo,"""JEAN DEDICK"" ""JEFFERIES LLC"" site:linkedin.com/in",ddgs
5727005,https://www.linkedin.com/in/robdelprete,"""ROBERT DEL PRETE"" site:linkedin.com/in",ddgs
5727011,https://www.linkedin.com/in/rachelmaceri,"""RACHEL MACERI"" site:linkedin.com/in",ddgs
5727012,https://www.linkedin.com/in/jamesfross,"""JAMES ROSS"" site:linkedin.com/in",ddgs
5727014,https://www.linkedin.com/in/hiten-motipara-9196908,"""HITEN MOTIPARA"" site:linkedin.com/in",ddgs
5727023,https://www.linkedin.com/in/heriberto-gonzalez-8526241b,"""HERIBERTO GONZALEZ"" site:linkedin.com/in",ddgs
5727032,https://www.linkedin.com/in/stephaniemcnees,"""STEPHANIE MCNEES"" site:linkedin.com/in",ddgs
5727034,https://www.linkedin.com/in/financialadvisor-willelwell,"""WILLIAM ELWELL"" ""LPL FINANCIAL LLC"" site:linkedin.com/in",ddgs
5727036,https://www.linkedin.com/in/morgan-melton,"""ARNETAS MELTON"" site:linkedin.com/in",ddgs
5727037,https://ng.linkedin.com/in/abdulwahab-qudus-459b30250,QUDUS ABDUL-WAHAB  linkedin,ddgs
5727038,https://www.linkedin.com/in/jacob-keil,"""JACOB KEIL"" site:linkedin.com/in",ddgs
5727039,https://www.linkedin.com/in/elgin-laib-a1390a74,"""ELGIN LAIB"" site:linkedin.com/in",ddgs
5727041,https://www.linkedin.com/in/april-beard,"""APRIL BEARD"" site:linkedin.com/in",ddgs
5727053,,WESLEY KEMME J.P. MORGAN SECURITIES LLC linkedin,
5727058,https://www.linkedin.com/in/paul-takhar-608b6418,"""Paul Takhar"" site:linkedin.com/in",ddgs
5727067,https://www.linkedin.com/in/rocio-duran-74a31762,"""ROBERT DURAN"" ""WELLS FARGO CLEARING SERVICES, LLC"" site:linkedin.com/in",ddgs
5727069,https://www.linkedin.com/in/spencerseidler,"""SPENCER SEIDLER"" ""VALIC FINANCIAL ADVISORS, INC."" site:linkedin.com/in",ddgs
5727070,https://www.linkedin.com/in/jodi-savino-777623a,Jodie Savino  linkedin,ddgs
5727088,https://it.linkedin.com/in/andreavenditti/en,"""ANDREA VENDITTI"" site:linkedin.com/in",ddgs
5727089,https://www.linkedin.com/in/bletto,"""BRITTANY LETTO"" ""MORGAN STANLEY"" site:linkedin.com/in",ddgs
5727094,https://www.linkedin.com/in/jenny-jianran-li-18434b5,"""JIANRAN LI"" site:linkedin.com/in",ddgs
5727098,https://www.linkedin.com/in/joshuadavidwatson,"""Joshua Watson"" site:linkedin.com/in",ddgs
5727099,https://www.linkedin.com/in/katherine-stearns-74aa61170,"""Katherine Sterns"" site:linkedin.com/in",ddgs
5727110,https://www.linkedin.com/in/lisagfrederick,"""LISA FREDERICK"" site:linkedin.com/in",ddgs
5727121,https://www.linkedin.com/in/alexandrasvdavis,"""ALEXANDRA DAVIS"" site:linkedin.com/in",ddgs
5727132,https://www.linkedin.com/in/craig-m-arons-cpa-pfs-300a8362,"""CRAIG ARONS"" site:linkedin.com/in",ddgs
5727158,https://www.linkedin.com/in/ginger-sanders-2964797a,"""Ginger Sanders"" site:linkedin.com/in",ddgs
5727161,https://www.linkedin.com/in/thuyhollc,"""THUY HO"" site:linkedin.com/in",ddgs
5727183,https://www.linkedin.com/in/pasquale-cardone-ii-4551604,"""PASQUALE CARDONE II"" site:linkedin.com/in",ddgs
5727206,https://www.linkedin.com/in/sandra-wagner-49a185127,"""SANDRA WAGNER"" ""UBS FINANCIAL SERVICES INC."" site:linkedin.com/in",ddgs
5727231,https://www.linkedin.com/in/edwardmkay,"""EDWARD KAY"" site:linkedin.com/in",ddgs
5727239,https://www.linkedin.com/in/codie-thomas-332a7816,"""CODIE THOMAS"" site:linkedin.com/in",ddgs
5727243,https://www.linkedin.com/in/brandonpowell5,"""BRANDON POWELL"" ""UBS FINANCIAL SERVICES INC."" site:linkedin.com/in",ddgs
5727246,https://www.linkedin.com/in/paula-straka-1a24b14,"""PAULA STRAKA"" site:linkedin.com/in",ddgs
5727247,https://www.linkedin.com/in/jeremy-di-cuffa-5565a817,"""Jeremy Di Cuffa"" site:linkedin.com/in",ddgs
5727249,https://www.linkedin.com/in/nimisha-gupta0905,"""NIMISHA GUPTA"" site:linkedin.com/in",ddgs
5727266,https://www.linkedin.com/in/andrew-decker,"""ANDREW DECKER"" site:linkedin.com/in",ddgs
5727269,https://www.linkedin.com/in/david-menashe-309578a0,"""DAVID MENASHE"" site:linkedin.com/in",ddgs
5727280,https://www.linkedin.com/in/kylegaines,"""KYLE GAINES"" site:linkedin.com/in",ddgs
5727285,https://www.linkedin.com/in/tedcocoles,"""Ted Cocoles"" site:linkedin.com/in",ddgs
5727287,https://www.linkedin.com/in/william-munroe,"""William Munroe"" site:linkedin.com/in",ddgs
5727290,https://www.linkedin.com/in/roderickdhall,"""RODERICK HALL"" site:linkedin.com/in",ddgs
5727300,https://www.linkedin.com/in/thomas-rizzo-a808335,"""THOMAS RIZZO"" site:linkedin.com/in",ddgs
5727319,https://www.linkedin.com/in/joseph-lu-ab488614a,"""JAMES ROSE IV"" site:linkedin.com/in",ddgs
5727343,https://www.linkedin.com/in/sergiovillalobosl,"""SERGIO VILLALOBOS"" site:linkedin.com/in",ddgs
5727382,https://www.linkedin.com/in/terrence-cregg-05568948,"""TERRENCE CREGG"" site:linkedin.com/in",ddgs
5727397,https://www.linkedin.com/in/blayne-a-andersen-8a8b12/es,"""BLAYNE ANDERSEN"" ""ARKADIOS CAPITAL"" site:linkedin.com/in",ddgs
5727403,https://www.linkedin.com/in/dustin-lindley-23741019b,"""Dustin Lindley"" ""EDWARD JONES"" site:linkedin.com/in",ddgs
5727443,https://www.linkedin.com/in/benjamin-calvert,"""BENJAMIN CALVERT"" site:linkedin.com/in",ddgs
5727454,https://www.linkedin.com/in/jillian-dragone-cfa-30762683,"""JILLIAN DRAGONE"" site:linkedin.com/in",ddgs
5727466,https://www.linkedin.com/in/deidra-geraghty-69002410a,"""DEIDRA GERAGHTY"" ""UBS FINANCIAL SERVICES INC."" site:linkedin.com/in",ddgs
5727471,https://www.linkedin.com/in/eungichung,"""EUN GI"" site:linkedin.com/in",ddgs
5727479,https://uk.linkedin.com/in/muhammad-siddiqui-27266941,"""Muhammad Siddiqui"" site:linkedin.com/in",ddgs
5727481,https://se.linkedin.com/in/kristina-jakobsson-403951,"""KRISTINA JAKOBSSON"" site:linkedin.com/in",ddgs
5727484,https://www.linkedin.com/in/geoff-tripodi-a203a0a,GEOFFREY TRIPODI  linkedin,ddgs
5727490,https://www.linkedin.com/in/lemmi-bala-6672b930,"""LEMMI BALA"" site:linkedin.com/in",ddgs
5727496,https://www.linkedin.com/in/john-cort-79828315,"""JOHN CORT"" site:linkedin.com/in",ddgs
5727497,,"Gordon Ritthaler FBL MARKETING SERVICES, LLC linkedin",
5727536,https://www.linkedin.com/in/kenneth-mcguire-3126b63,"""KENNETH MCGUIRE"" site:linkedin.com/in",ddgs
5727537,https://www.linkedin.com/in/nataliebarak,"""NATALIE BARAK"" site:linkedin.com/in",ddgs
5727540,https://www.linkedin.com/in/dalechansen,"""Dale Hansen"" site:linkedin.com/in",ddgs
5727546,https://www.linkedin.com/in/brandy-harris1,"""BRANDY HARRIS"" site:linkedin.com/in",ddgs
5727549,https://www.linkedin.com/in/jeffery-ricardo-iii-909736b2,"""JEFFERY RICARDO"" ""PFS INVESTMENTS INC."" site:linkedin.com/in",ddgs
5727551,https://www.linkedin.com/in/heather-stubbs-244b1420,"""Heather Stubbs"" ""EDWARD JONES"" site:linkedin.com/in",ddgs
5727559,https://www.linkedin.com/in/jay-mix-ba862413a,"""Jay Mix"" site:linkedin.com/in",ddgs
5727566,https://www.linkedin.com/in/lorraine-gavican-kerr-b9654119,"""Lorraine Gavican Kerr"" site:linkedin.com/in",ddgs
5727583,https://www.linkedin.com/in/stahld,"""DAVID STAHL"" site:linkedin.com/in",ddgs
5727586,https://www.linkedin.com/in/matthew-peterson-27b87a,"""MATTHEW PETERSON"" ""PFS INVESTMENTS INC."" site:linkedin.com/in",ddgs
5727602,https://www.linkedin.com/in/roy-sauder-232b2446,"""ROY SAUDER"" site:linkedin.com/in",ddgs
5727621,https://www.linkedin.com/in/danlevin,"""DANIEL LEVIN"" site:linkedin.com/in",ddgs
5727651,https://in.linkedin.com/in/nitesh-singh-78887a155,"""Nitesh Singh"" site:linkedin.com/in",ddgs
5727657,https://www.linkedin.com/in/ashley-warren-deleiko-6933a83a5,"""ASHLEY WARREN-DELEIKO"" ""WELLS FARGO CLEARING SERVICES, LLC"" site:linkedin.com/in",ddgs
5727662,https://au.linkedin.com/in/christopher-zotos,"""Christopher Zotos"" site:linkedin.com/in",ddgs
5727679,https://www.linkedin.com/in/nancy-di-nenna-0a3a44225,"""NANCY DI NENNA"" ""AON SECURITIES LLC"" site:linkedin.com/in",ddgs
5727692,https://www.linkedin.com/in/brucehagenpm,"""BRUCE HAGEN"" site:linkedin.com/in",ddgs
5727694,https://www.linkedin.com/in/matthewjromano,"""MATTHEW ROMANO"" site:linkedin.com/in",ddgs
5727738,https://be.linkedin.com/in/pgomez,"""PABLO GOMEZ"" site:linkedin.com/in",ddgs
5727745,https://www.linkedin.com/in/davidtfernandes,"""DAVID FERNANDES"" site:linkedin.com/in",ddgs
5727753,https://www.linkedin.com/in/matt-blair-699241a,"""MATTHEW BLAIR"" ""PERELLA WEINBERG PARTNERS LP"" site:linkedin.com/in",ddgs
5727775,https://www.linkedin.com/in/christy-burnside-98825049,"""Christopher Burnside"" ""FARMERS FINANCIAL SOLUTIONS, LLC"" site:linkedin.com/in",ddgs
5727800,https://www.linkedin.com/in/adam-durran-3894a451,"""ADAM DURRAN"" ""INSTINET, LLC"" site:linkedin.com/in",ddgs
5727810,https://il.linkedin.com/in/nissim-hayat-54554710,"""MIRON NISSIM"" ""ODEON CAPITAL GROUP LLC"" site:linkedin.com/in",ddgs
5727821,https://www.linkedin.com/in/ken-ragsdale-clu-csa-7a316b64,"""KENNETH RAGSDALE"" ""UNITED PLANNERS' FINANCIAL SERVICES OF AMERICA A LIMITED PARTNER"" site:linkedin.com/in",ddgs
5727836,https://www.linkedin.com/in/joe-marincik-60aa6242,"""JOSEPH MARINCIK"" ""MORGAN STANLEY"" site:linkedin.com/in",ddgs
5727843,https://www.linkedin.com/in/petenotaro,"""PETER NOTARO"" site:linkedin.com/in",ddgs
5727844,https://sg.linkedin.com/in/jianbing-zhao,"""JIANBING ZHAO"" site:linkedin.com/in",ddgs
5727857,https://www.linkedin.com/in/seanjacobsen,"""SEAN JACOBSEN"" site:linkedin.com/in",ddgs
5727863,https://www.linkedin.com/in/catherine-lacey-2024,"""CATHERINE LACEY"" site:linkedin.com/in",ddgs
5727882,https://www.linkedin.com/in/barryozer,"""BARRY OZER"" site:linkedin.com/in",ddgs
5727890,https://www.linkedin.com/in/johnlorenc80,"""JOHN LORENC"" site:linkedin.com/in",ddgs
5727892,https://in.linkedin.com/in/utsav-pandey-70444719a,"""Utsav Pandey"" site:linkedin.com/in",ddgs
5727893,https://www.linkedin.com/in/halima-dayton-823b448b,"""HALIMA DAYTON"" site:linkedin.com/in",ddgs
5727926,https://www.linkedin.com/in/christophertyang,"""Christopher Yang"" site:linkedin.com/in",ddgs
5727927,https://www.linkedin.com/in/michael-aboussie-8ba95b139,"""MICHAEL ABOUSSIE"" site:linkedin.com/in",ddgs
5727931,,ELISE DOHT  linkedin,
5727942,https://www.linkedin.com/in/jeffrey-hitt-202b5012,"""JEFFREY HITT"" ""FBL MARKETING SERVICES, LLC"" site:linkedin.com/in",ddgs
5727948,https://www.linkedin.com/in/scott-a-biestek-j-d-14878840,"""SCOTT BIESTEK"" site:linkedin.com/in",ddgs
5727956,https://www.linkedin.com/in/michael-calagna-crpc-340a9922,"""MICHAEL CALAGNA"" site:linkedin.com/in",ddgs
5727964,https://www.linkedin.com/in/jan-landis-03b75699,"""Jan Landi"" ""MERRILL LYNCH, PIERCE, FENNER & SMITH INCORPORATED"" site:linkedin.com/in",ddgs
5727965,https://www.linkedin.com/in/benjamin-nadal-7685275,"""BENJAMIN NADAL"" site:linkedin.com/in",ddgs
5727969,https://www.linkedin.com/in/chris-kinnevy-cfp®-0b881a98,"""CHRISTOPHER KINNEVY"" ""FIDELITY BROKERAGE SERVICES LLC"" site:linkedin.com/in",ddgs
5727974,,Tricia Rawcliffe J.P. MORGAN SECURITIES LLC linkedin,
5727985,https://www.linkedin.com/in/elizabeth-taylor,"""Eli Taylor"" ""KEY INVESTMENT SERVICES LLC"" site:linkedin.com/in",ddgs
5727986,https://www.linkedin.com/in/michael-newman-1a638321,"""MICHAEL NEWMAN"" site:linkedin.com/in",ddgs
5727990,https://ca.linkedin.com/in/jeffrey-olin-3158474,"""JEFFREY OLIN"" site:linkedin.com/in",ddgs
5727995,https://www.linkedin.com/in/sandra-magana-5940024,"""Sindy Magana"" ""LPL FINANCIAL LLC"" site:linkedin.com/in",ddgs
5728004,https://www.linkedin.com/in/robert-soler-03ab9533,"""ROBERT SOLER"" ""PARK AVENUE SECURITIES LLC"" site:linkedin.com/in",ddgs
5728025,https://www.linkedin.com/in/branden-sacks-chsnc®-cfp®-crpc™-9a719412,"""Branden Sacks"" site:linkedin.com/in",ddgs
5728035,https://www.linkedin.com/in/richard-pence-,"""Richard Pence"" site:linkedin.com/in",ddgs
5728045,,"STEPHANIE SHADEL CHARLES SCHWAB & CO., INC. linkedin",
5728055,https://www.linkedin.com/in/nathan-nicholson2442,"""NATHAN NICHOLSON"" site:linkedin.com/in",ddgs
5728081,https://www.linkedin.com/in/steven-walls-9655967,"""STEVEN WALLS"" site:linkedin.com/in",ddgs
5728083,https://www.linkedin.com/in/monica-backer-a86994108,"""MONICA BACKER"" site:linkedin.com/in",ddgs
5728102,https://in.linkedin.com/in/jyotsna-devi-m-b6a391238,"""Madhur Devi"" ""ALLSTATE FINANCIAL SERVICES, LLC"" site:linkedin.com/in",ddgs
5728110,https://www.linkedin.com/in/katherine-thomas-53ba9b381,"""KATHERINE THOMAS"" ""INVESTMENT DISTRIBUTORS, INC."" site:linkedin.com/in",ddgs
5728117,https://uk.linkedin.com/in/drsandeep-sandhu,"""SANDEEP SANDHU"" site:linkedin.com/in",ddgs
5728122,https://www.linkedin.com/in/patricklanzacpa,"""PATRICK LANZA"" ""CAMBRIDGE INVESTMENT RESEARCH, INC."" site:linkedin.com/in",ddgs
5728124,https://www.linkedin.com/in/dylan-das-7394b528,"""DYLAN DAS"" ""ADP BROKER-DEALER, INC."" site:linkedin.com/in",ddgs
5728135,https://www.linkedin.com/in/nicolemneal,"""NICOLE NEAL"" site:linkedin.com/in",ddgs
5728167,https://www.linkedin.com/in/scott-eby-85a69a35,"""SCOTT EBY"" site:linkedin.com/in",ddgs
5728183,https://www.linkedin.com/in/aliciarcole,"""ALICIA COLE"" site:linkedin.com/in",ddgs
5728189,https://www.linkedin.com/in/nicholas-maldonado-a8597327,"""Nicholas Maldonado"" site:linkedin.com/in",ddgs
5728197,https://ru.linkedin.com/in/tatiana-belaya-a76004103,"""TATIANA BELAYA"" site:linkedin.com/in",ddgs
5728202,https://www.linkedin.com/in/sethmerrill,"""SETH MERRILL"" site:linkedin.com/in",ddgs
5728221,https://www.linkedin.com/in/john-thomas-28a4a810,"""JOHN THOMAS"" site:linkedin.com/in",ddgs
5728222,https://www.linkedin.com/in/ning-shen-40a8b976,"""NING SHEN"" site:linkedin.com/in",ddgs
5728226,https://hk.linkedin.com/in/genawang,"""GENA WANG"" site:linkedin.com/in",ddgs
5728240,https://uk.linkedin.com/in/hannah-paik-a0583b175,"""Hanna Paik"" ""KAYAN SECURITIES, INC."" site:linkedin.com/in",ddgs
5728246,https://www.linkedin.com/in/david-montes-bbab9b3,"""DAVID MONTES"" site:linkedin.com/in",ddgs
5728258,https://www.linkedin.com/in/seanwood1,"""SEAN WOOD"" site:linkedin.com/in",ddgs
5728269,https://www.linkedin.com/in/eun-chang-7964757a,"""EUN CHANG"" site:linkedin.com/in",ddgs
5728303,https://fr.linkedin.com/in/megan-russell-wilson-63a018344,"""RUSSELL WILSON"" site:linkedin.com/in",ddgs
5728324,https://www.linkedin.com/in/lori-rainer-50086b82,"""LORI ANN RAINER"" site:linkedin.com/in",ddgs
5728349,https://www.linkedin.com/in/aashish-rathi-9851a053,"""AASHISH RATHI"" ""BNP PARIBAS SECURITIES CORP."" site:linkedin.com/in",ddgs
5728358,https://www.linkedin.com/in/arnold-kelly-7b4180b,"""ARNOLD KELLY"" ""MORGAN STANLEY"" site:linkedin.com/in",ddgs
5728374,https://www.linkedin.com/in/christopher-neitz-apma®-9237786a,"""CHRISTOPHER NEITZ"" site:linkedin.com/in",ddgs
5728375,https://www.linkedin.com/in/sherry-firestone-15935542,"""SHERRY FIRESTONE"" site:linkedin.com/in",ddgs
5728388,https://www.linkedin.com/in/sandra-vedadi,"""SANDRA VEDADI"" site:linkedin.com/in",ddgs
5728393,https://www.linkedin.com/in/bryan-cruikshank,"""BRYAN CRUIKSHANK"" ""FIDELITY BROKERAGE SERVICES LLC"" site:linkedin.com/in",ddgs
5728399,https://www.linkedin.com/in/alexkigel,"""ALEX KIGEL"" site:linkedin.com/in",ddgs
5728400,https://www.linkedin.com/in/kartik--patel,"""KARTIK PATEL"" site:linkedin.com/in",ddgs
5728402,https://www.linkedin.com/in/suzy-lam-cfp®-crpc™-7400a427,"""SUZY LAM"" ""J.P. MORGAN SECURITIES LLC"" site:linkedin.com/in",ddgs
5728412,https://www.linkedin.com/in/caelynn-griggs-23aab0176,"""AGNES GRIGGS"" ""PFS INVESTMENTS INC."" site:linkedin.com/in",ddgs
5728416,https://ph.linkedin.com/in/benita-maranan-dipmba-mdrt-b335b2149,"""BENITA MARANAN"" site:linkedin.com/in",ddgs
5728417,https://www.linkedin.com/in/jeffrey-tuttle-7b35693a,"""JEFFREY TUTTLE"" ""MERRILL LYNCH, PIERCE, FENNER & SMITH INCORPORATED"" site:linkedin.com/in",ddgs
5728423,https://www.linkedin.com/in/michael-maloney-b6905115,"""MICHAEL MALONEY"" ""TORA TRADING SERVICES, LLC"" site:linkedin.com/in",ddgs
5728438,,GILLIAN LIZARS  linkedin,
5728441,https://www.linkedin.com/in/ronald-baptiste-05181b162,"""RONALD BAPTIST II"" ""FIFTH THIRD SECURITIES, INC."" site:linkedin.com/in",ddgs
5728453,https://www.linkedin.com/in/alaina-kavanaght-mba-61ba3883,"""ALAINA KAVANAGHT"" site:linkedin.com/in",ddgs
5728454,https://fr.linkedin.com/in/daniel-offe-01597618,"""DANIEL OFFE"" site:linkedin.com/in",ddgs
5728457,https://www.linkedin.com/in/samanthalwilliams,"""SAMANTHA WILLIAMS"" site:linkedin.com/in",ddgs
5728482,https://www.linkedin.com/in/clinton-mcclurkin-34590a378,"""Clinton McClurkin"" site:linkedin.com/in",ddgs
5728485,https://www.linkedin.com/in/kltellis,"""KIMBERLY ELLIS"" site:linkedin.com/in",ddgs
5728486,https://www.linkedin.com/in/michael-matis-946914158,"""MICHAEL MATIS"" ""VALIC FINANCIAL ADVISORS, INC."" site:linkedin.com/in",ddgs
5728497,https://www.linkedin.com/in/sean-p-oconnell,"""SEAN O CONNELL"" ""PFS INVESTMENTS INC."" site:linkedin.com/in",ddgs
5728520,https://www.linkedin.com/in/jeff-farris-a32b701,"""William Farris"" ""J.P. MORGAN SECURITIES LLC"" site:linkedin.com/in",ddgs
5728530,,"TINA KRABBENHOFT EMPOWER FINANCIAL SERVICES, INC. linkedin",
5728537,https://www.linkedin.com/in/nickcdaniel,"""NICHOLAS DANIEL"" site:linkedin.com/in",ddgs
5728542,https://www.linkedin.com/in/kyle-sharp-31749817,"""Kyle Sharp"" ""EDWARD JONES"" site:linkedin.com/in",ddgs
5728543,https://www.linkedin.com/in/stacey-shaw-aa6361a0,"""Christina Shaw"" ""PFS INVESTMENTS INC."" site:linkedin.com/in",ddgs
5728562,https://www.linkedin.com/in/andrewhadel,"""ANDREW HADEL"" ""OSAIC WEALTH, INC."" site:linkedin.com/in",ddgs
5728563,https://www.linkedin.com/in/olivia-jordan-du2025,"""OLIVIA JORDAN"" site:linkedin.com/in",ddgs
5728565,https://www.linkedin.com/in/adam-pupillo,"""ADAM PUPILLO"" site:linkedin.com/in",ddgs
5728581,https://www.linkedin.com/in/cardona-jason,"""JASON CARDONA"" ""LPL FINANCIAL LLC"" site:linkedin.com/in",ddgs
5728582,https://www.linkedin.com/in/david-chaffin-3a8835a8,"""CHRISTOPHER CHAFFIN"" ""RAYMOND JAMES FINANCIAL SERVICES, INC."" site:linkedin.com/in",ddgs
5728604,https://www.linkedin.com/in/kevin-webb-55660896,"""KEVIN WEBB"" ""THRIVENT INVESTMENT MANAGEMENT INC."" site:linkedin.com/in",ddgs
5728606,https://www.linkedin.com/in/ayoungblood,"""Amanda Youngblood"" site:linkedin.com/in",ddgs
5728613,https://www.linkedin.com/in/manuelgomez,"""MANUEL GOMEZ"" site:linkedin.com/in",ddgs
5728627,https://www.linkedin.com/in/tina-riley-39a9471b5,"""TINA RILEY"" site:linkedin.com/in",ddgs
5728628,https://www.linkedin.com/in/jeffrey-villanueva-b6670920,"""JEFFREY VILLANUEVA"" site:linkedin.com/in",ddgs
5728643,https://www.linkedin.com/in/john-haeberle-87b76634,"""John Haeberle"" ""EDWARD JONES"" site:linkedin.com/in",ddgs
5728666,https://www.linkedin.com/in/daniel-haas-865b968,"""DANIEL HAAS"" site:linkedin.com/in",ddgs
5728689,https://www.linkedin.com/in/drrobertskassoff,"""ROBERT SHOFF"" ""NYLIFE SECURITIES LLC"" site:linkedin.com/in",ddgs
5728702,https://www.linkedin.com/in/jvillegastamusa,"""JORGE VILLEGAS"" site:linkedin.com/in",ddgs
5728705,,Eliza Rosenblatt J.P. MORGAN SECURITIES LLC linkedin,
5728709,https://www.linkedin.com/in/johnbergen,"""JOHN BERGEN"" site:linkedin.com/in",ddgs
5728716,https://www.linkedin.com/in/pamela-olson-6a79bb6,"""PAMELA OLSON"" site:linkedin.com/in",ddgs
5728730,https://www.linkedin.com/in/cory-miglio-wmcp®-84894946,"""Cory Miglio"" site:linkedin.com/in",ddgs
5728732,https://www.linkedin.com/in/adam-xavier-smith,"""Xavier Smith"" ""EMPOWER FINANCIAL SERVICES, INC."" site:linkedin.com/in",ddgs
5728749,https://www.linkedin.com/in/justin-gervais-545a5349,"""JUSTIN GERVAIS"" site:linkedin.com/in",ddgs
5728751,https://www.linkedin.com/in/amyhparrish,"""Amy Parrish"" ""LPL FINANCIAL LLC"" site:linkedin.com/in",ddgs
5728760,https://ca.linkedin.com/in/whitney-lord-a62b51131,"""WHITNEY LORD"" site:linkedin.com/in",ddgs
5728764,https://es.linkedin.com/in/rosa-pinós-marsans-17b75a43,"""Rosa Pinos"" site:linkedin.com/in",ddgs
5728765,https://www.linkedin.com/in/hyeran-paek-74548816,"""HYERAN PAEK"" ""LPL FINANCIAL LLC"" site:linkedin.com/in",ddgs
5728777,https://www.linkedin.com/in/mojan-dadressan-2176348,"""Mojan Dadressan"" site:linkedin.com/in",ddgs
5728783,https://www.linkedin.com/in/my-ton,"""MY TON"" site:linkedin.com/in",ddgs
5728790,https://www.linkedin.com/in/bryan-byrd,"""BRYAN BYRD"" site:linkedin.com/in",ddgs
5728798,https://www.linkedin.com/in/schristensen16,"""SCOTT CHRISTENSEN"" site:linkedin.com/in",ddgs
5728806,https://www.linkedin.com/in/jill-governale-86621557,"""JILL GOVERNALE"" site:linkedin.com/in",ddgs
5728826,https://www.linkedin.com/in/hopefeller,"""HOPE FELLER"" ""NORTHWESTERN MUTUAL INVESTMENT SERVICES, LLC"" site:linkedin.com/in",ddgs
5728831,https://www.linkedin.com/in/sarahbeanericca,"""SARAH RICCA"" ""MORGAN STANLEY"" site:linkedin.com/in",ddgs
5728835,https://www.linkedin.com/in/justin-jones-a24aab1a0,"""JUSTIN JONES"" ""LPL ENTERPRISE, LLC"" site:linkedin.com/in",ddgs
5728837,https://www.linkedin.com/in/sashagentling,"""SASHA GENTLING"" site:linkedin.com/in",ddgs
5728839,https://www.linkedin.com/in/jrebert,"""JOHN EBERT"" site:linkedin.com/in",ddgs
5728842,https://ca.linkedin.com/in/jenna-shaw-00a21610a,"""SUSAN Shaw"" ""CETERA WEALTH SERVICES, LLC"" site:linkedin.com/in",ddgs
5728851,https://www.linkedin.com/in/eliasladon,"""Elias Ladon"" site:linkedin.com/in",ddgs
5728863,https://www.linkedin.com/in/cindy-lee-32a7a72a,"""CINDY LEE"" site:linkedin.com/in",ddgs
5728868,https://www.linkedin.com/in/brendon-peters-4b3441113,"""BRENDON PETERS"" site:linkedin.com/in",ddgs
5728871,https://www.linkedin.com/in/shanelle-trinidad-kaikis-72009222,"""SHANELLE KAIKIS"" ""JEFFERIES LLC"" site:linkedin.com/in",ddgs
5728877,https://www.linkedin.com/in/himanshu-patel-81728b146,"""HIMANSHU PATEL"" site:linkedin.com/in",ddgs
5728901,https://www.linkedin.com/in/shamun-cole-aif-cpfa-b3a572184,"""SHAMUN COLE"" site:linkedin.com/in",ddgs
5728903,https://www.linkedin.com/in/lorena-toro-a33166127,"""LORENA TORO"" site:linkedin.com/in",ddgs
5728919,https://www.linkedin.com/in/ericcaruth,"""Eric Caruth"" site:linkedin.com/in",ddgs
5728932,https://www.linkedin.com/in/richard-tiller-67a7085,"""RICHARD TILLER"" site:linkedin.com/in",ddgs
5728934,https://www.linkedin.com/in/janetpierce,"""JANET PIERCE"" site:linkedin.com/in",ddgs
5728936,https://uk.linkedin.com/in/henry-green-451900167,"""HENRY GREEN"" site:linkedin.com/in",ddgs
5728943,https://mx.linkedin.com/in/rafael-avila-ramirez,"""RAFAEL VILA RAMIREZ"" site:linkedin.com/in",ddgs
5728944,https://www.linkedin.com/in/jaeinkim,"""JANE KIM"" site:linkedin.com/in",ddgs
5728949,https://www.linkedin.com/in/tim-schossow-cfp®-1033563a,"""TIMOTHY SCHOSSOW"" ""VALIC FINANCIAL ADVISORS, INC."" site:linkedin.com/in",ddgs
5728958,https://www.linkedin.com/in/rory-carney-27aa975,"""RORY CARNEY"" site:linkedin.com/in",ddgs
5728986,https://www.linkedin.com/in/emily-weber-57b9022,"""EMILY WEBER"" ""DAVIS DISTRIBUTORS, LLC"" site:linkedin.com/in",ddgs
5728991,,"MICHAEL BINSWANGER MML INVESTORS SERVICES, LLC linkedin",
5728992,https://www.linkedin.com/in/micah-reish-5a0886b,"""MICAH REISH"" site:linkedin.com/in",ddgs
5729032,https://www.linkedin.com/in/rich-owsik-cfp®-chfc®-ricp®-49958b16,"RICHARD OWSIK NORTHWESTERN MUTUAL INVESTMENT SERVICES, LLC linkedin",ddgs
5729051,https://www.linkedin.com/in/juan-molta-cfa-1a37bb181,"""JUAN MOLTA"" site:linkedin.com/in",ddgs
5729058,https://www.linkedin.com/in/john-hill-72400819,"""JOHN HILL"" site:linkedin.com/in",ddgs
5729073,https://www.linkedin.com/in/nicholas-medlin-0664491a3,"""Nicholas Medlin"" site:linkedin.com/in",ddgs
5729089,https://www.linkedin.com/in/daniel-senica-cfp®-crpc®-ab0717103,"""DANIEL SENICA"" ""PNC WEALTH MANAGEMENT LLC"" site:linkedin.com/in",ddgs
5729091,https://www.linkedin.com/in/joshua-womack-22258b179,"""JOSHUA WOMACK"" site:linkedin.com/in",ddgs
5729103,https://www.linkedin.com/in/samueldominguez,"""SAMUEL DOMINGUEZ"" site:linkedin.com/in",ddgs
5729130,https://www.linkedin.com/in/jesussayalag,"""JESUS AYALA"" site:linkedin.com/in",ddgs
5729132,https://www.linkedin.com/in/shuen-chang-15ab2733,"""SHU-NUAN CHANG"" ""FORTUNE SECURITIES, INC."" site:linkedin.com/in",ddgs
5729135,,"KEVIN YOUATT CHARLES SCHWAB & CO., INC. linkedin",
5729136,https://www.linkedin.com/in/sethcorder,"""SETH CORDER"" site:linkedin.com/in",ddgs
5729139,https://www.linkedin.com/in/sebastian-reis-3993735,"""SEBASTIAN REIS"" site:linkedin.com/in",ddgs
5729140,https://www.linkedin.com/in/tan-yuan-312915216,"""Tan Yuan"" site:linkedin.com/in",ddgs
5729141,https://www.linkedin.com/in/james-iii-white-a54154192,"""JAMES WHITE"" ""OPPENHEIMER & CO. INC."" site:linkedin.com/in",ddgs
5729143,https://www.linkedin.com/in/donald-weller-21927636,"""Donald Weller"" ""RAYMOND JAMES FINANCIAL SERVICES, INC."" site:linkedin.com/in",ddgs
5729145,https://www.linkedin.com/in/robertstine,"""ROBERT STINE"" site:linkedin.com/in",ddgs
5729151,https://www.linkedin.com/in/jagerber,"""JACOB GERBER"" site:linkedin.com/in",ddgs
5729152,https://www.linkedin.com/in/cberg3,"""Carl-Johan Berg"" ""CREATIS CAPITAL LLC"" site:linkedin.com/in",ddgs
5729158,https://www.linkedin.com/in/brock-hillman-cfa,"""BROCK HILLMAN"" ""CAPITAL CLIENT GROUP, INC."" site:linkedin.com/in",ddgs
5729183,https://www.linkedin.com/in/kristina-egger-5100122b,"""KRISTINA EGGER"" site:linkedin.com/in",ddgs
5729198,https://www.linkedin.com/in/david-vickery,"""DAVID VICKERY"" site:linkedin.com/in",ddgs
5729208,https://www.linkedin.com/in/will-ritter,"""WILLIAM RITTER"" site:linkedin.com/in",ddgs
5729235,https://www.linkedin.com/in/steven-kerrick-60a949176,"""STEVEN KERRICK"" site:linkedin.com/in",ddgs
5729238,https://www.linkedin.com/in/thomas-o-neill-2588a614,"""THOMAS O'NEILL"" site:linkedin.com/in",ddgs
5729255,https://www.linkedin.com/in/kyle-mcevoy-ms-lmhc-ncc-ccmhc-lpc-86458628,"""KYLE MCEVOY"" site:linkedin.com/in",ddgs
5729276,https://www.linkedin.com/in/heidiweir,"""HEIDI WEIR"" site:linkedin.com/in",ddgs
5729278,https://www.linkedin.com/in/steven-do-pmp,"""STEVEN DO"" site:linkedin.com/in",ddgs
5729281,https://www.linkedin.com/in/doug-peterson-cpa,"""DWIGHT PETERSON"" ""LPL FINANCIAL LLC"" site:linkedin.com/in",ddgs
5729294,https://www.linkedin.com/in/michael-wolfe-297456a8,"""MICHAEL WOLFE"" ""EQUITABLE ADVISORS, LLC"" site:linkedin.com/in",ddgs
5729297,https://www.linkedin.com/in/dustin-raye-72049b9,"""DUSTIN RAYE"" site:linkedin.com/in",ddgs
5729305,https://www.linkedin.com/in/sunil-handa-cfp®-5a22ab12,"""SUNIL HANDA"" site:linkedin.com/in",ddgs
5729311,https://www.linkedin.com/in/williamkibler,"""WILLIAM KIBLER"" site:linkedin.com/in",ddgs
5729314,https://www.linkedin.com/in/kellycrystal,"""KELLY CRYSTAL"" site:linkedin.com/in",ddgs
5729320,,"APRAJITA SIKRI CAPITAL CLIENT GROUP, INC. linkedin",
5729330,https://www.linkedin.com/in/kate-konetzke-436a5a7b,"""KATE KONETZKE"" site:linkedin.com/in",ddgs
5729343,https://www.linkedin.com/in/banasoumetho,"""BANA SOUMETHO"" site:linkedin.com/in",ddgs
5729346,https://uk.linkedin.com/in/molly-wylenzek-a79b0414,"""MOLLY WYLENZEK"" ""JEFFERIES LLC"" site:linkedin.com/in",ddgs
5729350,https://www.linkedin.com/in/madison-burkholder-14227a1ab,"""MARK BURKHOLDER"" ""PARK AVENUE SECURITIES LLC"" site:linkedin.com/in",ddgs
5729408,https://www.linkedin.com/in/jobeckeralumni,"""Anthony Becker"" ""J.P. MORGAN SECURITIES LLC"" site:linkedin.com/in",ddgs
5729418,https://www.linkedin.com/in/sabeenaahmedliconte,"""SABEENA LICONTE"" ""ICBC STANDARD SECURITIES INC."" site:linkedin.com/in",ddgs
5729419,https://www.linkedin.com/in/debra-nichols-25494613,"""DEBRA NICHOLS"" site:linkedin.com/in",ddgs
5729425,https://www.linkedin.com/in/steven-grogan-a2777465,"""STEVEN GROGAN"" site:linkedin.com/in",ddgs
5729433,https://www.linkedin.com/in/jakeloescher,"""JAKOB LOESCHER"" site:linkedin.com/in",ddgs
5729447,https://www.linkedin.com/in/michelle-mason-3a7194227,"""MICHELLE Mason"" site:linkedin.com/in",ddgs
5729453,https://www.linkedin.com/in/paul-draniczarek-695a9113,"""PAUL DRANICZAREK"" site:linkedin.com/in",ddgs
5729467,https://www.linkedin.com/in/andrew-waddington-3546541a,"""ANDREW WADDINGTON"" site:linkedin.com/in",ddgs
5729471,https://www.linkedin.com/in/nick-pagonis-1a144911,"""NICK PAGONIS"" ""WELLS FARGO CLEARING SERVICES, LLC"" site:linkedin.com/in",ddgs
5729475,,SOFOKLIS NIKIFOROS IMC FINANCIAL MARKETS linkedin,
5729485,https://www.linkedin.com/in/scott-lippa-743289102,"""SCOTT LIPPA"" site:linkedin.com/in",ddgs
5729501,https://www.linkedin.com/in/kristinamkelly,"""KRISTINA KELLY"" site:linkedin.com/in",ddgs
5729506,https://www.linkedin.com/in/zach-aumage,"""ZACHARY AUMAGE"" site:linkedin.com/in",ddgs
5729519,https://www.linkedin.com/in/adammwise,"""Adam Wise"" ""J.P. MORGAN SECURITIES LLC"" site:linkedin.com/in",ddgs
5729569,https://www.linkedin.com/in/zachary-wilson-,"""ZACHARY WILSON"" site:linkedin.com/in",ddgs
5729570,https://www.linkedin.com/in/brianandersontx,"""BRIAN ANDERSON"" site:linkedin.com/in",ddgs
5729577,https://www.linkedin.com/in/erictortiz,"""ERIC ORTIZ"" site:linkedin.com/in",ddgs
5729585,https://uk.linkedin.com/in/jonathan-purcell-659288132,"""JONATHAN PURCELL"" site:linkedin.com/in",ddgs
5729599,https://www.linkedin.com/in/portilloanthony,"""ANTHONY PORTILLO"" site:linkedin.com/in",ddgs
5729600,https://www.linkedin.com/in/j-gates,"""JORDAN GATES"" site:linkedin.com/in",ddgs
5729602,https://www.linkedin.com/in/hue-tran-9b317456,"""HUE TRAN"" site:linkedin.com/in",ddgs
5729605,https://www.linkedin.com/in/emily-woodson-4a7b5919b,"""EMILY WOODSON"" ""LPL FINANCIAL LLC"" site:linkedin.com/in",ddgs
5729609,https://ca.linkedin.com/in/graemewoods,"""GRAEME WOODS"" site:linkedin.com/in",ddgs
5729613,https://ca.linkedin.com/in/maria-sreckovic-45451411b,"""MARIA SRECKOVIC"" site:linkedin.com/in",ddgs
5729615,https://ca.linkedin.com/in/yousef-rehayel-84272042,"""YOUSEF REHAYEL"" site:linkedin.com/in",ddgs
5729625,https://www.linkedin.com/in/shellie-gray-9550a7143,"""Shellie Gray"" ""EDWARD JONES"" site:linkedin.com/in",ddgs
5729629,https://www.linkedin.com/in/bengenz,"""FREDERICK GENZ"" site:linkedin.com/in",ddgs
5729635,https://www.linkedin.com/in/sfaulkner,"""L FAULKNER"" ""GIRARD INVESTMENT SERVICES, LLC"" site:linkedin.com/in",ddgs
5729646,https://www.linkedin.com/in/shea-adela-schmidt-3b28a0391,ADELA SHEA  linkedin,ddgs
5729658,https://www.linkedin.com/in/tom-ekland-jr-a381ba171,"""Thomas Ekland"" site:linkedin.com/in",ddgs
5729665,https://www.linkedin.com/in/lorrainedarosa,"""Lorraine Darosa"" ""MERRILL LYNCH, PIERCE, FENNER & SMITH INCORPORATED"" site:linkedin.com/in",ddgs
5729691,https://www.linkedin.com/in/jia-li-70710b261,"""JIA LI"" site:linkedin.com/in",ddgs
5729702,https://ch.linkedin.com/in/thomas-liptay-96256a213,"""THOMAS LIPTAY"" site:linkedin.com/in",ddgs
5729711,https://ca.linkedin.com/in/theodore-dake-4486b627,"""THEODORE DAKE"" site:linkedin.com/in",ddgs
5729718,https://www.linkedin.com/in/kristopher-todd-20675995,"""KRISTOPHER TODD"" ""MORGAN STANLEY"" site:linkedin.com/in",ddgs
5729732,https://www.linkedin.com/in/terra-mccann-8971942b9,"""TERRA MCCANN"" ""NATIONWIDE INVESTMENT SERVICES CORPORATION"" site:linkedin.com/in",ddgs
5729738,https://uk.linkedin.com/in/townsendian,"""Ian Townsend"" site:linkedin.com/in",ddgs
5729742,https://www.linkedin.com/in/michael-korb-cima®-90124814,"""MICHAEL KORB"" site:linkedin.com/in",ddgs
5729748,https://www.linkedin.com/in/laura-gouin-a02b9418,"""Laura Gouin"" site:linkedin.com/in",ddgs
5729753,,VIRGINIA HEMPEN  linkedin,
5729757,https://www.linkedin.com/in/julian-kandel-089725131,"""Julian Kandel"" ""LPL FINANCIAL LLC"" site:linkedin.com/in",ddgs
5729766,https://www.linkedin.com/in/pwantoch,"Phillip Wantoch U.S. BANCORP INVESTMENTS, INC. linkedin",ddgs
5729770,,JOLANTA PORTNOY  linkedin,
5729777,https://www.linkedin.com/in/jeffrey-hill-94675b208,"""JEFFERY HILL"" ""LPL FINANCIAL LLC"" site:linkedin.com/in",ddgs
5729792,https://www.linkedin.com/in/timothycorwin,"""Timothy Corwin"" site:linkedin.com/in",ddgs
5729798,https://www.linkedin.com/in/hicksjason,"""JASON HICKS"" site:linkedin.com/in",ddgs
5729814,https://uk.linkedin.com/in/adamjones13,"""ADAM JONES"" ""FBL MARKETING SERVICES, LLC"" site:linkedin.com/in",ddgs
5729824,https://www.linkedin.com/in/juliewang617,"""JULIE WANG"" site:linkedin.com/in",ddgs
5729836,https://www.linkedin.com/in/timdkocher,"""TIMOTHY KOCHER"" site:linkedin.com/in",ddgs
5729870,https://uk.linkedin.com/in/peterdgibson,"""PETER GIBSON"" site:linkedin.com/in",ddgs
5729888,https://in.linkedin.com/in/harish-goel-6986555,"""HARISH GOEL"" site:linkedin.com/in",ddgs
5729894,https://www.linkedin.com/in/scott-habig,"""Scott Habig"" site:linkedin.com/in",ddgs
5729928,https://www.linkedin.com/in/chadrudy,"""CHAD RUDY"" site:linkedin.com/in",ddgs
5729952,https://www.linkedin.com/in/ramsey-erik-soussi-870742125,"""RAMSEY ERIK-SOUSSI"" site:linkedin.com/in",ddgs
5729960,https://uk.linkedin.com/in/steve-jefferys-a1905317,"""STEVE JEFFERYS"" site:linkedin.com/in",ddgs
5729974,https://www.linkedin.com/in/michaeljkelley1,"""MICHAEL KELLEY"" site:linkedin.com/in",ddgs
5729983,https://www.linkedin.com/in/ryan-kane-4aa92233,"""RYAN KANE"" ""MML INVESTORS SERVICES, LLC"" site:linkedin.com/in",ddgs
5730010,https://de.linkedin.com/in/michael-jana-2077b1105,"""MICHAEL JANA"" site:linkedin.com/in",ddgs
5730013,https://www.linkedin.com/in/gary-jones-b97678,"""GARY JONES"" site:linkedin.com/in",ddgs
5730014,https://www.linkedin.com/in/bennett-barrow-cfp®-9602b49,"""BENNETT BARROW"" site:linkedin.com/in",ddgs
5730020,https://www.linkedin.com/in/julia-andrews,"""JULIA ANDREWS"" site:linkedin.com/in",ddgs
5730021,https://www.linkedin.com/in/jesse-m-molina,"""JESSE MOLINA"" site:linkedin.com/in",ddgs
5730023,https://www.linkedin.com/in/newman-edtech,"""WILLIAM NEWMAN"" site:linkedin.com/in",ddgs
5730024,https://www.linkedin.com/in/tamara-powers-4a6462123,"""TAMARA POWERS"" site:linkedin.com/in",ddgs
5730025,https://www.linkedin.com/in/brent-engelhardt-99972a8,"""BRENT ENGELHARDT"" site:linkedin.com/in",ddgs
5730026,https://www.linkedin.com/in/davidterryonline,"""DAVID TERRY"" site:linkedin.com/in",ddgs
5730028,https://www.linkedin.com/in/toddthurman,"""TODD THURMAN"" site:linkedin.com/in",ddgs
5730036,https://www.linkedin.com/in/gabrielaemolina,"""GABRIELA MOLINA"" site:linkedin.com/in",ddgs
5730039,https://www.linkedin.com/in/joseph-cuff-70858315,"""JOSEPH CUFF"" site:linkedin.com/in",ddgs
5730048,https://www.linkedin.com/in/dmilanes,"""DOUGLAS MILANES"" ""WILLIAM BLAIR"" site:linkedin.com/in",ddgs
5730052,https://www.linkedin.com/in/davvid-welch-b8b778160,"""DEBORAH DIVITO WELCH"" ""CITI PRIVATE ALTERNATIVES, LLC"" site:linkedin.com/in",ddgs
5730057,https://www.linkedin.com/in/gilbertkeller,"""GILBERT KELLER"" site:linkedin.com/in",ddgs
5730066,https://www.linkedin.com/in/marckopelman,"""MARC KOPELMAN"" ""RAYMOND JAMES & ASSOCIATES, INC."" site:linkedin.com/in",ddgs
5730068,https://www.linkedin.com/in/tony-tolene-70a431204,"""TONY TOLENE"" ""INFINITY FINANCIAL SERVICES"" site:linkedin.com/in",ddgs
5730091,https://www.linkedin.com/in/dustinrgrant,"""Dustin Grant"" site:linkedin.com/in",ddgs
5730104,https://www.linkedin.com/in/jessica-ruesch-75836139,"""JESSICA RAUSCH"" ""RAYMOND JAMES FINANCIAL SERVICES, INC."" site:linkedin.com/in",ddgs
5730105,https://www.linkedin.com/in/davidjsieben,"""DAVID SIEBEN"" site:linkedin.com/in",ddgs
5730112,https://www.linkedin.com/in/amandadroark,"""Amanda Roark"" site:linkedin.com/in",ddgs
5730117,https://www.linkedin.com/in/noelgerena,"""NOEL GERENA"" site:linkedin.com/in",ddgs
5730119,https://www.linkedin.com/in/lauri-cox-4074275,"""LAURI COX"" site:linkedin.com/in",ddgs
5730148,https://www.linkedin.com/in/kathleen-barnett-a34a7024,"""Kathleen Barnett"" ""EDWARD JONES"" site:linkedin.com/in",ddgs
5730153,https://www.linkedin.com/in/robertrecker,"""ROBERT RECKER"" site:linkedin.com/in",ddgs
5730156,https://www.linkedin.com/in/derekgrant1,"""Derek Grant"" site:linkedin.com/in",ddgs
5730173,https://www.linkedin.com/in/nicholas-geeza-b77886306,"""Nicholas Geeza"" site:linkedin.com/in",ddgs
5730182,https://www.linkedin.com/in/geremy-hoover-cfp®-clu®-b792678a,"""GEREMY HOOVER"" ""JANNEY MONTGOMERY SCOTT LLC"" site:linkedin.com/in",ddgs
5730187,https://www.linkedin.com/in/william-slater-73488023a,"""WILLIAM SLATER"" site:linkedin.com/in",ddgs
5730219,https://www.linkedin.com/in/brian-r-vogel,"""BRIAN VOGEL"" site:linkedin.com/in",ddgs
5730230,https://www.linkedin.com/in/elaineschmidtpr,"""ELAINE SCHMIDT"" site:linkedin.com/in",ddgs
5730231,https://www.linkedin.com/in/suparnatirukonda,"SUPARNA TIRUKONDA OSAIC WEALTH, INC. linkedin",ddgs
5730236,https://www.linkedin.com/in/timothy-urbanowicz-7a4ba9232,"""TIMOTHY URBANOWICZ"" site:linkedin.com/in",ddgs
5730243,https://in.linkedin.com/in/gopalnaveen,"""NAVEEN GOPAL"" site:linkedin.com/in",ddgs
5730246,https://www.linkedin.com/in/keith-sorgius-a6aa8818,"""KEITH SORGIUS"" site:linkedin.com/in",ddgs
5730251,https://uk.linkedin.com/in/melanie-bell-aa3a8085,"""MELANIE BELL"" site:linkedin.com/in",ddgs
5730262,https://www.linkedin.com/in/matthewmosley,"""MATTHEW MOSLEY"" site:linkedin.com/in",ddgs
5730267,https://www.linkedin.com/in/sean-bailey-8216142,"""SEAN BAILEY"" site:linkedin.com/in",ddgs
5730275,https://www.linkedin.com/in/josephpbrady,"""JOSEPH BRADY"" site:linkedin.com/in",ddgs
5730278,https://www.linkedin.com/in/jennesevilla,"""JENNE SEVILLA"" site:linkedin.com/in",ddgs
5730279,https://ph.linkedin.com/in/reynaldo-villamor-47ba55271,"""REYNALDO VILLAMOR"" site:linkedin.com/in",ddgs
57303,https://www.linkedin.com/in/john-crockett-3125251b7,"""JOHN CROCKETT"" site:linkedin.com/in",ddgs
5730300,https://www.linkedin.com/in/rosspolakoff,"""ROSS POLAKOFF"" site:linkedin.com/in",ddgs
5730308,https://www.linkedin.com/in/travisbwright,"""KENT TRAVIS"" ""LPL FINANCIAL LLC"" site:linkedin.com/in",ddgs
5730317,https://www.linkedin.com/in/michael-riley-05379a7,"""Michael Riley"" site:linkedin.com/in",ddgs
5730334,https://www.linkedin.com/in/brandye-neal-91a0bb349,"""Brandye Neal"" site:linkedin.com/in",ddgs
5730342,https://www.linkedin.com/in/ryan-hussey-97419a129,"""RYAN HUSSEY"" ""LPL FINANCIAL LLC"" site:linkedin.com/in",ddgs
5730353,https://www.linkedin.com/in/alan-shapiro-cfp®-80a0391,"""Alan Shapiro"" site:linkedin.com/in",ddgs
5730355,https://www.linkedin.com/in/michelle-klym-59bb8624,"""MICHAEL KLYM"" ""GOLDMAN SACHS & CO. LLC"" site:linkedin.com/in",ddgs
5730356,https://www.linkedin.com/in/simon-skrelja-2b914085,"""SIMON SKRELJA"" site:linkedin.com/in",ddgs
5730367,https://www.linkedin.com/in/geoffrey-tully,"""Geoffrey Tully"" site:linkedin.com/in",ddgs
5730386,https://www.linkedin.com/in/mark-jacobs-avilaar,"""Mark Jacobs"" site:linkedin.com/in",ddgs
5730412,https://www.linkedin.com/in/erika-lai-900708267,"""WING LUN LAI"" ""CETERA INVESTMENT SERVICES LLC"" site:linkedin.com/in",ddgs
5730415,,"SHERRI O'HERN AMERIPRISE FINANCIAL SERVICES, LLC linkedin",
5730417,https://www.linkedin.com/in/jordan-brodsky,"""Jordan Brodsky"" site:linkedin.com/in",ddgs
5730427,https://nz.linkedin.com/in/cfrensko,"""Caroline Frensko"" site:linkedin.com/in",ddgs
5730432,https://www.linkedin.com/in/natasha-herrera-a6b702162,"""NATASHA HERRERA"" site:linkedin.com/in",ddgs
5730434,https://ca.linkedin.com/in/robyn-doritty,"""ROBYN DORITTY"" site:linkedin.com/in",ddgs
5730445,https://www.linkedin.com/in/andrewbook,"""ANDREW BOOK"" site:linkedin.com/in",ddgs
5730451,https://www.linkedin.com/in/dawna-westberg-welch-48639212,"""DAWNA WESTBERG-WELCH"" site:linkedin.com/in",ddgs
5730452,https://www.linkedin.com/in/elijah-muhammad-58268969,"""Elijah Muhammad"" site:linkedin.com/in",ddgs
5730454,https://www.linkedin.com/in/brian-darcy-8137b68,"""Brian Darcy"" ""LPL FINANCIAL LLC"" site:linkedin.com/in",ddgs
5730466,https://www.linkedin.com/in/joe-millard-59b894119,"""JOSEPH MILLARD"" ""FIDELITY BROKERAGE SERVICES LLC"" site:linkedin.com/in",ddgs
5730469,https://www.linkedin.com/in/thomas-di-nunzio-710686203,"""THOMAS DI NUNZIO"" site:linkedin.com/in",ddgs
5730478,https://www.linkedin.com/in/stevenlease,"""STEVEN LEASE"" ""MORGAN STANLEY"" site:linkedin.com/in",ddgs
5730480,https://www.linkedin.com/in/allyson-vaughn-04577415a,"""ALLYSON VAUGHN"" site:linkedin.com/in",ddgs
5730495,https://www.linkedin.com/in/anna-sergunina-cfp®-5654a07,"""ANNA SERGUNINA"" site:linkedin.com/in",ddgs
5730497,https://www.linkedin.com/in/david-semonian-495216112,"""David Semonian"" site:linkedin.com/in",ddgs
5730507,https://www.linkedin.com/in/benjamin-neville-94766a54,"""BENJAMIN NEVILLE"" ""LPL FINANCIAL LLC"" site:linkedin.com/in",ddgs
5730511,https://www.linkedin.com/in/nikhilashah,"""NIKHIL SHAH"" site:linkedin.com/in",ddgs
5730517,https://www.linkedin.com/in/megan-baker-90161a50,"""MEGAN BAKER"" ""FIRST TRUST PORTFOLIOS L.P."" site:linkedin.com/in",ddgs
5730550,https://www.linkedin.com/in/tina-witt,"""TINA WITT"" site:linkedin.com/in",ddgs
5730588,https://www.linkedin.com/in/eileen-forde-280b0930,"""EILEEN FORDE"" site:linkedin.com/in",ddgs
5730598,https://www.linkedin.com/in/tanner-maxwell,"""TANNER MAXWELL"" site:linkedin.com/in",ddgs
5730603,https://www.linkedin.com/in/naoya-nakamura-38b2251a3,"""NAOYA NAKAMURA"" site:linkedin.com/in",ddgs
5730606,https://www.linkedin.com/in/ted-newhouse-99574a50,"""TED NEWHOUSE"" site:linkedin.com/in",ddgs
5730625,https://www.linkedin.com/in/amanda-cummings-58ab1a65,"""AMANDA CUMMINGS"" site:linkedin.com/in",ddgs
5730626,https://www.linkedin.com/in/sharon-taylor-18ab24228,"""Sharon Taylor"" site:linkedin.com/in",ddgs
5730637,https://www.linkedin.com/in/joshua-timmerman-a0482a1b9,"""Joshua Timmerman"" site:linkedin.com/in",ddgs
5730641,https://www.linkedin.com/in/jason-r-perez-68602397,"""Jason Perez"" ""J.P. MORGAN SECURITIES LLC"" site:linkedin.com/in",ddgs
5730678,https://www.linkedin.com/in/yoomeeko,"""YOOMEE KO"" site:linkedin.com/in",ddgs
5730683,https://www.linkedin.com/in/sarah-shizas-74a55939,"""SARAH SHIZAS"" site:linkedin.com/in",ddgs
5730688,,NEIL-BRIAN SAMEN  linkedin,
5730692,https://www.linkedin.com/in/raymond-guerrero,"""RAYMOND GUERRERO"" site:linkedin.com/in",ddgs
5730698,https://www.linkedin.com/in/anthony-meadows-669716202,"""Thomas Meadows"" ""RAYMOND JAMES FINANCIAL SERVICES, INC."" site:linkedin.com/in",ddgs
5730725,https://www.linkedin.com/in/seanmcalister01,"""SEAN MCALISTER"" ""TIAA-CREF INDIVIDUAL & INSTITUTIONAL SERVICES, LLC"" site:linkedin.com/in",ddgs
5730727,https://www.linkedin.com/in/cody-lee-a4a227160,"""CODY LEE"" site:linkedin.com/in",ddgs
5730740,https://www.linkedin.com/in/troy-frazier-7268775,"""TROY FRAZIER"" site:linkedin.com/in",ddgs
5730752,https://www.linkedin.com/in/jibril-m-sembene-2761b9198,JIBRIL SEMBENE  linkedin,ddgs
5730763,https://www.linkedin.com/in/moses-torres-54449489,"""MOSES TORRES"" site:linkedin.com/in",ddgs
5730779,https://www.linkedin.com/in/sara-braun-a0b766192,"""Sara Braun"" ""HORNOR, TOWNSEND & KENT, LLC"" site:linkedin.com/in",ddgs
5730785,https://www.linkedin.com/in/vijaykumar101,"""Vijay Kumar"" site:linkedin.com/in",ddgs
5730791,https://www.linkedin.com/in/anthony-best-00415118,"""ANTHONY BEST"" site:linkedin.com/in",ddgs
5730793,https://www.linkedin.com/in/adam-bublitz-327b051b3,"""Adam Bublitz"" ""J.P. MORGAN SECURITIES LLC"" site:linkedin.com/in",ddgs
5730797,https://www.linkedin.com/in/thomas-slowinski-3194097b,"""Thomas Slowinski"" site:linkedin.com/in",ddgs
5730812,https://www.linkedin.com/in/john-ty-grubbs-a4355a259,"""TY GRUBBS"" site:linkedin.com/in",ddgs
5730818,https://www.linkedin.com/in/sohni-khajuria-68795916a,"""SOHNI KHAJURIA"" site:linkedin.com/in",ddgs
5730819,https://www.linkedin.com/in/ecavalcanti,"""ELISA CHAN"" ""CAMBRIDGE INVESTMENT RESEARCH, INC."" site:linkedin.com/in",ddgs
5730826,https://www.linkedin.com/in/david-neuzil-1b223113,"""DAVID NEUZIL"" site:linkedin.com/in",ddgs
5730827,https://www.linkedin.com/in/fr-rob-clements-10145129,"""Robert Clements"" ""MERRILL LYNCH, PIERCE, FENNER & SMITH INCORPORATED"" site:linkedin.com/in",ddgs
5730828,https://www.linkedin.com/in/lisa-booe-25767485,"""Lisa Booe"" site:linkedin.com/in",ddgs
5730856,https://www.linkedin.com/in/lindsey-derby-859b87163,"""LINDSEY DERBY"" ""CAMBRIDGE INVESTMENT RESEARCH, INC."" site:linkedin.com/in",ddgs
5730861,https://www.linkedin.com/in/matthewbgraham,"""Matthew Graham"" site:linkedin.com/in",ddgs
5730862,https://ca.linkedin.com/in/jason-bohnet-7021b915a,"""JASON BOHNET"" site:linkedin.com/in",ddgs
5730891,https://www.linkedin.com/in/derektamez,"""DEREK TAMEZ"" site:linkedin.com/in",ddgs
5730902,https://www.linkedin.com/in/adrian-little-959a955,"""Adrian Little"" site:linkedin.com/in",ddgs
5730913,https://www.linkedin.com/in/lenny-portes-4513b2235,"""LENNY PORTES"" site:linkedin.com/in",ddgs
5730925,https://www.linkedin.com/in/meghan-johnson86,MEGHAN KUMPF FIDELITY BROKERAGE SERVICES LLC linkedin,ddgs
5730927,https://www.linkedin.com/in/stephen-robinson-366a2786,"""STEPHEN ROBINSON"" site:linkedin.com/in",ddgs
5730929,https://www.linkedin.com/in/mery-rada-abb6b4350,"""MERY RADA"" ""MORGAN STANLEY"" site:linkedin.com/in",ddgs
5730932,https://www.linkedin.com/in/agustin-sicouly-94b97233,"""AGUSTIN SICOULY"" site:linkedin.com/in",ddgs
5730935,https://www.linkedin.com/in/john-chance-oilfieldguys,"""JOHN CHANCE"" site:linkedin.com/in",ddgs
5730949,https://www.linkedin.com/in/michaelkelly62009,"""Michael Kelly"" site:linkedin.com/in",ddgs
5730968,https://www.linkedin.com/in/jeremy-frank-9aabb218,"""Jeremy Frank"" ""J.P. MORGAN SECURITIES LLC"" site:linkedin.com/in",ddgs
5730973,https://www.linkedin.com/in/jason-denton,"""JASON DENTON"" site:linkedin.com/in",ddgs
5730978,,TAMARA KOPIK J.P. MORGAN SECURITIES LLC linkedin,
5731001,https://www.linkedin.com/in/amin-hernandez-garcia-26b11322b,"""AMIN HERNANDEZ"" site:linkedin.com/in",ddgs
5731009,https://ca.linkedin.com/in/michael-verrelli-56b46749,"""MICHAEL VERRELLI"" site:linkedin.com/in",ddgs
5731035,https://www.linkedin.com/in/david-kaiman-9195a014,"""David Kaiman"" site:linkedin.com/in",ddgs
5731040,https://www.linkedin.com/in/megan-kantor-51129881,"""MEGHAN KANTOR"" site:linkedin.com/in",ddgs
5731043,https://www.linkedin.com/in/dannypiper,"""Danny Piper"" site:linkedin.com/in",ddgs
5731078,https://www.linkedin.com/in/ryandolar,"""Ryan Dolar"" ""MERRILL LYNCH, PIERCE, FENNER & SMITH INCORPORATED"" site:linkedin.com/in",ddgs
5731082,https://www.linkedin.com/in/jeffreybeyer,"""Jeffrey Beyer"" site:linkedin.com/in",ddgs
5731089,https://au.linkedin.com/in/gregory-feldmann-datascience,"""GREGORY FELDMANN"" site:linkedin.com/in",ddgs
5731096,https://www.linkedin.com/in/carriehallfinancialadviser,"""LAUREN HALL"" ""RAYMOND JAMES & ASSOCIATES, INC."" site:linkedin.com/in",ddgs
5731102,https://www.linkedin.com/in/eric-keener-5b253711,"""ERIC KEENER"" site:linkedin.com/in",ddgs
5731106,https://www.linkedin.com/in/mark-nored-099551164,"""MARK NORED"" site:linkedin.com/in",ddgs
5731116,https://www.linkedin.com/in/cfrayne1,"""CHRISTOPHER FRAYNE"" site:linkedin.com/in",ddgs
5731118,https://www.linkedin.com/in/avanee-patel-3667201,"""Avanee Patel"" site:linkedin.com/in",ddgs
5731123,https://it.linkedin.com/in/salvatore-antoci-as,"""SALVATORE ANTOCI"" site:linkedin.com/in",ddgs
5731124,https://www.linkedin.com/in/jaci-merrell-7179362b7,"""JAMI MERRELL"" ""SIGNATURE ESTATE SECURITIES, LLC"" site:linkedin.com/in",ddgs
5731125,https://www.linkedin.com/in/usha-akella-7856315a,"""USHA AKELLA"" site:linkedin.com/in",ddgs
5731129,https://www.linkedin.com/in/coachkyledraper,"""KYLE DRAPER"" site:linkedin.com/in",ddgs
5731138,https://www.linkedin.com/in/brian-pierce-119b904a,"""BRIAN PIERCE"" site:linkedin.com/in",ddgs
5731142,https://www.linkedin.com/in/luke-king-722335210,"""LUKE KING"" site:linkedin.com/in",ddgs
5731146,https://www.linkedin.com/in/matthew-rees-1325063,"""MATTHEW REES"" site:linkedin.com/in",ddgs
5731157,https://www.linkedin.com/in/derekvinge,"""Derek Vinge"" ""EDWARD JONES"" site:linkedin.com/in",ddgs
5731172,https://ca.linkedin.com/in/salmarra,"""SALVATORE MARRA"" site:linkedin.com/in",ddgs
5731177,https://www.linkedin.com/in/jaspergallo,"""JASPER GALLO"" site:linkedin.com/in",ddgs
5731182,https://www.linkedin.com/in/dwaine-baasch-43a200189,"""DWAINE BAASCH"" site:linkedin.com/in",ddgs
57312,,WATKINS CROCKETT  linkedin,
5731201,https://nl.linkedin.com/in/jessica-roks-0383aaa2,"""JESSICA ROKS"" site:linkedin.com/in",ddgs
5731205,https://www.linkedin.com/in/thomas-a-mcgrath,"""Thomas McGrath"" site:linkedin.com/in",ddgs
5731218,https://www.linkedin.com/in/edona-kraja-47a480281,"""OGERT KRAJA"" ""CHARLES SCHWAB & CO., INC."" site:linkedin.com/in",ddgs
5731222,https://www.linkedin.com/in/kayla-derr-513226217,"""KAYLA DERR"" site:linkedin.com/in",ddgs
5731228,https://www.linkedin.com/in/matthew-vasquez-00120b13,"""Matthew Vasquez"" ""BETTERMENT SECURITIES"" site:linkedin.com/in",ddgs
5731252,https://www.linkedin.com/in/peter-warren-493b3a22,"""PETER WARREN"" site:linkedin.com/in",ddgs
5731254,https://www.linkedin.com/in/rachelcoronel,"""Rachel Coronel"" ""MERRILL LYNCH, PIERCE, FENNER & SMITH INCORPORATED"" site:linkedin.com/in",ddgs
5731269,https://www.linkedin.com/in/alexanderbebis,"""Alexander Bebis"" site:linkedin.com/in",ddgs
5731280,https://www.linkedin.com/in/katharinelohr,"""RAJAN KOTHARI"" ""JEFFERIES LLC"" site:linkedin.com/in",ddgs
5731282,https://www.linkedin.com/in/rebecca-wall,"""REBECCA WALL"" ""NATIONWIDE INVESTMENT SERVICES CORPORATION"" site:linkedin.com/in",ddgs
5731291,https://www.linkedin.com/in/norma-alvarez-80296a53,"""Norma Alvarez"" site:linkedin.com/in",ddgs
5731296,https://www.linkedin.com/in/stephanie-duvall-pennylane,"""STEPHANIE DUVALL"" site:linkedin.com/in",ddgs
5731299,https://www.linkedin.com/in/lydasanabria,"""Lyda Sanabria"" site:linkedin.com/in",ddgs
5731306,https://www.linkedin.com/in/robshinar,"""Robert Shinar"" ""AMERIPRISE FINANCIAL SERVICES, LLC"" site:linkedin.com/in",ddgs
5731324,https://www.linkedin.com/in/adam-grell-ab403688,"""ADAM GRELL"" site:linkedin.com/in",ddgs
5731334,,ADRIANA ILLICK  linkedin,
5731337,https://www.linkedin.com/in/evanchu513,"""EVAN CHU"" ""FIFTH THIRD SECURITIES, INC."" site:linkedin.com/in",ddgs
5731357,https://www.linkedin.com/in/carina-hong,"""CAROLINA HONG"" ""EQUITABLE ADVISORS, LLC"" site:linkedin.com/in",ddgs
5731368,https://www.linkedin.com/in/caseyhall,"""Casey Hall"" site:linkedin.com/in",ddgs
5731376,https://www.linkedin.com/in/erik-pridham-519b66128,"""ERIK PRIDHAM"" site:linkedin.com/in",ddgs
5731388,https://www.linkedin.com/in/richard-ramos-067ba018,"""RICHARD RAMOS"" site:linkedin.com/in",ddgs
5731391,https://www.linkedin.com/in/williamdwarner,"""WILLIAM WARNER"" site:linkedin.com/in",ddgs
5731405,https://www.linkedin.com/in/john-coulombe-a1588b123,"""JOHN COULOMBE"" ""LPL FINANCIAL LLC"" site:linkedin.com/in",ddgs
5731431,https://www.linkedin.com/in/cpedranobre,"""CHRISTIANO PEDRA NOBRE"" ""MACQUARIE CAPITAL (USA) INC."" site:linkedin.com/in",ddgs
5731447,,"ROWLAND BANKES LOOMIS SAYLES DISTRIBUTORS, L.P. linkedin",
5731450,https://www.linkedin.com/in/kelvinduckett,"""KELVIN DUCKETT"" site:linkedin.com/in",ddgs
5731456,https://www.linkedin.com/in/talita-jefferson-66a23386,"""JEFFERSON SEVERS"" site:linkedin.com/in",ddgs
5731457,https://www.linkedin.com/in/rtpeters,"""RYAN PETERS"" ""LPL FINANCIAL LLC"" site:linkedin.com/in",ddgs
5731478,https://www.linkedin.com/in/lisa-smith-1548b11b,"""LISA SMITH"" site:linkedin.com/in",ddgs
5731480,https://www.linkedin.com/in/tramaine-perry-aa7652103,"""TRAMAINE PERRY"" site:linkedin.com/in",ddgs
5731481,https://www.linkedin.com/in/timothy-newman,"""TIMOTHY NEWMAN"" ""WELLS FARGO CLEARING SERVICES, LLC"" site:linkedin.com/in",ddgs
5731485,https://www.linkedin.com/in/kevin-c-craney,"""KEVIN CRANEY"" ""BLACKROCK INVESTMENTS, LLC"" site:linkedin.com/in",ddgs
5731487,https://www.linkedin.com/in/colestclair,"""SHANE COLE"" ""FIDELITY BROKERAGE SERVICES LLC"" site:linkedin.com/in",ddgs
5731492,https://www.linkedin.com/in/sofiashah,"""SOFIA SHAH"" site:linkedin.com/in",ddgs
5731493,https://www.linkedin.com/in/lindsey-cabrera,"""Lindsey Cabrera"" site:linkedin.com/in",ddgs
5731494,https://www.linkedin.com/in/heather-fox,"""Heather Fox"" site:linkedin.com/in",ddgs
5731495,https://www.linkedin.com/in/stevenmintz1,"""STEVEN MINTZ"" site:linkedin.com/in",ddgs
5731509,https://www.linkedin.com/in/david-dennis-7957402ba,"""DAVID DENNIS"" site:linkedin.com/in",ddgs
5731521,https://www.linkedin.com/in/david-guillebeau-2a1322124,"""DAVID GUILLEBEAU"" site:linkedin.com/in",ddgs
5731525,https://www.linkedin.com/in/david-menter-03166236,"""DAVID MENTER"" site:linkedin.com/in",ddgs
5731553,https://www.linkedin.com/in/daniel-brungard-206b99272,"""DANIEL BRUNGARD"" site:linkedin.com/in",ddgs
5731593,https://www.linkedin.com/in/iamalexfoster,"""ALEX FOSTER"" site:linkedin.com/in",ddgs
5731597,https://www.linkedin.com/in/jacobloosle,"""JACOB LOOSLE"" site:linkedin.com/in",ddgs
5731609,https://www.linkedin.com/in/daniel-fordit,"""DANIEL FORD"" site:linkedin.com/in",ddgs
5731623,https://www.linkedin.com/in/jasonridings,"""JASON RIDINGS"" ""MORGAN STANLEY"" site:linkedin.com/in",ddgs
5731631,https://www.linkedin.com/in/jamie-fenwick-56344727,"""JAMIE FENWICK"" site:linkedin.com/in",ddgs
5731633,https://www.linkedin.com/in/stacy-bortle-4b0264154,"""STACY BORTLE"" site:linkedin.com/in",ddgs
5731638,https://www.linkedin.com/in/guyan-long-b7620766,"""GUYAN LONG"" ""WELLS FARGO CLEARING SERVICES, LLC"" site:linkedin.com/in",ddgs
5731641,https://www.linkedin.com/in/brian-frechette-09266b32,"""BRIAN FRECHETTE"" site:linkedin.com/in",ddgs
5731646,https://www.linkedin.com/in/rupalshah,"""RUPAL SHAH"" site:linkedin.com/in",ddgs
5731664,,"Heather Ziron RBC CAPITAL MARKETS, LLC linkedin",
5731665,https://uk.linkedin.com/in/1thomasmurray,"""THOMAS MURRAY"" site:linkedin.com/in",ddgs
5731666,https://www.linkedin.com/in/ian-wenger-7700b46,"""IAN WENGER"" site:linkedin.com/in",ddgs
5731672,https://www.linkedin.com/in/keri-plost-b1b88613,"""KERI PLOST"" site:linkedin.com/in",ddgs
5731679,https://www.linkedin.com/in/michaelfrascella,"""MICHAEL FRASCELLA"" site:linkedin.com/in",ddgs
5731680,https://www.linkedin.com/in/christian-hakim-cfa-94287b58,"""CHRISTIAN HAKIM"" site:linkedin.com/in",ddgs
5731688,,JEANINE WAI  linkedin,
5731691,https://www.linkedin.com/in/alishaelliottma,"""ALISHA ELLIOTT"" site:linkedin.com/in",ddgs
5731714,https://www.linkedin.com/in/benjamin-wilson-833b0564,"""BENJAMIN WILSON"" site:linkedin.com/in",ddgs
5731748,https://www.linkedin.com/in/robertsudden,"""ROBERT SUDDEN"" site:linkedin.com/in",ddgs
5731771,https://www.linkedin.com/in/sudipto-de-phd-cfa-45403214,"""Sudipto De"" site:linkedin.com/in",ddgs
5731774,https://www.linkedin.com/in/william-shelton-84b636155,"""BRIAN SHELTON"" ""STATE FARM VP MANAGEMENT CORP."" site:linkedin.com/in",ddgs
5731787,https://www.linkedin.com/in/robertshaw0126,"""WILLIAM SHAW"" ""ADP BROKER-DEALER, INC."" site:linkedin.com/in",ddgs
5731788,https://www.linkedin.com/in/john-meek-0543741a,"""JOHN MEEK"" site:linkedin.com/in",ddgs
5731795,https://www.linkedin.com/in/ryan-henshaw-63249884,"""RYAN HENSHAW"" site:linkedin.com/in",ddgs
5731796,https://www.linkedin.com/in/josephlmendez,"""JOSEPH MENDEZ"" ""NATIONAL FINANCIAL SERVICES LLC"" site:linkedin.com/in",ddgs
5731798,https://www.linkedin.com/in/dilloncobb,"""DILLON COBB"" site:linkedin.com/in",ddgs
5731804,,LOTHAR RUEHLING  linkedin,
5731810,https://www.linkedin.com/in/sarah-ingham-7a2332195,"""SARAH INGHAM"" site:linkedin.com/in",ddgs
5731821,https://ch.linkedin.com/in/linda-bigger-00775635,"""Linda Bigger"" site:linkedin.com/in",ddgs
5731824,https://www.linkedin.com/in/enrique-torres-5415001a,"""ENRIQUE TORRES"" site:linkedin.com/in",ddgs
5731836,https://www.linkedin.com/in/lance-topol-922a2077,"""LANCE TOPOL"" site:linkedin.com/in",ddgs
5731841,https://www.linkedin.com/in/corey-kosch,"""COREY KOSCH"" site:linkedin.com/in",ddgs
5731842,https://www.linkedin.com/in/jasontheisen,"""JASON THEISEN"" ""CETERA INVESTMENT SERVICES LLC"" site:linkedin.com/in",ddgs
